"USUBJID","REFERENCE","DRUG","EVID","ATPTN","AVAL","AVALU","DOSE","DOSEU","ROUTE","BLQ"
"1","Drweesh_2026_adalimumab","adalimumab","1","0",".","mg/L","12.7","mg","2","."
"1","Drweesh_2026_adalimumab","adalimumab","0","0","0","mg/L","12.7","mg","2","0"
"1","Drweesh_2026_adalimumab","adalimumab","0","4","0.061883","mg/L","12.7","mg","2","0"
"1","Drweesh_2026_adalimumab","adalimumab","0","24","0.161346","mg/L","12.7","mg","2","0"
"1","Drweesh_2026_adalimumab","adalimumab","0","72","0.908785","mg/L","12.7","mg","2","0"
"1","Drweesh_2026_adalimumab","adalimumab","0","168","1.119312","mg/L","12.7","mg","2","0"
"1","Drweesh_2026_adalimumab","adalimumab","0","336","0.039604","mg/L","12.7","mg","2","0"
"1","Drweesh_2026_adalimumab","adalimumab","0","504","0.682979","mg/L","12.7","mg","2","0"
"1","Drweesh_2026_adalimumab","adalimumab","0","672","0","mg/L","12.7","mg","2","1"
"1","Drweesh_2026_adalimumab","adalimumab","0","840","0.952095","mg/L","12.7","mg","2","0"
"1","Drweesh_2026_adalimumab","adalimumab","0","1008","0.905933","mg/L","12.7","mg","2","0"
"1","Drweesh_2026_adalimumab","adalimumab","0","1176","0.510497","mg/L","12.7","mg","2","0"
"1","Drweesh_2026_adalimumab","adalimumab","0","1495","0.036025","mg/L","12.7","mg","2","0"
"2","Drweesh_2026_adalimumab","adalimumab","1","0",".","mg/L","12.7","mg","2","."
"2","Drweesh_2026_adalimumab","adalimumab","0","0","0","mg/L","12.7","mg","2","0"
"2","Drweesh_2026_adalimumab","adalimumab","0","4","0.039323","mg/L","12.7","mg","2","0"
"2","Drweesh_2026_adalimumab","adalimumab","0","24","0.076854","mg/L","12.7","mg","2","0"
"2","Drweesh_2026_adalimumab","adalimumab","0","72","0.532414","mg/L","12.7","mg","2","0"
"2","Drweesh_2026_adalimumab","adalimumab","0","168","0.511435","mg/L","12.7","mg","2","0"
"2","Drweesh_2026_adalimumab","adalimumab","0","336","0.383995","mg/L","12.7","mg","2","0"
"2","Drweesh_2026_adalimumab","adalimumab","0","504","0.569883","mg/L","12.7","mg","2","0"
"2","Drweesh_2026_adalimumab","adalimumab","0","672","0.585228","mg/L","12.7","mg","2","0"
"2","Drweesh_2026_adalimumab","adalimumab","0","840","0.148725","mg/L","12.7","mg","2","0"
"2","Drweesh_2026_adalimumab","adalimumab","0","1008","0.576738","mg/L","12.7","mg","2","0"
"2","Drweesh_2026_adalimumab","adalimumab","0","1176","0.12371","mg/L","12.7","mg","2","0"
"2","Drweesh_2026_adalimumab","adalimumab","0","1495","0.250075","mg/L","12.7","mg","2","0"
"3","Drweesh_2026_adalimumab","adalimumab","1","0",".","mg/L","12.7","mg","2","."
"3","Drweesh_2026_adalimumab","adalimumab","0","0","0","mg/L","12.7","mg","2","0"
"3","Drweesh_2026_adalimumab","adalimumab","0","4","0.16658","mg/L","12.7","mg","2","0"
"3","Drweesh_2026_adalimumab","adalimumab","0","24","1.008115","mg/L","12.7","mg","2","0"
"3","Drweesh_2026_adalimumab","adalimumab","0","72","1.956777","mg/L","12.7","mg","2","0"
"3","Drweesh_2026_adalimumab","adalimumab","0","168","0.909258","mg/L","12.7","mg","2","0"
"3","Drweesh_2026_adalimumab","adalimumab","0","336","0.956587","mg/L","12.7","mg","2","0"
"3","Drweesh_2026_adalimumab","adalimumab","0","504","0.124649","mg/L","12.7","mg","2","0"
"3","Drweesh_2026_adalimumab","adalimumab","0","672","0.161729","mg/L","12.7","mg","2","0"
"3","Drweesh_2026_adalimumab","adalimumab","0","840","0.020063","mg/L","12.7","mg","2","0"
"3","Drweesh_2026_adalimumab","adalimumab","0","1008","0.010699","mg/L","12.7","mg","2","0"
"3","Drweesh_2026_adalimumab","adalimumab","0","1176","0.007375","mg/L","12.7","mg","2","0"
"3","Drweesh_2026_adalimumab","adalimumab","0","1495","0.001024","mg/L","12.7","mg","2","0"
"4","Drweesh_2026_adalimumab","adalimumab","1","0",".","mg/L","12.7","mg","2","."
"4","Drweesh_2026_adalimumab","adalimumab","0","0","0","mg/L","12.7","mg","2","0"
"4","Drweesh_2026_adalimumab","adalimumab","0","4","0.136849","mg/L","12.7","mg","2","0"
"4","Drweesh_2026_adalimumab","adalimumab","0","24","1.152912","mg/L","12.7","mg","2","0"
"4","Drweesh_2026_adalimumab","adalimumab","0","72","1.669834","mg/L","12.7","mg","2","0"
"4","Drweesh_2026_adalimumab","adalimumab","0","168","0.98479","mg/L","12.7","mg","2","0"
"4","Drweesh_2026_adalimumab","adalimumab","0","336","1.461907","mg/L","12.7","mg","2","0"
"4","Drweesh_2026_adalimumab","adalimumab","0","504","0.677668","mg/L","12.7","mg","2","0"
"4","Drweesh_2026_adalimumab","adalimumab","0","672","0.271442","mg/L","12.7","mg","2","0"
"4","Drweesh_2026_adalimumab","adalimumab","0","840","0.033888","mg/L","12.7","mg","2","0"
"4","Drweesh_2026_adalimumab","adalimumab","0","1008","0.093657","mg/L","12.7","mg","2","0"
"4","Drweesh_2026_adalimumab","adalimumab","0","1176","0.02483","mg/L","12.7","mg","2","0"
"4","Drweesh_2026_adalimumab","adalimumab","0","1495","0.019494","mg/L","12.7","mg","2","0"
"5","Drweesh_2026_adalimumab","adalimumab","1","0",".","mg/L","12.7","mg","2","."
"5","Drweesh_2026_adalimumab","adalimumab","0","0","0","mg/L","12.7","mg","2","0"
"5","Drweesh_2026_adalimumab","adalimumab","0","4","0.050781","mg/L","12.7","mg","2","0"
"5","Drweesh_2026_adalimumab","adalimumab","0","24","0.257909","mg/L","12.7","mg","2","0"
"5","Drweesh_2026_adalimumab","adalimumab","0","72","0.863205","mg/L","12.7","mg","2","0"
"5","Drweesh_2026_adalimumab","adalimumab","0","168","0","mg/L","12.7","mg","2","1"
"5","Drweesh_2026_adalimumab","adalimumab","0","336","1.171611","mg/L","12.7","mg","2","0"
"5","Drweesh_2026_adalimumab","adalimumab","0","504","0.733399","mg/L","12.7","mg","2","0"
"5","Drweesh_2026_adalimumab","adalimumab","0","672","0.463687","mg/L","12.7","mg","2","0"
"5","Drweesh_2026_adalimumab","adalimumab","0","840","0.192411","mg/L","12.7","mg","2","0"
"5","Drweesh_2026_adalimumab","adalimumab","0","1008","0.07372","mg/L","12.7","mg","2","0"
"5","Drweesh_2026_adalimumab","adalimumab","0","1176","0.11584","mg/L","12.7","mg","2","0"
"5","Drweesh_2026_adalimumab","adalimumab","0","1495","0.040303","mg/L","12.7","mg","2","0"
"6","Drweesh_2026_adalimumab","adalimumab","1","0",".","mg/L","12.7","mg","2","."
"6","Drweesh_2026_adalimumab","adalimumab","0","0","0","mg/L","12.7","mg","2","0"
"6","Drweesh_2026_adalimumab","adalimumab","0","4","0.091915","mg/L","12.7","mg","2","0"
"6","Drweesh_2026_adalimumab","adalimumab","0","24","0.251381","mg/L","12.7","mg","2","0"
"6","Drweesh_2026_adalimumab","adalimumab","0","72","0.508084","mg/L","12.7","mg","2","0"
"6","Drweesh_2026_adalimumab","adalimumab","0","168","0.839274","mg/L","12.7","mg","2","0"
"6","Drweesh_2026_adalimumab","adalimumab","0","336","0.77505","mg/L","12.7","mg","2","0"
"6","Drweesh_2026_adalimumab","adalimumab","0","504","0.207617","mg/L","12.7","mg","2","0"
"6","Drweesh_2026_adalimumab","adalimumab","0","672","0.438164","mg/L","12.7","mg","2","0"
"6","Drweesh_2026_adalimumab","adalimumab","0","840","0.219086","mg/L","12.7","mg","2","0"
"6","Drweesh_2026_adalimumab","adalimumab","0","1008","0.18511","mg/L","12.7","mg","2","0"
"6","Drweesh_2026_adalimumab","adalimumab","0","1176","0.181926","mg/L","12.7","mg","2","0"
"6","Drweesh_2026_adalimumab","adalimumab","0","1495","0.034059","mg/L","12.7","mg","2","0"
"7","Drweesh_2026_adalimumab","adalimumab","1","0",".","mg/L","12.7","mg","2","."
"7","Drweesh_2026_adalimumab","adalimumab","0","0","0","mg/L","12.7","mg","2","0"
"7","Drweesh_2026_adalimumab","adalimumab","0","4","0.014035","mg/L","12.7","mg","2","0"
"7","Drweesh_2026_adalimumab","adalimumab","0","24","0.018923","mg/L","12.7","mg","2","0"
"7","Drweesh_2026_adalimumab","adalimumab","0","72","0.21947","mg/L","12.7","mg","2","0"
"7","Drweesh_2026_adalimumab","adalimumab","0","168","0.528517","mg/L","12.7","mg","2","0"
"7","Drweesh_2026_adalimumab","adalimumab","0","336","0.344188","mg/L","12.7","mg","2","0"
"7","Drweesh_2026_adalimumab","adalimumab","0","504","0.431123","mg/L","12.7","mg","2","0"
"7","Drweesh_2026_adalimumab","adalimumab","0","672","0.428443","mg/L","12.7","mg","2","0"
"7","Drweesh_2026_adalimumab","adalimumab","0","840","0.646303","mg/L","12.7","mg","2","0"
"7","Drweesh_2026_adalimumab","adalimumab","0","1008","0.511322","mg/L","12.7","mg","2","0"
"7","Drweesh_2026_adalimumab","adalimumab","0","1176","0.326472","mg/L","12.7","mg","2","0"
"7","Drweesh_2026_adalimumab","adalimumab","0","1495","0.247024","mg/L","12.7","mg","2","0"
"8","Drweesh_2026_adalimumab","adalimumab","1","0",".","mg/L","12.7","mg","2","."
"8","Drweesh_2026_adalimumab","adalimumab","0","0","0","mg/L","12.7","mg","2","0"
"8","Drweesh_2026_adalimumab","adalimumab","0","4","0.064132","mg/L","12.7","mg","2","0"
"8","Drweesh_2026_adalimumab","adalimumab","0","24","0.336788","mg/L","12.7","mg","2","0"
"8","Drweesh_2026_adalimumab","adalimumab","0","72","0.176842","mg/L","12.7","mg","2","0"
"8","Drweesh_2026_adalimumab","adalimumab","0","168","0.41458","mg/L","12.7","mg","2","0"
"8","Drweesh_2026_adalimumab","adalimumab","0","336","0.842089","mg/L","12.7","mg","2","0"
"8","Drweesh_2026_adalimumab","adalimumab","0","504","0.273411","mg/L","12.7","mg","2","0"
"8","Drweesh_2026_adalimumab","adalimumab","0","672","0.189771","mg/L","12.7","mg","2","0"
"8","Drweesh_2026_adalimumab","adalimumab","0","840","0","mg/L","12.7","mg","2","1"
"8","Drweesh_2026_adalimumab","adalimumab","0","1008","0.035871","mg/L","12.7","mg","2","0"
"8","Drweesh_2026_adalimumab","adalimumab","0","1176","0.017919","mg/L","12.7","mg","2","0"
"8","Drweesh_2026_adalimumab","adalimumab","0","1495","0.00559","mg/L","12.7","mg","2","0"
"9","Drweesh_2026_adalimumab","adalimumab","1","0",".","mg/L","12.7","mg","2","."
"9","Drweesh_2026_adalimumab","adalimumab","0","0","0","mg/L","12.7","mg","2","0"
"9","Drweesh_2026_adalimumab","adalimumab","0","4","0.001733","mg/L","12.7","mg","2","0"
"9","Drweesh_2026_adalimumab","adalimumab","0","24","0.018467","mg/L","12.7","mg","2","0"
"9","Drweesh_2026_adalimumab","adalimumab","0","72","0.501057","mg/L","12.7","mg","2","0"
"9","Drweesh_2026_adalimumab","adalimumab","0","168","0.598126","mg/L","12.7","mg","2","0"
"9","Drweesh_2026_adalimumab","adalimumab","0","336","0.542799","mg/L","12.7","mg","2","0"
"9","Drweesh_2026_adalimumab","adalimumab","0","504","0.412906","mg/L","12.7","mg","2","0"
"9","Drweesh_2026_adalimumab","adalimumab","0","672","0.377024","mg/L","12.7","mg","2","0"
"9","Drweesh_2026_adalimumab","adalimumab","0","840","0.16665","mg/L","12.7","mg","2","0"
"9","Drweesh_2026_adalimumab","adalimumab","0","1008","0.05943","mg/L","12.7","mg","2","0"
"9","Drweesh_2026_adalimumab","adalimumab","0","1176","0","mg/L","12.7","mg","2","1"
"9","Drweesh_2026_adalimumab","adalimumab","0","1495","0.018597","mg/L","12.7","mg","2","0"
"10","Drweesh_2026_adalimumab","adalimumab","1","0",".","mg/L","12.7","mg","2","."
"10","Drweesh_2026_adalimumab","adalimumab","0","0","0","mg/L","12.7","mg","2","0"
"10","Drweesh_2026_adalimumab","adalimumab","0","4","0.024856","mg/L","12.7","mg","2","0"
"10","Drweesh_2026_adalimumab","adalimumab","0","24","0.196511","mg/L","12.7","mg","2","0"
"10","Drweesh_2026_adalimumab","adalimumab","0","72","0.524287","mg/L","12.7","mg","2","0"
"10","Drweesh_2026_adalimumab","adalimumab","0","168","1.735932","mg/L","12.7","mg","2","0"
"10","Drweesh_2026_adalimumab","adalimumab","0","336","0.486665","mg/L","12.7","mg","2","0"
"10","Drweesh_2026_adalimumab","adalimumab","0","504","0.934906","mg/L","12.7","mg","2","0"
"10","Drweesh_2026_adalimumab","adalimumab","0","672","1.307906","mg/L","12.7","mg","2","0"
"10","Drweesh_2026_adalimumab","adalimumab","0","840","0.840276","mg/L","12.7","mg","2","0"
"10","Drweesh_2026_adalimumab","adalimumab","0","1008","1.0204","mg/L","12.7","mg","2","0"
"10","Drweesh_2026_adalimumab","adalimumab","0","1176","0.057545","mg/L","12.7","mg","2","0"
"10","Drweesh_2026_adalimumab","adalimumab","0","1495","0.87132","mg/L","12.7","mg","2","0"
"1","Gupta_2016_amatuximab","amatuximab","1","0",".","ug/mL","400","mg","1","."
"1","Gupta_2016_amatuximab","amatuximab","0","0","102.025459","ug/mL","400","mg","1","0"
"1","Gupta_2016_amatuximab","amatuximab","0","1","73.068539","ug/mL","400","mg","1","0"
"1","Gupta_2016_amatuximab","amatuximab","0","2","140.100127","ug/mL","400","mg","1","0"
"1","Gupta_2016_amatuximab","amatuximab","0","4","99.159088","ug/mL","400","mg","1","0"
"1","Gupta_2016_amatuximab","amatuximab","0","8","75.691152","ug/mL","400","mg","1","0"
"1","Gupta_2016_amatuximab","amatuximab","0","24","61.283981","ug/mL","400","mg","1","0"
"1","Gupta_2016_amatuximab","amatuximab","0","48","119.648545","ug/mL","400","mg","1","0"
"1","Gupta_2016_amatuximab","amatuximab","0","72","33.982884","ug/mL","400","mg","1","0"
"1","Gupta_2016_amatuximab","amatuximab","0","96","38.713248","ug/mL","400","mg","1","0"
"1","Gupta_2016_amatuximab","amatuximab","0","120","29.697076","ug/mL","400","mg","1","0"
"1","Gupta_2016_amatuximab","amatuximab","0","168","27.511741","ug/mL","400","mg","1","0"
"1","Gupta_2016_amatuximab","amatuximab","0","336","2.327764","ug/mL","400","mg","1","0"
"1","Gupta_2016_amatuximab","amatuximab","0","504","0.174365","ug/mL","400","mg","1","0"
"1","Gupta_2016_amatuximab","amatuximab","0","632","0.097704","ug/mL","400","mg","1","0"
"2","Gupta_2016_amatuximab","amatuximab","1","0",".","ug/mL","400","mg","1","."
"2","Gupta_2016_amatuximab","amatuximab","0","0","143.701368","ug/mL","400","mg","1","0"
"2","Gupta_2016_amatuximab","amatuximab","0","1","84.003091","ug/mL","400","mg","1","0"
"2","Gupta_2016_amatuximab","amatuximab","0","2","69.597116","ug/mL","400","mg","1","0"
"2","Gupta_2016_amatuximab","amatuximab","0","4","134.380111","ug/mL","400","mg","1","0"
"2","Gupta_2016_amatuximab","amatuximab","0","8","84.221478","ug/mL","400","mg","1","0"
"2","Gupta_2016_amatuximab","amatuximab","0","24","7.755074","ug/mL","400","mg","1","0"
"2","Gupta_2016_amatuximab","amatuximab","0","48","45.833843","ug/mL","400","mg","1","0"
"2","Gupta_2016_amatuximab","amatuximab","0","72","65.599317","ug/mL","400","mg","1","0"
"2","Gupta_2016_amatuximab","amatuximab","0","96","31.019417","ug/mL","400","mg","1","0"
"2","Gupta_2016_amatuximab","amatuximab","0","120","26.289676","ug/mL","400","mg","1","0"
"2","Gupta_2016_amatuximab","amatuximab","0","168","14.494697","ug/mL","400","mg","1","0"
"2","Gupta_2016_amatuximab","amatuximab","0","336","2.134415","ug/mL","400","mg","1","0"
"2","Gupta_2016_amatuximab","amatuximab","0","504","0.33704","ug/mL","400","mg","1","0"
"2","Gupta_2016_amatuximab","amatuximab","0","632","0.146056","ug/mL","400","mg","1","0"
"3","Gupta_2016_amatuximab","amatuximab","1","0",".","ug/mL","400","mg","1","."
"3","Gupta_2016_amatuximab","amatuximab","0","0","170.80345","ug/mL","400","mg","1","0"
"3","Gupta_2016_amatuximab","amatuximab","0","1","57.211513","ug/mL","400","mg","1","0"
"3","Gupta_2016_amatuximab","amatuximab","0","2","94.961639","ug/mL","400","mg","1","0"
"3","Gupta_2016_amatuximab","amatuximab","0","4","72.665407","ug/mL","400","mg","1","0"
"3","Gupta_2016_amatuximab","amatuximab","0","8","141.97133","ug/mL","400","mg","1","0"
"3","Gupta_2016_amatuximab","amatuximab","0","24","78.025061","ug/mL","400","mg","1","0"
"3","Gupta_2016_amatuximab","amatuximab","0","48","0","ug/mL","400","mg","1","1"
"3","Gupta_2016_amatuximab","amatuximab","0","72","52.398398","ug/mL","400","mg","1","0"
"3","Gupta_2016_amatuximab","amatuximab","0","96","32.628235","ug/mL","400","mg","1","0"
"3","Gupta_2016_amatuximab","amatuximab","0","120","45.527567","ug/mL","400","mg","1","0"
"3","Gupta_2016_amatuximab","amatuximab","0","168","18.932525","ug/mL","400","mg","1","0"
"3","Gupta_2016_amatuximab","amatuximab","0","336","4.707195","ug/mL","400","mg","1","0"
"3","Gupta_2016_amatuximab","amatuximab","0","504","2.4547","ug/mL","400","mg","1","0"
"3","Gupta_2016_amatuximab","amatuximab","0","632","1.150015","ug/mL","400","mg","1","0"
"4","Gupta_2016_amatuximab","amatuximab","1","0",".","ug/mL","400","mg","1","."
"4","Gupta_2016_amatuximab","amatuximab","0","0","64.865433","ug/mL","400","mg","1","0"
"4","Gupta_2016_amatuximab","amatuximab","0","1","83.817768","ug/mL","400","mg","1","0"
"4","Gupta_2016_amatuximab","amatuximab","0","2","81.427508","ug/mL","400","mg","1","0"
"4","Gupta_2016_amatuximab","amatuximab","0","4","118.590565","ug/mL","400","mg","1","0"
"4","Gupta_2016_amatuximab","amatuximab","0","8","67.601161","ug/mL","400","mg","1","0"
"4","Gupta_2016_amatuximab","amatuximab","0","24","40.639214","ug/mL","400","mg","1","0"
"4","Gupta_2016_amatuximab","amatuximab","0","48","17.838509","ug/mL","400","mg","1","0"
"4","Gupta_2016_amatuximab","amatuximab","0","72","9.468405","ug/mL","400","mg","1","0"
"4","Gupta_2016_amatuximab","amatuximab","0","96","12.965544","ug/mL","400","mg","1","0"
"4","Gupta_2016_amatuximab","amatuximab","0","120","22.454153","ug/mL","400","mg","1","0"
"4","Gupta_2016_amatuximab","amatuximab","0","168","18.983219","ug/mL","400","mg","1","0"
"4","Gupta_2016_amatuximab","amatuximab","0","336","3.608815","ug/mL","400","mg","1","0"
"4","Gupta_2016_amatuximab","amatuximab","0","504","2.142805","ug/mL","400","mg","1","0"
"4","Gupta_2016_amatuximab","amatuximab","0","632","1.378879","ug/mL","400","mg","1","0"
"5","Gupta_2016_amatuximab","amatuximab","1","0",".","ug/mL","400","mg","1","."
"5","Gupta_2016_amatuximab","amatuximab","0","0","88.221226","ug/mL","400","mg","1","0"
"5","Gupta_2016_amatuximab","amatuximab","0","1","107.96551","ug/mL","400","mg","1","0"
"5","Gupta_2016_amatuximab","amatuximab","0","2","116.846326","ug/mL","400","mg","1","0"
"5","Gupta_2016_amatuximab","amatuximab","0","4","79.103328","ug/mL","400","mg","1","0"
"5","Gupta_2016_amatuximab","amatuximab","0","8","140.026653","ug/mL","400","mg","1","0"
"5","Gupta_2016_amatuximab","amatuximab","0","24","75.86239","ug/mL","400","mg","1","0"
"5","Gupta_2016_amatuximab","amatuximab","0","48","56.957027","ug/mL","400","mg","1","0"
"5","Gupta_2016_amatuximab","amatuximab","0","72","37.909466","ug/mL","400","mg","1","0"
"5","Gupta_2016_amatuximab","amatuximab","0","96","15.086706","ug/mL","400","mg","1","0"
"5","Gupta_2016_amatuximab","amatuximab","0","120","18.960488","ug/mL","400","mg","1","0"
"5","Gupta_2016_amatuximab","amatuximab","0","168","27.807565","ug/mL","400","mg","1","0"
"5","Gupta_2016_amatuximab","amatuximab","0","336","1.185277","ug/mL","400","mg","1","0"
"5","Gupta_2016_amatuximab","amatuximab","0","504","0.098377","ug/mL","400","mg","1","0"
"5","Gupta_2016_amatuximab","amatuximab","0","632","0.114521","ug/mL","400","mg","1","0"
"6","Gupta_2016_amatuximab","amatuximab","1","0",".","ug/mL","400","mg","1","."
"6","Gupta_2016_amatuximab","amatuximab","0","0","97.345867","ug/mL","400","mg","1","0"
"6","Gupta_2016_amatuximab","amatuximab","0","1","54.782289","ug/mL","400","mg","1","0"
"6","Gupta_2016_amatuximab","amatuximab","0","2","114.298916","ug/mL","400","mg","1","0"
"6","Gupta_2016_amatuximab","amatuximab","0","4","89.248661","ug/mL","400","mg","1","0"
"6","Gupta_2016_amatuximab","amatuximab","0","8","75.899857","ug/mL","400","mg","1","0"
"6","Gupta_2016_amatuximab","amatuximab","0","24","61.444178","ug/mL","400","mg","1","0"
"6","Gupta_2016_amatuximab","amatuximab","0","48","37.832829","ug/mL","400","mg","1","0"
"6","Gupta_2016_amatuximab","amatuximab","0","72","33.176641","ug/mL","400","mg","1","0"
"6","Gupta_2016_amatuximab","amatuximab","0","96","11.60473","ug/mL","400","mg","1","0"
"6","Gupta_2016_amatuximab","amatuximab","0","120","27.936488","ug/mL","400","mg","1","0"
"6","Gupta_2016_amatuximab","amatuximab","0","168","11.432314","ug/mL","400","mg","1","0"
"6","Gupta_2016_amatuximab","amatuximab","0","336","0.181503","ug/mL","400","mg","1","0"
"6","Gupta_2016_amatuximab","amatuximab","0","504","0","ug/mL","400","mg","1","1"
"6","Gupta_2016_amatuximab","amatuximab","0","632","0.047461","ug/mL","400","mg","1","0"
"7","Gupta_2016_amatuximab","amatuximab","1","0",".","ug/mL","400","mg","1","."
"7","Gupta_2016_amatuximab","amatuximab","0","0","167.806953","ug/mL","400","mg","1","0"
"7","Gupta_2016_amatuximab","amatuximab","0","1","152.228836","ug/mL","400","mg","1","0"
"7","Gupta_2016_amatuximab","amatuximab","0","2","95.509159","ug/mL","400","mg","1","0"
"7","Gupta_2016_amatuximab","amatuximab","0","4","153.101719","ug/mL","400","mg","1","0"
"7","Gupta_2016_amatuximab","amatuximab","0","8","108.157843","ug/mL","400","mg","1","0"
"7","Gupta_2016_amatuximab","amatuximab","0","24","37.633969","ug/mL","400","mg","1","0"
"7","Gupta_2016_amatuximab","amatuximab","0","48","38.211958","ug/mL","400","mg","1","0"
"7","Gupta_2016_amatuximab","amatuximab","0","72","60.805522","ug/mL","400","mg","1","0"
"7","Gupta_2016_amatuximab","amatuximab","0","96","31.231982","ug/mL","400","mg","1","0"
"7","Gupta_2016_amatuximab","amatuximab","0","120","29.217795","ug/mL","400","mg","1","0"
"7","Gupta_2016_amatuximab","amatuximab","0","168","13.787301","ug/mL","400","mg","1","0"
"7","Gupta_2016_amatuximab","amatuximab","0","336","1.342974","ug/mL","400","mg","1","0"
"7","Gupta_2016_amatuximab","amatuximab","0","504","0.360887","ug/mL","400","mg","1","0"
"7","Gupta_2016_amatuximab","amatuximab","0","632","0.397345","ug/mL","400","mg","1","0"
"8","Gupta_2016_amatuximab","amatuximab","1","0",".","ug/mL","400","mg","1","."
"8","Gupta_2016_amatuximab","amatuximab","0","0","191.783432","ug/mL","400","mg","1","0"
"8","Gupta_2016_amatuximab","amatuximab","0","1","171.029884","ug/mL","400","mg","1","0"
"8","Gupta_2016_amatuximab","amatuximab","0","2","166.26553","ug/mL","400","mg","1","0"
"8","Gupta_2016_amatuximab","amatuximab","0","4","126.100703","ug/mL","400","mg","1","0"
"8","Gupta_2016_amatuximab","amatuximab","0","8","25.085615","ug/mL","400","mg","1","0"
"8","Gupta_2016_amatuximab","amatuximab","0","24","67.93428","ug/mL","400","mg","1","0"
"8","Gupta_2016_amatuximab","amatuximab","0","48","101.298505","ug/mL","400","mg","1","0"
"8","Gupta_2016_amatuximab","amatuximab","0","72","44.369737","ug/mL","400","mg","1","0"
"8","Gupta_2016_amatuximab","amatuximab","0","96","56.501074","ug/mL","400","mg","1","0"
"8","Gupta_2016_amatuximab","amatuximab","0","120","17.62077","ug/mL","400","mg","1","0"
"8","Gupta_2016_amatuximab","amatuximab","0","168","25.412454","ug/mL","400","mg","1","0"
"8","Gupta_2016_amatuximab","amatuximab","0","336","4.653973","ug/mL","400","mg","1","0"
"8","Gupta_2016_amatuximab","amatuximab","0","504","0.718269","ug/mL","400","mg","1","0"
"8","Gupta_2016_amatuximab","amatuximab","0","632","0.300304","ug/mL","400","mg","1","0"
"9","Gupta_2016_amatuximab","amatuximab","1","0",".","ug/mL","400","mg","1","."
"9","Gupta_2016_amatuximab","amatuximab","0","0","90.598261","ug/mL","400","mg","1","0"
"9","Gupta_2016_amatuximab","amatuximab","0","1","86.559092","ug/mL","400","mg","1","0"
"9","Gupta_2016_amatuximab","amatuximab","0","2","45.974586","ug/mL","400","mg","1","0"
"9","Gupta_2016_amatuximab","amatuximab","0","4","135.237621","ug/mL","400","mg","1","0"
"9","Gupta_2016_amatuximab","amatuximab","0","8","42.016934","ug/mL","400","mg","1","0"
"9","Gupta_2016_amatuximab","amatuximab","0","24","80.278485","ug/mL","400","mg","1","0"
"9","Gupta_2016_amatuximab","amatuximab","0","48","26.743447","ug/mL","400","mg","1","0"
"9","Gupta_2016_amatuximab","amatuximab","0","72","27.037476","ug/mL","400","mg","1","0"
"9","Gupta_2016_amatuximab","amatuximab","0","96","23.692278","ug/mL","400","mg","1","0"
"9","Gupta_2016_amatuximab","amatuximab","0","120","20.995033","ug/mL","400","mg","1","0"
"9","Gupta_2016_amatuximab","amatuximab","0","168","20.629784","ug/mL","400","mg","1","0"
"9","Gupta_2016_amatuximab","amatuximab","0","336","3.091252","ug/mL","400","mg","1","0"
"9","Gupta_2016_amatuximab","amatuximab","0","504","0.666353","ug/mL","400","mg","1","0"
"9","Gupta_2016_amatuximab","amatuximab","0","632","0.189113","ug/mL","400","mg","1","0"
"10","Gupta_2016_amatuximab","amatuximab","1","0",".","ug/mL","400","mg","1","."
"10","Gupta_2016_amatuximab","amatuximab","0","0","79.814877","ug/mL","400","mg","1","0"
"10","Gupta_2016_amatuximab","amatuximab","0","1","102.445728","ug/mL","400","mg","1","0"
"10","Gupta_2016_amatuximab","amatuximab","0","2","109.974471","ug/mL","400","mg","1","0"
"10","Gupta_2016_amatuximab","amatuximab","0","4","96.255991","ug/mL","400","mg","1","0"
"10","Gupta_2016_amatuximab","amatuximab","0","8","80.085845","ug/mL","400","mg","1","0"
"10","Gupta_2016_amatuximab","amatuximab","0","24","73.57509","ug/mL","400","mg","1","0"
"10","Gupta_2016_amatuximab","amatuximab","0","48","60.811172","ug/mL","400","mg","1","0"
"10","Gupta_2016_amatuximab","amatuximab","0","72","19.388653","ug/mL","400","mg","1","0"
"10","Gupta_2016_amatuximab","amatuximab","0","96","31.314633","ug/mL","400","mg","1","0"
"10","Gupta_2016_amatuximab","amatuximab","0","120","25.765975","ug/mL","400","mg","1","0"
"10","Gupta_2016_amatuximab","amatuximab","0","168","12.215773","ug/mL","400","mg","1","0"
"10","Gupta_2016_amatuximab","amatuximab","0","336","3.100995","ug/mL","400","mg","1","0"
"10","Gupta_2016_amatuximab","amatuximab","0","504","0.230042","ug/mL","400","mg","1","0"
"10","Gupta_2016_amatuximab","amatuximab","0","632","0.046266","ug/mL","400","mg","1","0"
"1","Delattre_2010_amikacin","amikacin","1","0",".","mg/L","1750","mg","1","."
"1","Delattre_2010_amikacin","amikacin","0","0","99.79597","mg/L","1750","mg","1","0"
"1","Delattre_2010_amikacin","amikacin","0","0.25","103.620821","mg/L","1750","mg","1","0"
"1","Delattre_2010_amikacin","amikacin","0","0.5","68.892795","mg/L","1750","mg","1","0"
"1","Delattre_2010_amikacin","amikacin","0","1","91.565812","mg/L","1750","mg","1","0"
"1","Delattre_2010_amikacin","amikacin","0","2","57.890219","mg/L","1750","mg","1","0"
"1","Delattre_2010_amikacin","amikacin","0","4","17.545594","mg/L","1750","mg","1","0"
"1","Delattre_2010_amikacin","amikacin","0","6","25.190445","mg/L","1750","mg","1","0"
"1","Delattre_2010_amikacin","amikacin","0","8","18.281777","mg/L","1750","mg","1","0"
"1","Delattre_2010_amikacin","amikacin","0","12","9.33644","mg/L","1750","mg","1","0"
"1","Delattre_2010_amikacin","amikacin","0","24","1.594774","mg/L","1750","mg","1","0"
"1","Delattre_2010_amikacin","amikacin","0","36","0.360631","mg/L","1750","mg","1","0"
"2","Delattre_2010_amikacin","amikacin","1","0",".","mg/L","1750","mg","1","."
"2","Delattre_2010_amikacin","amikacin","0","0","94.361099","mg/L","1750","mg","1","0"
"2","Delattre_2010_amikacin","amikacin","0","0.25","68.462632","mg/L","1750","mg","1","0"
"2","Delattre_2010_amikacin","amikacin","0","0.5","70.262432","mg/L","1750","mg","1","0"
"2","Delattre_2010_amikacin","amikacin","0","1","83.426751","mg/L","1750","mg","1","0"
"2","Delattre_2010_amikacin","amikacin","0","2","52.652885","mg/L","1750","mg","1","0"
"2","Delattre_2010_amikacin","amikacin","0","4","81.201407","mg/L","1750","mg","1","0"
"2","Delattre_2010_amikacin","amikacin","0","6","30.109669","mg/L","1750","mg","1","0"
"2","Delattre_2010_amikacin","amikacin","0","8","29.580885","mg/L","1750","mg","1","0"
"2","Delattre_2010_amikacin","amikacin","0","12","30.30567","mg/L","1750","mg","1","0"
"2","Delattre_2010_amikacin","amikacin","0","24","9.823277","mg/L","1750","mg","1","0"
"2","Delattre_2010_amikacin","amikacin","0","36","2.016598","mg/L","1750","mg","1","0"
"3","Delattre_2010_amikacin","amikacin","1","0",".","mg/L","1750","mg","1","."
"3","Delattre_2010_amikacin","amikacin","0","0","42.614145","mg/L","1750","mg","1","0"
"3","Delattre_2010_amikacin","amikacin","0","0.25","78.680695","mg/L","1750","mg","1","0"
"3","Delattre_2010_amikacin","amikacin","0","0.5","105.308674","mg/L","1750","mg","1","0"
"3","Delattre_2010_amikacin","amikacin","0","1","58.088256","mg/L","1750","mg","1","0"
"3","Delattre_2010_amikacin","amikacin","0","2","36.699908","mg/L","1750","mg","1","0"
"3","Delattre_2010_amikacin","amikacin","0","4","60.990215","mg/L","1750","mg","1","0"
"3","Delattre_2010_amikacin","amikacin","0","6","27.734901","mg/L","1750","mg","1","0"
"3","Delattre_2010_amikacin","amikacin","0","8","28.471294","mg/L","1750","mg","1","0"
"3","Delattre_2010_amikacin","amikacin","0","12","20.601404","mg/L","1750","mg","1","0"
"3","Delattre_2010_amikacin","amikacin","0","24","4.477218","mg/L","1750","mg","1","0"
"3","Delattre_2010_amikacin","amikacin","0","36","0.234442","mg/L","1750","mg","1","0"
"4","Delattre_2010_amikacin","amikacin","1","0",".","mg/L","1750","mg","1","."
"4","Delattre_2010_amikacin","amikacin","0","0","159.931058","mg/L","1750","mg","1","0"
"4","Delattre_2010_amikacin","amikacin","0","0.25","209.368696","mg/L","1750","mg","1","0"
"4","Delattre_2010_amikacin","amikacin","0","0.5","107.453548","mg/L","1750","mg","1","0"
"4","Delattre_2010_amikacin","amikacin","0","1","131.319876","mg/L","1750","mg","1","0"
"4","Delattre_2010_amikacin","amikacin","0","2","103.069856","mg/L","1750","mg","1","0"
"4","Delattre_2010_amikacin","amikacin","0","4","47.167555","mg/L","1750","mg","1","0"
"4","Delattre_2010_amikacin","amikacin","0","6","49.49167","mg/L","1750","mg","1","0"
"4","Delattre_2010_amikacin","amikacin","0","8","39.09351","mg/L","1750","mg","1","0"
"4","Delattre_2010_amikacin","amikacin","0","12","37.891014","mg/L","1750","mg","1","0"
"4","Delattre_2010_amikacin","amikacin","0","24","21.908875","mg/L","1750","mg","1","0"
"4","Delattre_2010_amikacin","amikacin","0","36","6.775034","mg/L","1750","mg","1","0"
"5","Delattre_2010_amikacin","amikacin","1","0",".","mg/L","1750","mg","1","."
"5","Delattre_2010_amikacin","amikacin","0","0","128.112248","mg/L","1750","mg","1","0"
"5","Delattre_2010_amikacin","amikacin","0","0.25","97.818267","mg/L","1750","mg","1","0"
"5","Delattre_2010_amikacin","amikacin","0","0.5","94.352665","mg/L","1750","mg","1","0"
"5","Delattre_2010_amikacin","amikacin","0","1","52.110575","mg/L","1750","mg","1","0"
"5","Delattre_2010_amikacin","amikacin","0","2","61.957341","mg/L","1750","mg","1","0"
"5","Delattre_2010_amikacin","amikacin","0","4","31.783634","mg/L","1750","mg","1","0"
"5","Delattre_2010_amikacin","amikacin","0","6","21.51464","mg/L","1750","mg","1","0"
"5","Delattre_2010_amikacin","amikacin","0","8","12.781559","mg/L","1750","mg","1","0"
"5","Delattre_2010_amikacin","amikacin","0","12","10.085233","mg/L","1750","mg","1","0"
"5","Delattre_2010_amikacin","amikacin","0","24","0.146151","mg/L","1750","mg","1","0"
"5","Delattre_2010_amikacin","amikacin","0","36","1.109394","mg/L","1750","mg","1","0"
"6","Delattre_2010_amikacin","amikacin","1","0",".","mg/L","1750","mg","1","."
"6","Delattre_2010_amikacin","amikacin","0","0","137.071751","mg/L","1750","mg","1","0"
"6","Delattre_2010_amikacin","amikacin","0","0.25","129.85067","mg/L","1750","mg","1","0"
"6","Delattre_2010_amikacin","amikacin","0","0.5","74.731143","mg/L","1750","mg","1","0"
"6","Delattre_2010_amikacin","amikacin","0","1","90.020463","mg/L","1750","mg","1","0"
"6","Delattre_2010_amikacin","amikacin","0","2","38.814355","mg/L","1750","mg","1","0"
"6","Delattre_2010_amikacin","amikacin","0","4","28.89081","mg/L","1750","mg","1","0"
"6","Delattre_2010_amikacin","amikacin","0","6","15.609261","mg/L","1750","mg","1","0"
"6","Delattre_2010_amikacin","amikacin","0","8","16.882158","mg/L","1750","mg","1","0"
"6","Delattre_2010_amikacin","amikacin","0","12","5.359006","mg/L","1750","mg","1","0"
"6","Delattre_2010_amikacin","amikacin","0","24","5.58658","mg/L","1750","mg","1","0"
"6","Delattre_2010_amikacin","amikacin","0","36","0.199735","mg/L","1750","mg","1","0"
"7","Delattre_2010_amikacin","amikacin","1","0",".","mg/L","1750","mg","1","."
"7","Delattre_2010_amikacin","amikacin","0","0","65.415613","mg/L","1750","mg","1","0"
"7","Delattre_2010_amikacin","amikacin","0","0.25","50.134992","mg/L","1750","mg","1","0"
"7","Delattre_2010_amikacin","amikacin","0","0.5","63.45086","mg/L","1750","mg","1","0"
"7","Delattre_2010_amikacin","amikacin","0","1","47.679405","mg/L","1750","mg","1","0"
"7","Delattre_2010_amikacin","amikacin","0","2","46.076937","mg/L","1750","mg","1","0"
"7","Delattre_2010_amikacin","amikacin","0","4","24.933913","mg/L","1750","mg","1","0"
"7","Delattre_2010_amikacin","amikacin","0","6","23.596789","mg/L","1750","mg","1","0"
"7","Delattre_2010_amikacin","amikacin","0","8","14.538793","mg/L","1750","mg","1","0"
"7","Delattre_2010_amikacin","amikacin","0","12","11.443007","mg/L","1750","mg","1","0"
"7","Delattre_2010_amikacin","amikacin","0","24","2.758593","mg/L","1750","mg","1","0"
"7","Delattre_2010_amikacin","amikacin","0","36","0","mg/L","1750","mg","1","1"
"8","Delattre_2010_amikacin","amikacin","1","0",".","mg/L","1750","mg","1","."
"8","Delattre_2010_amikacin","amikacin","0","0","165.748311","mg/L","1750","mg","1","0"
"8","Delattre_2010_amikacin","amikacin","0","0.25","101.35876","mg/L","1750","mg","1","0"
"8","Delattre_2010_amikacin","amikacin","0","0.5","61.740251","mg/L","1750","mg","1","0"
"8","Delattre_2010_amikacin","amikacin","0","1","84.605082","mg/L","1750","mg","1","0"
"8","Delattre_2010_amikacin","amikacin","0","2","50.487209","mg/L","1750","mg","1","0"
"8","Delattre_2010_amikacin","amikacin","0","4","45.349904","mg/L","1750","mg","1","0"
"8","Delattre_2010_amikacin","amikacin","0","6","18.851704","mg/L","1750","mg","1","0"
"8","Delattre_2010_amikacin","amikacin","0","8","24.062304","mg/L","1750","mg","1","0"
"8","Delattre_2010_amikacin","amikacin","0","12","22.616942","mg/L","1750","mg","1","0"
"8","Delattre_2010_amikacin","amikacin","0","24","16.265995","mg/L","1750","mg","1","0"
"8","Delattre_2010_amikacin","amikacin","0","36","5.144579","mg/L","1750","mg","1","0"
"9","Delattre_2010_amikacin","amikacin","1","0",".","mg/L","1750","mg","1","."
"9","Delattre_2010_amikacin","amikacin","0","0","124.931306","mg/L","1750","mg","1","0"
"9","Delattre_2010_amikacin","amikacin","0","0.25","119.941299","mg/L","1750","mg","1","0"
"9","Delattre_2010_amikacin","amikacin","0","0.5","150.556007","mg/L","1750","mg","1","0"
"9","Delattre_2010_amikacin","amikacin","0","1","62.658875","mg/L","1750","mg","1","0"
"9","Delattre_2010_amikacin","amikacin","0","2","31.680352","mg/L","1750","mg","1","0"
"9","Delattre_2010_amikacin","amikacin","0","4","13.121431","mg/L","1750","mg","1","0"
"9","Delattre_2010_amikacin","amikacin","0","6","5.478995","mg/L","1750","mg","1","0"
"9","Delattre_2010_amikacin","amikacin","0","8","11.269823","mg/L","1750","mg","1","0"
"9","Delattre_2010_amikacin","amikacin","0","12","4.842223","mg/L","1750","mg","1","0"
"9","Delattre_2010_amikacin","amikacin","0","24","0.373698","mg/L","1750","mg","1","0"
"9","Delattre_2010_amikacin","amikacin","0","36","0","mg/L","1750","mg","1","1"
"10","Delattre_2010_amikacin","amikacin","1","0",".","mg/L","1750","mg","1","."
"10","Delattre_2010_amikacin","amikacin","0","0","61.616489","mg/L","1750","mg","1","0"
"10","Delattre_2010_amikacin","amikacin","0","0.25","79.641616","mg/L","1750","mg","1","0"
"10","Delattre_2010_amikacin","amikacin","0","0.5","45.270825","mg/L","1750","mg","1","0"
"10","Delattre_2010_amikacin","amikacin","0","1","69.389404","mg/L","1750","mg","1","0"
"10","Delattre_2010_amikacin","amikacin","0","2","63.252287","mg/L","1750","mg","1","0"
"10","Delattre_2010_amikacin","amikacin","0","4","30.648235","mg/L","1750","mg","1","0"
"10","Delattre_2010_amikacin","amikacin","0","6","25.09042","mg/L","1750","mg","1","0"
"10","Delattre_2010_amikacin","amikacin","0","8","43.547939","mg/L","1750","mg","1","0"
"10","Delattre_2010_amikacin","amikacin","0","12","17.336182","mg/L","1750","mg","1","0"
"10","Delattre_2010_amikacin","amikacin","0","24","6.263309","mg/L","1750","mg","1","0"
"10","Delattre_2010_amikacin","amikacin","0","36","4.352877","mg/L","1750","mg","1","0"
"1","Almquist_2022_anifrolumab","anifrolumab","1","0",".","ug/mL","1000","mg","1","."
"1","Almquist_2022_anifrolumab","anifrolumab","0","0","435.964902","ug/mL","1000","mg","1","0"
"1","Almquist_2022_anifrolumab","anifrolumab","0","0.25","453.942598","ug/mL","1000","mg","1","0"
"1","Almquist_2022_anifrolumab","anifrolumab","0","0.5","409.247921","ug/mL","1000","mg","1","0"
"1","Almquist_2022_anifrolumab","anifrolumab","0","1","310.194741","ug/mL","1000","mg","1","0"
"1","Almquist_2022_anifrolumab","anifrolumab","0","2","400.147438","ug/mL","1000","mg","1","0"
"1","Almquist_2022_anifrolumab","anifrolumab","0","4","177.004129","ug/mL","1000","mg","1","0"
"1","Almquist_2022_anifrolumab","anifrolumab","0","6","220.179125","ug/mL","1000","mg","1","0"
"1","Almquist_2022_anifrolumab","anifrolumab","0","8","337.29585","ug/mL","1000","mg","1","0"
"1","Almquist_2022_anifrolumab","anifrolumab","0","12","144.648709","ug/mL","1000","mg","1","0"
"1","Almquist_2022_anifrolumab","anifrolumab","0","24","314.121317","ug/mL","1000","mg","1","0"
"1","Almquist_2022_anifrolumab","anifrolumab","0","36","184.909109","ug/mL","1000","mg","1","0"
"1","Almquist_2022_anifrolumab","anifrolumab","0","48","200.904488","ug/mL","1000","mg","1","0"
"1","Almquist_2022_anifrolumab","anifrolumab","0","60","177.433704","ug/mL","1000","mg","1","0"
"1","Almquist_2022_anifrolumab","anifrolumab","0","72","103.055326","ug/mL","1000","mg","1","0"
"1","Almquist_2022_anifrolumab","anifrolumab","0","115","145.410388","ug/mL","1000","mg","1","0"
"2","Almquist_2022_anifrolumab","anifrolumab","1","0",".","ug/mL","1000","mg","1","."
"2","Almquist_2022_anifrolumab","anifrolumab","0","0","484.609467","ug/mL","1000","mg","1","0"
"2","Almquist_2022_anifrolumab","anifrolumab","0","0.25","267.778628","ug/mL","1000","mg","1","0"
"2","Almquist_2022_anifrolumab","anifrolumab","0","0.5","421.404973","ug/mL","1000","mg","1","0"
"2","Almquist_2022_anifrolumab","anifrolumab","0","1","525.780274","ug/mL","1000","mg","1","0"
"2","Almquist_2022_anifrolumab","anifrolumab","0","2","265.725303","ug/mL","1000","mg","1","0"
"2","Almquist_2022_anifrolumab","anifrolumab","0","4","392.308234","ug/mL","1000","mg","1","0"
"2","Almquist_2022_anifrolumab","anifrolumab","0","6","421.618266","ug/mL","1000","mg","1","0"
"2","Almquist_2022_anifrolumab","anifrolumab","0","8","256.15692","ug/mL","1000","mg","1","0"
"2","Almquist_2022_anifrolumab","anifrolumab","0","12","382.341801","ug/mL","1000","mg","1","0"
"2","Almquist_2022_anifrolumab","anifrolumab","0","24","132.135832","ug/mL","1000","mg","1","0"
"2","Almquist_2022_anifrolumab","anifrolumab","0","36","220.750203","ug/mL","1000","mg","1","0"
"2","Almquist_2022_anifrolumab","anifrolumab","0","48","174.753789","ug/mL","1000","mg","1","0"
"2","Almquist_2022_anifrolumab","anifrolumab","0","60","303.908037","ug/mL","1000","mg","1","0"
"2","Almquist_2022_anifrolumab","anifrolumab","0","72","202.819476","ug/mL","1000","mg","1","0"
"2","Almquist_2022_anifrolumab","anifrolumab","0","115","136.101739","ug/mL","1000","mg","1","0"
"3","Almquist_2022_anifrolumab","anifrolumab","1","0",".","ug/mL","1000","mg","1","."
"3","Almquist_2022_anifrolumab","anifrolumab","0","0","400.805146","ug/mL","1000","mg","1","0"
"3","Almquist_2022_anifrolumab","anifrolumab","0","0.25","530.803179","ug/mL","1000","mg","1","0"
"3","Almquist_2022_anifrolumab","anifrolumab","0","0.5","150.637042","ug/mL","1000","mg","1","0"
"3","Almquist_2022_anifrolumab","anifrolumab","0","1","430.688912","ug/mL","1000","mg","1","0"
"3","Almquist_2022_anifrolumab","anifrolumab","0","2","0","ug/mL","1000","mg","1","1"
"3","Almquist_2022_anifrolumab","anifrolumab","0","4","494.885458","ug/mL","1000","mg","1","0"
"3","Almquist_2022_anifrolumab","anifrolumab","0","6","358.555979","ug/mL","1000","mg","1","0"
"3","Almquist_2022_anifrolumab","anifrolumab","0","8","479.564887","ug/mL","1000","mg","1","0"
"3","Almquist_2022_anifrolumab","anifrolumab","0","12","376.545495","ug/mL","1000","mg","1","0"
"3","Almquist_2022_anifrolumab","anifrolumab","0","24","184.476282","ug/mL","1000","mg","1","0"
"3","Almquist_2022_anifrolumab","anifrolumab","0","36","384.83431","ug/mL","1000","mg","1","0"
"3","Almquist_2022_anifrolumab","anifrolumab","0","48","238.704641","ug/mL","1000","mg","1","0"
"3","Almquist_2022_anifrolumab","anifrolumab","0","60","228.191604","ug/mL","1000","mg","1","0"
"3","Almquist_2022_anifrolumab","anifrolumab","0","72","187.169007","ug/mL","1000","mg","1","0"
"3","Almquist_2022_anifrolumab","anifrolumab","0","115","157.628255","ug/mL","1000","mg","1","0"
"4","Almquist_2022_anifrolumab","anifrolumab","1","0",".","ug/mL","1000","mg","1","."
"4","Almquist_2022_anifrolumab","anifrolumab","0","0","254.940397","ug/mL","1000","mg","1","0"
"4","Almquist_2022_anifrolumab","anifrolumab","0","0.25","222.36335","ug/mL","1000","mg","1","0"
"4","Almquist_2022_anifrolumab","anifrolumab","0","0.5","261.592823","ug/mL","1000","mg","1","0"
"4","Almquist_2022_anifrolumab","anifrolumab","0","1","284.017314","ug/mL","1000","mg","1","0"
"4","Almquist_2022_anifrolumab","anifrolumab","0","2","271.798804","ug/mL","1000","mg","1","0"
"4","Almquist_2022_anifrolumab","anifrolumab","0","4","312.28175","ug/mL","1000","mg","1","0"
"4","Almquist_2022_anifrolumab","anifrolumab","0","6","211.4185","ug/mL","1000","mg","1","0"
"4","Almquist_2022_anifrolumab","anifrolumab","0","8","150.13856","ug/mL","1000","mg","1","0"
"4","Almquist_2022_anifrolumab","anifrolumab","0","12","372.321141","ug/mL","1000","mg","1","0"
"4","Almquist_2022_anifrolumab","anifrolumab","0","24","208.967309","ug/mL","1000","mg","1","0"
"4","Almquist_2022_anifrolumab","anifrolumab","0","36","107.054189","ug/mL","1000","mg","1","0"
"4","Almquist_2022_anifrolumab","anifrolumab","0","48","197.391187","ug/mL","1000","mg","1","0"
"4","Almquist_2022_anifrolumab","anifrolumab","0","60","175.219863","ug/mL","1000","mg","1","0"
"4","Almquist_2022_anifrolumab","anifrolumab","0","72","214.488491","ug/mL","1000","mg","1","0"
"4","Almquist_2022_anifrolumab","anifrolumab","0","115","151.239053","ug/mL","1000","mg","1","0"
"5","Almquist_2022_anifrolumab","anifrolumab","1","0",".","ug/mL","1000","mg","1","."
"5","Almquist_2022_anifrolumab","anifrolumab","0","0","447.23769","ug/mL","1000","mg","1","0"
"5","Almquist_2022_anifrolumab","anifrolumab","0","0.25","338.974962","ug/mL","1000","mg","1","0"
"5","Almquist_2022_anifrolumab","anifrolumab","0","0.5","307.324159","ug/mL","1000","mg","1","0"
"5","Almquist_2022_anifrolumab","anifrolumab","0","1","248.004051","ug/mL","1000","mg","1","0"
"5","Almquist_2022_anifrolumab","anifrolumab","0","2","472.760496","ug/mL","1000","mg","1","0"
"5","Almquist_2022_anifrolumab","anifrolumab","0","4","336.774287","ug/mL","1000","mg","1","0"
"5","Almquist_2022_anifrolumab","anifrolumab","0","6","130.812142","ug/mL","1000","mg","1","0"
"5","Almquist_2022_anifrolumab","anifrolumab","0","8","248.649165","ug/mL","1000","mg","1","0"
"5","Almquist_2022_anifrolumab","anifrolumab","0","12","346.512424","ug/mL","1000","mg","1","0"
"5","Almquist_2022_anifrolumab","anifrolumab","0","24","324.940233","ug/mL","1000","mg","1","0"
"5","Almquist_2022_anifrolumab","anifrolumab","0","36","174.428462","ug/mL","1000","mg","1","0"
"5","Almquist_2022_anifrolumab","anifrolumab","0","48","195.069436","ug/mL","1000","mg","1","0"
"5","Almquist_2022_anifrolumab","anifrolumab","0","60","233.233003","ug/mL","1000","mg","1","0"
"5","Almquist_2022_anifrolumab","anifrolumab","0","72","147.833389","ug/mL","1000","mg","1","0"
"5","Almquist_2022_anifrolumab","anifrolumab","0","115","187.237227","ug/mL","1000","mg","1","0"
"6","Almquist_2022_anifrolumab","anifrolumab","1","0",".","ug/mL","1000","mg","1","."
"6","Almquist_2022_anifrolumab","anifrolumab","0","0","428.801375","ug/mL","1000","mg","1","0"
"6","Almquist_2022_anifrolumab","anifrolumab","0","0.25","340.357466","ug/mL","1000","mg","1","0"
"6","Almquist_2022_anifrolumab","anifrolumab","0","0.5","169.103992","ug/mL","1000","mg","1","0"
"6","Almquist_2022_anifrolumab","anifrolumab","0","1","274.616794","ug/mL","1000","mg","1","0"
"6","Almquist_2022_anifrolumab","anifrolumab","0","2","302.611167","ug/mL","1000","mg","1","0"
"6","Almquist_2022_anifrolumab","anifrolumab","0","4","332.771451","ug/mL","1000","mg","1","0"
"6","Almquist_2022_anifrolumab","anifrolumab","0","6","267.818181","ug/mL","1000","mg","1","0"
"6","Almquist_2022_anifrolumab","anifrolumab","0","8","217.333872","ug/mL","1000","mg","1","0"
"6","Almquist_2022_anifrolumab","anifrolumab","0","12","298.368785","ug/mL","1000","mg","1","0"
"6","Almquist_2022_anifrolumab","anifrolumab","0","24","308.391409","ug/mL","1000","mg","1","0"
"6","Almquist_2022_anifrolumab","anifrolumab","0","36","282.04482","ug/mL","1000","mg","1","0"
"6","Almquist_2022_anifrolumab","anifrolumab","0","48","212.243766","ug/mL","1000","mg","1","0"
"6","Almquist_2022_anifrolumab","anifrolumab","0","60","150.898565","ug/mL","1000","mg","1","0"
"6","Almquist_2022_anifrolumab","anifrolumab","0","72","199.887922","ug/mL","1000","mg","1","0"
"6","Almquist_2022_anifrolumab","anifrolumab","0","115","89.861573","ug/mL","1000","mg","1","0"
"7","Almquist_2022_anifrolumab","anifrolumab","1","0",".","ug/mL","1000","mg","1","."
"7","Almquist_2022_anifrolumab","anifrolumab","0","0","268.284556","ug/mL","1000","mg","1","0"
"7","Almquist_2022_anifrolumab","anifrolumab","0","0.25","298.332056","ug/mL","1000","mg","1","0"
"7","Almquist_2022_anifrolumab","anifrolumab","0","0.5","253.560957","ug/mL","1000","mg","1","0"
"7","Almquist_2022_anifrolumab","anifrolumab","0","1","251.032681","ug/mL","1000","mg","1","0"
"7","Almquist_2022_anifrolumab","anifrolumab","0","2","392.642593","ug/mL","1000","mg","1","0"
"7","Almquist_2022_anifrolumab","anifrolumab","0","4","244.948968","ug/mL","1000","mg","1","0"
"7","Almquist_2022_anifrolumab","anifrolumab","0","6","190.3768","ug/mL","1000","mg","1","0"
"7","Almquist_2022_anifrolumab","anifrolumab","0","8","113.654125","ug/mL","1000","mg","1","0"
"7","Almquist_2022_anifrolumab","anifrolumab","0","12","238.683762","ug/mL","1000","mg","1","0"
"7","Almquist_2022_anifrolumab","anifrolumab","0","24","256.975066","ug/mL","1000","mg","1","0"
"7","Almquist_2022_anifrolumab","anifrolumab","0","36","115.416631","ug/mL","1000","mg","1","0"
"7","Almquist_2022_anifrolumab","anifrolumab","0","48","46.972305","ug/mL","1000","mg","1","0"
"7","Almquist_2022_anifrolumab","anifrolumab","0","60","168.187714","ug/mL","1000","mg","1","0"
"7","Almquist_2022_anifrolumab","anifrolumab","0","72","168.092724","ug/mL","1000","mg","1","0"
"7","Almquist_2022_anifrolumab","anifrolumab","0","115","131.915626","ug/mL","1000","mg","1","0"
"8","Almquist_2022_anifrolumab","anifrolumab","1","0",".","ug/mL","1000","mg","1","."
"8","Almquist_2022_anifrolumab","anifrolumab","0","0","629.53003","ug/mL","1000","mg","1","0"
"8","Almquist_2022_anifrolumab","anifrolumab","0","0.25","464.891831","ug/mL","1000","mg","1","0"
"8","Almquist_2022_anifrolumab","anifrolumab","0","0.5","265.137","ug/mL","1000","mg","1","0"
"8","Almquist_2022_anifrolumab","anifrolumab","0","1","695.8148","ug/mL","1000","mg","1","0"
"8","Almquist_2022_anifrolumab","anifrolumab","0","2","403.026022","ug/mL","1000","mg","1","0"
"8","Almquist_2022_anifrolumab","anifrolumab","0","4","427.148614","ug/mL","1000","mg","1","0"
"8","Almquist_2022_anifrolumab","anifrolumab","0","6","499.190176","ug/mL","1000","mg","1","0"
"8","Almquist_2022_anifrolumab","anifrolumab","0","8","279.359669","ug/mL","1000","mg","1","0"
"8","Almquist_2022_anifrolumab","anifrolumab","0","12","370.101265","ug/mL","1000","mg","1","0"
"8","Almquist_2022_anifrolumab","anifrolumab","0","24","220.507106","ug/mL","1000","mg","1","0"
"8","Almquist_2022_anifrolumab","anifrolumab","0","36","275.162603","ug/mL","1000","mg","1","0"
"8","Almquist_2022_anifrolumab","anifrolumab","0","48","207.251741","ug/mL","1000","mg","1","0"
"8","Almquist_2022_anifrolumab","anifrolumab","0","60","65.873492","ug/mL","1000","mg","1","0"
"8","Almquist_2022_anifrolumab","anifrolumab","0","72","179.552304","ug/mL","1000","mg","1","0"
"8","Almquist_2022_anifrolumab","anifrolumab","0","115","84.515516","ug/mL","1000","mg","1","0"
"9","Almquist_2022_anifrolumab","anifrolumab","1","0",".","ug/mL","1000","mg","1","."
"9","Almquist_2022_anifrolumab","anifrolumab","0","0","255.124272","ug/mL","1000","mg","1","0"
"9","Almquist_2022_anifrolumab","anifrolumab","0","0.25","298.033715","ug/mL","1000","mg","1","0"
"9","Almquist_2022_anifrolumab","anifrolumab","0","0.5","191.864547","ug/mL","1000","mg","1","0"
"9","Almquist_2022_anifrolumab","anifrolumab","0","1","340.29799","ug/mL","1000","mg","1","0"
"9","Almquist_2022_anifrolumab","anifrolumab","0","2","353.558753","ug/mL","1000","mg","1","0"
"9","Almquist_2022_anifrolumab","anifrolumab","0","4","251.863283","ug/mL","1000","mg","1","0"
"9","Almquist_2022_anifrolumab","anifrolumab","0","6","245.212941","ug/mL","1000","mg","1","0"
"9","Almquist_2022_anifrolumab","anifrolumab","0","8","189.222741","ug/mL","1000","mg","1","0"
"9","Almquist_2022_anifrolumab","anifrolumab","0","12","213.123934","ug/mL","1000","mg","1","0"
"9","Almquist_2022_anifrolumab","anifrolumab","0","24","239.711374","ug/mL","1000","mg","1","0"
"9","Almquist_2022_anifrolumab","anifrolumab","0","36","172.691393","ug/mL","1000","mg","1","0"
"9","Almquist_2022_anifrolumab","anifrolumab","0","48","115.392465","ug/mL","1000","mg","1","0"
"9","Almquist_2022_anifrolumab","anifrolumab","0","60","171.100988","ug/mL","1000","mg","1","0"
"9","Almquist_2022_anifrolumab","anifrolumab","0","72","150.748677","ug/mL","1000","mg","1","0"
"9","Almquist_2022_anifrolumab","anifrolumab","0","115","194.014833","ug/mL","1000","mg","1","0"
"10","Almquist_2022_anifrolumab","anifrolumab","1","0",".","ug/mL","1000","mg","1","."
"10","Almquist_2022_anifrolumab","anifrolumab","0","0","175.192283","ug/mL","1000","mg","1","0"
"10","Almquist_2022_anifrolumab","anifrolumab","0","0.25","463.095439","ug/mL","1000","mg","1","0"
"10","Almquist_2022_anifrolumab","anifrolumab","0","0.5","331.055136","ug/mL","1000","mg","1","0"
"10","Almquist_2022_anifrolumab","anifrolumab","0","1","184.686938","ug/mL","1000","mg","1","0"
"10","Almquist_2022_anifrolumab","anifrolumab","0","2","591.252313","ug/mL","1000","mg","1","0"
"10","Almquist_2022_anifrolumab","anifrolumab","0","4","227.712442","ug/mL","1000","mg","1","0"
"10","Almquist_2022_anifrolumab","anifrolumab","0","6","386.198266","ug/mL","1000","mg","1","0"
"10","Almquist_2022_anifrolumab","anifrolumab","0","8","279.256837","ug/mL","1000","mg","1","0"
"10","Almquist_2022_anifrolumab","anifrolumab","0","12","322.862748","ug/mL","1000","mg","1","0"
"10","Almquist_2022_anifrolumab","anifrolumab","0","24","230.057136","ug/mL","1000","mg","1","0"
"10","Almquist_2022_anifrolumab","anifrolumab","0","36","227.917327","ug/mL","1000","mg","1","0"
"10","Almquist_2022_anifrolumab","anifrolumab","0","48","230.782225","ug/mL","1000","mg","1","0"
"10","Almquist_2022_anifrolumab","anifrolumab","0","60","168.649523","ug/mL","1000","mg","1","0"
"10","Almquist_2022_anifrolumab","anifrolumab","0","72","55.701716","ug/mL","1000","mg","1","0"
"10","Almquist_2022_anifrolumab","anifrolumab","0","115","207.933868","ug/mL","1000","mg","1","0"
"1","Birgersson_2016_artemisinin","artemisinin","1","0",".","ng/mL","100","mg","2","."
"1","Birgersson_2016_artemisinin","artemisinin","0","0","0","ng/mL","100","mg","2","0"
"1","Birgersson_2016_artemisinin","artemisinin","0","0.25","0.003831","ng/mL","100","mg","2","0"
"1","Birgersson_2016_artemisinin","artemisinin","0","0.5","1.317591","ng/mL","100","mg","2","0"
"1","Birgersson_2016_artemisinin","artemisinin","0","1","24.737384","ng/mL","100","mg","2","0"
"1","Birgersson_2016_artemisinin","artemisinin","0","2","15.092605","ng/mL","100","mg","2","0"
"1","Birgersson_2016_artemisinin","artemisinin","0","4","0","ng/mL","100","mg","2","1"
"1","Birgersson_2016_artemisinin","artemisinin","0","6","12.713414","ng/mL","100","mg","2","0"
"1","Birgersson_2016_artemisinin","artemisinin","0","8","6.306495","ng/mL","100","mg","2","0"
"1","Birgersson_2016_artemisinin","artemisinin","0","11","2.072606","ng/mL","100","mg","2","0"
"2","Birgersson_2016_artemisinin","artemisinin","1","0",".","ng/mL","100","mg","2","."
"2","Birgersson_2016_artemisinin","artemisinin","0","0","0","ng/mL","100","mg","2","0"
"2","Birgersson_2016_artemisinin","artemisinin","0","0.25","0.62776","ng/mL","100","mg","2","0"
"2","Birgersson_2016_artemisinin","artemisinin","0","0.5","13.962594","ng/mL","100","mg","2","0"
"2","Birgersson_2016_artemisinin","artemisinin","0","1","117.508054","ng/mL","100","mg","2","0"
"2","Birgersson_2016_artemisinin","artemisinin","0","2","55.963834","ng/mL","100","mg","2","0"
"2","Birgersson_2016_artemisinin","artemisinin","0","4","48.380636","ng/mL","100","mg","2","0"
"2","Birgersson_2016_artemisinin","artemisinin","0","6","11.324466","ng/mL","100","mg","2","0"
"2","Birgersson_2016_artemisinin","artemisinin","0","8","12.215904","ng/mL","100","mg","2","0"
"2","Birgersson_2016_artemisinin","artemisinin","0","11","1.239664","ng/mL","100","mg","2","0"
"3","Birgersson_2016_artemisinin","artemisinin","1","0",".","ng/mL","100","mg","2","."
"3","Birgersson_2016_artemisinin","artemisinin","0","0","0","ng/mL","100","mg","2","0"
"3","Birgersson_2016_artemisinin","artemisinin","0","0.25","0.211961","ng/mL","100","mg","2","0"
"3","Birgersson_2016_artemisinin","artemisinin","0","0.5","17.363477","ng/mL","100","mg","2","0"
"3","Birgersson_2016_artemisinin","artemisinin","0","1","90.743502","ng/mL","100","mg","2","0"
"3","Birgersson_2016_artemisinin","artemisinin","0","2","98.000657","ng/mL","100","mg","2","0"
"3","Birgersson_2016_artemisinin","artemisinin","0","4","24.105892","ng/mL","100","mg","2","0"
"3","Birgersson_2016_artemisinin","artemisinin","0","6","9.094314","ng/mL","100","mg","2","0"
"3","Birgersson_2016_artemisinin","artemisinin","0","8","4.879055","ng/mL","100","mg","2","0"
"3","Birgersson_2016_artemisinin","artemisinin","0","11","1.085083","ng/mL","100","mg","2","0"
"4","Birgersson_2016_artemisinin","artemisinin","1","0",".","ng/mL","100","mg","2","."
"4","Birgersson_2016_artemisinin","artemisinin","0","0","0","ng/mL","100","mg","2","0"
"4","Birgersson_2016_artemisinin","artemisinin","0","0.25","18.188076","ng/mL","100","mg","2","0"
"4","Birgersson_2016_artemisinin","artemisinin","0","0.5","82.909322","ng/mL","100","mg","2","0"
"4","Birgersson_2016_artemisinin","artemisinin","0","1","102.798051","ng/mL","100","mg","2","0"
"4","Birgersson_2016_artemisinin","artemisinin","0","2","51.804078","ng/mL","100","mg","2","0"
"4","Birgersson_2016_artemisinin","artemisinin","0","4","33.025681","ng/mL","100","mg","2","0"
"4","Birgersson_2016_artemisinin","artemisinin","0","6","29.101157","ng/mL","100","mg","2","0"
"4","Birgersson_2016_artemisinin","artemisinin","0","8","0","ng/mL","100","mg","2","1"
"4","Birgersson_2016_artemisinin","artemisinin","0","11","1.882874","ng/mL","100","mg","2","0"
"5","Birgersson_2016_artemisinin","artemisinin","1","0",".","ng/mL","100","mg","2","."
"5","Birgersson_2016_artemisinin","artemisinin","0","0","0","ng/mL","100","mg","2","0"
"5","Birgersson_2016_artemisinin","artemisinin","0","0.25","82.732669","ng/mL","100","mg","2","0"
"5","Birgersson_2016_artemisinin","artemisinin","0","0.5","61.550775","ng/mL","100","mg","2","0"
"5","Birgersson_2016_artemisinin","artemisinin","0","1","90.638273","ng/mL","100","mg","2","0"
"5","Birgersson_2016_artemisinin","artemisinin","0","2","78.165551","ng/mL","100","mg","2","0"
"5","Birgersson_2016_artemisinin","artemisinin","0","4","21.975168","ng/mL","100","mg","2","0"
"5","Birgersson_2016_artemisinin","artemisinin","0","6","15.381991","ng/mL","100","mg","2","0"
"5","Birgersson_2016_artemisinin","artemisinin","0","8","5.056006","ng/mL","100","mg","2","0"
"5","Birgersson_2016_artemisinin","artemisinin","0","11","0","ng/mL","100","mg","2","1"
"6","Birgersson_2016_artemisinin","artemisinin","1","0",".","ng/mL","100","mg","2","."
"6","Birgersson_2016_artemisinin","artemisinin","0","0","0","ng/mL","100","mg","2","0"
"6","Birgersson_2016_artemisinin","artemisinin","0","0.25","0.296873","ng/mL","100","mg","2","0"
"6","Birgersson_2016_artemisinin","artemisinin","0","0.5","9.072724","ng/mL","100","mg","2","0"
"6","Birgersson_2016_artemisinin","artemisinin","0","1","55.813967","ng/mL","100","mg","2","0"
"6","Birgersson_2016_artemisinin","artemisinin","0","2","91.577429","ng/mL","100","mg","2","0"
"6","Birgersson_2016_artemisinin","artemisinin","0","4","7.419808","ng/mL","100","mg","2","0"
"6","Birgersson_2016_artemisinin","artemisinin","0","6","22.777394","ng/mL","100","mg","2","0"
"6","Birgersson_2016_artemisinin","artemisinin","0","8","6.360495","ng/mL","100","mg","2","0"
"6","Birgersson_2016_artemisinin","artemisinin","0","11","2.688853","ng/mL","100","mg","2","0"
"7","Birgersson_2016_artemisinin","artemisinin","1","0",".","ng/mL","100","mg","2","."
"7","Birgersson_2016_artemisinin","artemisinin","0","0","0","ng/mL","100","mg","2","0"
"7","Birgersson_2016_artemisinin","artemisinin","0","0.25","0.022463","ng/mL","100","mg","2","0"
"7","Birgersson_2016_artemisinin","artemisinin","0","0.5","1.990267","ng/mL","100","mg","2","0"
"7","Birgersson_2016_artemisinin","artemisinin","0","1","49.972927","ng/mL","100","mg","2","0"
"7","Birgersson_2016_artemisinin","artemisinin","0","2","0","ng/mL","100","mg","2","1"
"7","Birgersson_2016_artemisinin","artemisinin","0","4","47.163336","ng/mL","100","mg","2","0"
"7","Birgersson_2016_artemisinin","artemisinin","0","6","20.043066","ng/mL","100","mg","2","0"
"7","Birgersson_2016_artemisinin","artemisinin","0","8","10.77117","ng/mL","100","mg","2","0"
"7","Birgersson_2016_artemisinin","artemisinin","0","11","0.191338","ng/mL","100","mg","2","0"
"8","Birgersson_2016_artemisinin","artemisinin","1","0",".","ng/mL","100","mg","2","."
"8","Birgersson_2016_artemisinin","artemisinin","0","0","0","ng/mL","100","mg","2","0"
"8","Birgersson_2016_artemisinin","artemisinin","0","0.25","0.006878","ng/mL","100","mg","2","0"
"8","Birgersson_2016_artemisinin","artemisinin","0","0.5","1.595377","ng/mL","100","mg","2","0"
"8","Birgersson_2016_artemisinin","artemisinin","0","1","36.329085","ng/mL","100","mg","2","0"
"8","Birgersson_2016_artemisinin","artemisinin","0","2","71.916129","ng/mL","100","mg","2","0"
"8","Birgersson_2016_artemisinin","artemisinin","0","4","48.4183","ng/mL","100","mg","2","0"
"8","Birgersson_2016_artemisinin","artemisinin","0","6","11.52056","ng/mL","100","mg","2","0"
"8","Birgersson_2016_artemisinin","artemisinin","0","8","13.462309","ng/mL","100","mg","2","0"
"8","Birgersson_2016_artemisinin","artemisinin","0","11","1.776276","ng/mL","100","mg","2","0"
"9","Birgersson_2016_artemisinin","artemisinin","1","0",".","ng/mL","100","mg","2","."
"9","Birgersson_2016_artemisinin","artemisinin","0","0","0","ng/mL","100","mg","2","0"
"9","Birgersson_2016_artemisinin","artemisinin","0","0.25","0.00636","ng/mL","100","mg","2","0"
"9","Birgersson_2016_artemisinin","artemisinin","0","0.5","0.715895","ng/mL","100","mg","2","0"
"9","Birgersson_2016_artemisinin","artemisinin","0","1","0","ng/mL","100","mg","2","1"
"9","Birgersson_2016_artemisinin","artemisinin","0","2","41.172555","ng/mL","100","mg","2","0"
"9","Birgersson_2016_artemisinin","artemisinin","0","4","7.623279","ng/mL","100","mg","2","0"
"9","Birgersson_2016_artemisinin","artemisinin","0","6","11.279231","ng/mL","100","mg","2","0"
"9","Birgersson_2016_artemisinin","artemisinin","0","8","3.250551","ng/mL","100","mg","2","0"
"9","Birgersson_2016_artemisinin","artemisinin","0","11","1.208485","ng/mL","100","mg","2","0"
"10","Birgersson_2016_artemisinin","artemisinin","1","0",".","ng/mL","100","mg","2","."
"10","Birgersson_2016_artemisinin","artemisinin","0","0","0","ng/mL","100","mg","2","0"
"10","Birgersson_2016_artemisinin","artemisinin","0","0.25","0.317641","ng/mL","100","mg","2","0"
"10","Birgersson_2016_artemisinin","artemisinin","0","0.5","12.272914","ng/mL","100","mg","2","0"
"10","Birgersson_2016_artemisinin","artemisinin","0","1","154.369644","ng/mL","100","mg","2","0"
"10","Birgersson_2016_artemisinin","artemisinin","0","2","88.699933","ng/mL","100","mg","2","0"
"10","Birgersson_2016_artemisinin","artemisinin","0","4","35.08036","ng/mL","100","mg","2","0"
"10","Birgersson_2016_artemisinin","artemisinin","0","6","21.098187","ng/mL","100","mg","2","0"
"10","Birgersson_2016_artemisinin","artemisinin","0","8","5.061584","ng/mL","100","mg","2","0"
"10","Birgersson_2016_artemisinin","artemisinin","0","11","2.607347","ng/mL","100","mg","2","0"
"1","Dogterom_2018_asenapine","asenapine","1","0",".","ng/mL","10","mg","2","."
"1","Dogterom_2018_asenapine","asenapine","0","0","0","ng/mL","10","mg","2","0"
"1","Dogterom_2018_asenapine","asenapine","0","0.25","6.776463","ng/mL","10","mg","2","0"
"1","Dogterom_2018_asenapine","asenapine","0","0.5","0","ng/mL","10","mg","2","1"
"1","Dogterom_2018_asenapine","asenapine","0","1","16.262265","ng/mL","10","mg","2","0"
"1","Dogterom_2018_asenapine","asenapine","0","2","6.084264","ng/mL","10","mg","2","0"
"1","Dogterom_2018_asenapine","asenapine","0","4","11.464663","ng/mL","10","mg","2","0"
"1","Dogterom_2018_asenapine","asenapine","0","6","3.92821","ng/mL","10","mg","2","0"
"1","Dogterom_2018_asenapine","asenapine","0","8","2.789477","ng/mL","10","mg","2","0"
"1","Dogterom_2018_asenapine","asenapine","0","12","1.861935","ng/mL","10","mg","2","0"
"1","Dogterom_2018_asenapine","asenapine","0","24","0","ng/mL","10","mg","2","1"
"1","Dogterom_2018_asenapine","asenapine","0","36","0.153738","ng/mL","10","mg","2","0"
"1","Dogterom_2018_asenapine","asenapine","0","48","0.472837","ng/mL","10","mg","2","0"
"1","Dogterom_2018_asenapine","asenapine","0","60","0.098013","ng/mL","10","mg","2","0"
"1","Dogterom_2018_asenapine","asenapine","0","72","0.289763","ng/mL","10","mg","2","0"
"1","Dogterom_2018_asenapine","asenapine","0","113","0.063738","ng/mL","10","mg","2","0"
"2","Dogterom_2018_asenapine","asenapine","1","0",".","ng/mL","10","mg","2","."
"2","Dogterom_2018_asenapine","asenapine","0","0","0","ng/mL","10","mg","2","0"
"2","Dogterom_2018_asenapine","asenapine","0","0.25","2.046028","ng/mL","10","mg","2","0"
"2","Dogterom_2018_asenapine","asenapine","0","0.5","4.451048","ng/mL","10","mg","2","0"
"2","Dogterom_2018_asenapine","asenapine","0","1","1.476702","ng/mL","10","mg","2","0"
"2","Dogterom_2018_asenapine","asenapine","0","2","3.952536","ng/mL","10","mg","2","0"
"2","Dogterom_2018_asenapine","asenapine","0","4","2.225424","ng/mL","10","mg","2","0"
"2","Dogterom_2018_asenapine","asenapine","0","6","1.343406","ng/mL","10","mg","2","0"
"2","Dogterom_2018_asenapine","asenapine","0","8","0","ng/mL","10","mg","2","1"
"2","Dogterom_2018_asenapine","asenapine","0","12","0.382556","ng/mL","10","mg","2","0"
"2","Dogterom_2018_asenapine","asenapine","0","24","0.179925","ng/mL","10","mg","2","0"
"2","Dogterom_2018_asenapine","asenapine","0","36","0","ng/mL","10","mg","2","1"
"2","Dogterom_2018_asenapine","asenapine","0","48","0.04514","ng/mL","10","mg","2","0"
"2","Dogterom_2018_asenapine","asenapine","0","60","0.033699","ng/mL","10","mg","2","0"
"2","Dogterom_2018_asenapine","asenapine","0","72","0.027735","ng/mL","10","mg","2","0"
"2","Dogterom_2018_asenapine","asenapine","0","113","0.006381","ng/mL","10","mg","2","0"
"3","Dogterom_2018_asenapine","asenapine","1","0",".","ng/mL","10","mg","2","."
"3","Dogterom_2018_asenapine","asenapine","0","0","0","ng/mL","10","mg","2","0"
"3","Dogterom_2018_asenapine","asenapine","0","0.25","7.046056","ng/mL","10","mg","2","0"
"3","Dogterom_2018_asenapine","asenapine","0","0.5","7.394353","ng/mL","10","mg","2","0"
"3","Dogterom_2018_asenapine","asenapine","0","1","3.093755","ng/mL","10","mg","2","0"
"3","Dogterom_2018_asenapine","asenapine","0","2","0.730877","ng/mL","10","mg","2","0"
"3","Dogterom_2018_asenapine","asenapine","0","4","2.370191","ng/mL","10","mg","2","0"
"3","Dogterom_2018_asenapine","asenapine","0","6","0.337989","ng/mL","10","mg","2","0"
"3","Dogterom_2018_asenapine","asenapine","0","8","0.428893","ng/mL","10","mg","2","0"
"3","Dogterom_2018_asenapine","asenapine","0","12","1.272821","ng/mL","10","mg","2","0"
"3","Dogterom_2018_asenapine","asenapine","0","24","0.641405","ng/mL","10","mg","2","0"
"3","Dogterom_2018_asenapine","asenapine","0","36","0.040667","ng/mL","10","mg","2","0"
"3","Dogterom_2018_asenapine","asenapine","0","48","0.128757","ng/mL","10","mg","2","0"
"3","Dogterom_2018_asenapine","asenapine","0","60","0.087744","ng/mL","10","mg","2","0"
"3","Dogterom_2018_asenapine","asenapine","0","72","0.079731","ng/mL","10","mg","2","0"
"3","Dogterom_2018_asenapine","asenapine","0","113","0.000196","ng/mL","10","mg","2","0"
"4","Dogterom_2018_asenapine","asenapine","1","0",".","ng/mL","10","mg","2","."
"4","Dogterom_2018_asenapine","asenapine","0","0","0","ng/mL","10","mg","2","0"
"4","Dogterom_2018_asenapine","asenapine","0","0.25","1.758775","ng/mL","10","mg","2","0"
"4","Dogterom_2018_asenapine","asenapine","0","0.5","3.413451","ng/mL","10","mg","2","0"
"4","Dogterom_2018_asenapine","asenapine","0","1","4.054325","ng/mL","10","mg","2","0"
"4","Dogterom_2018_asenapine","asenapine","0","2","4.284226","ng/mL","10","mg","2","0"
"4","Dogterom_2018_asenapine","asenapine","0","4","4.987339","ng/mL","10","mg","2","0"
"4","Dogterom_2018_asenapine","asenapine","0","6","1.626257","ng/mL","10","mg","2","0"
"4","Dogterom_2018_asenapine","asenapine","0","8","1.429841","ng/mL","10","mg","2","0"
"4","Dogterom_2018_asenapine","asenapine","0","12","1.080622","ng/mL","10","mg","2","0"
"4","Dogterom_2018_asenapine","asenapine","0","24","0.178586","ng/mL","10","mg","2","0"
"4","Dogterom_2018_asenapine","asenapine","0","36","0.671841","ng/mL","10","mg","2","0"
"4","Dogterom_2018_asenapine","asenapine","0","48","0.164872","ng/mL","10","mg","2","0"
"4","Dogterom_2018_asenapine","asenapine","0","60","0.297302","ng/mL","10","mg","2","0"
"4","Dogterom_2018_asenapine","asenapine","0","72","0.139373","ng/mL","10","mg","2","0"
"4","Dogterom_2018_asenapine","asenapine","0","113","0.050331","ng/mL","10","mg","2","0"
"5","Dogterom_2018_asenapine","asenapine","1","0",".","ng/mL","10","mg","2","."
"5","Dogterom_2018_asenapine","asenapine","0","0","0","ng/mL","10","mg","2","0"
"5","Dogterom_2018_asenapine","asenapine","0","0.25","0.438166","ng/mL","10","mg","2","0"
"5","Dogterom_2018_asenapine","asenapine","0","0.5","0.45001","ng/mL","10","mg","2","0"
"5","Dogterom_2018_asenapine","asenapine","0","1","1.232866","ng/mL","10","mg","2","0"
"5","Dogterom_2018_asenapine","asenapine","0","2","2.383019","ng/mL","10","mg","2","0"
"5","Dogterom_2018_asenapine","asenapine","0","4","0.637324","ng/mL","10","mg","2","0"
"5","Dogterom_2018_asenapine","asenapine","0","6","0.385127","ng/mL","10","mg","2","0"
"5","Dogterom_2018_asenapine","asenapine","0","8","0.702079","ng/mL","10","mg","2","0"
"5","Dogterom_2018_asenapine","asenapine","0","12","0","ng/mL","10","mg","2","1"
"5","Dogterom_2018_asenapine","asenapine","0","24","0.006006","ng/mL","10","mg","2","0"
"5","Dogterom_2018_asenapine","asenapine","0","36","0.036081","ng/mL","10","mg","2","0"
"5","Dogterom_2018_asenapine","asenapine","0","48","0.009295","ng/mL","10","mg","2","0"
"5","Dogterom_2018_asenapine","asenapine","0","60","0.030608","ng/mL","10","mg","2","0"
"5","Dogterom_2018_asenapine","asenapine","0","72","0.009681","ng/mL","10","mg","2","0"
"5","Dogterom_2018_asenapine","asenapine","0","113","0.002036","ng/mL","10","mg","2","0"
"6","Dogterom_2018_asenapine","asenapine","1","0",".","ng/mL","10","mg","2","."
"6","Dogterom_2018_asenapine","asenapine","0","0","0","ng/mL","10","mg","2","0"
"6","Dogterom_2018_asenapine","asenapine","0","0.25","0.187841","ng/mL","10","mg","2","0"
"6","Dogterom_2018_asenapine","asenapine","0","0.5","0.727738","ng/mL","10","mg","2","0"
"6","Dogterom_2018_asenapine","asenapine","0","1","1.778027","ng/mL","10","mg","2","0"
"6","Dogterom_2018_asenapine","asenapine","0","2","0.726526","ng/mL","10","mg","2","0"
"6","Dogterom_2018_asenapine","asenapine","0","4","2.009619","ng/mL","10","mg","2","0"
"6","Dogterom_2018_asenapine","asenapine","0","6","3.146884","ng/mL","10","mg","2","0"
"6","Dogterom_2018_asenapine","asenapine","0","8","1.646772","ng/mL","10","mg","2","0"
"6","Dogterom_2018_asenapine","asenapine","0","12","1.075849","ng/mL","10","mg","2","0"
"6","Dogterom_2018_asenapine","asenapine","0","24","0.554393","ng/mL","10","mg","2","0"
"6","Dogterom_2018_asenapine","asenapine","0","36","0.35368","ng/mL","10","mg","2","0"
"6","Dogterom_2018_asenapine","asenapine","0","48","0.050534","ng/mL","10","mg","2","0"
"6","Dogterom_2018_asenapine","asenapine","0","60","0.134452","ng/mL","10","mg","2","0"
"6","Dogterom_2018_asenapine","asenapine","0","72","0.127991","ng/mL","10","mg","2","0"
"6","Dogterom_2018_asenapine","asenapine","0","113","0.01923","ng/mL","10","mg","2","0"
"7","Dogterom_2018_asenapine","asenapine","1","0",".","ng/mL","10","mg","2","."
"7","Dogterom_2018_asenapine","asenapine","0","0","0","ng/mL","10","mg","2","0"
"7","Dogterom_2018_asenapine","asenapine","0","0.25","0.746886","ng/mL","10","mg","2","0"
"7","Dogterom_2018_asenapine","asenapine","0","0.5","1.127169","ng/mL","10","mg","2","0"
"7","Dogterom_2018_asenapine","asenapine","0","1","1.941576","ng/mL","10","mg","2","0"
"7","Dogterom_2018_asenapine","asenapine","0","2","0.646373","ng/mL","10","mg","2","0"
"7","Dogterom_2018_asenapine","asenapine","0","4","0","ng/mL","10","mg","2","1"
"7","Dogterom_2018_asenapine","asenapine","0","6","0.920724","ng/mL","10","mg","2","0"
"7","Dogterom_2018_asenapine","asenapine","0","8","0.463426","ng/mL","10","mg","2","0"
"7","Dogterom_2018_asenapine","asenapine","0","12","0","ng/mL","10","mg","2","1"
"7","Dogterom_2018_asenapine","asenapine","0","24","0.093979","ng/mL","10","mg","2","0"
"7","Dogterom_2018_asenapine","asenapine","0","36","0.062468","ng/mL","10","mg","2","0"
"7","Dogterom_2018_asenapine","asenapine","0","48","0.017707","ng/mL","10","mg","2","0"
"7","Dogterom_2018_asenapine","asenapine","0","60","0.01324","ng/mL","10","mg","2","0"
"7","Dogterom_2018_asenapine","asenapine","0","72","0.009215","ng/mL","10","mg","2","0"
"7","Dogterom_2018_asenapine","asenapine","0","113","0.002309","ng/mL","10","mg","2","0"
"8","Dogterom_2018_asenapine","asenapine","1","0",".","ng/mL","10","mg","2","."
"8","Dogterom_2018_asenapine","asenapine","0","0","0","ng/mL","10","mg","2","0"
"8","Dogterom_2018_asenapine","asenapine","0","0.25","0.980239","ng/mL","10","mg","2","0"
"8","Dogterom_2018_asenapine","asenapine","0","0.5","1.074326","ng/mL","10","mg","2","0"
"8","Dogterom_2018_asenapine","asenapine","0","1","1.10342","ng/mL","10","mg","2","0"
"8","Dogterom_2018_asenapine","asenapine","0","2","1.256656","ng/mL","10","mg","2","0"
"8","Dogterom_2018_asenapine","asenapine","0","4","0.688956","ng/mL","10","mg","2","0"
"8","Dogterom_2018_asenapine","asenapine","0","6","1.07229","ng/mL","10","mg","2","0"
"8","Dogterom_2018_asenapine","asenapine","0","8","0.71101","ng/mL","10","mg","2","0"
"8","Dogterom_2018_asenapine","asenapine","0","12","0.541548","ng/mL","10","mg","2","0"
"8","Dogterom_2018_asenapine","asenapine","0","24","0.318126","ng/mL","10","mg","2","0"
"8","Dogterom_2018_asenapine","asenapine","0","36","0.215697","ng/mL","10","mg","2","0"
"8","Dogterom_2018_asenapine","asenapine","0","48","0.048759","ng/mL","10","mg","2","0"
"8","Dogterom_2018_asenapine","asenapine","0","60","0.009761","ng/mL","10","mg","2","0"
"8","Dogterom_2018_asenapine","asenapine","0","72","0.070292","ng/mL","10","mg","2","0"
"8","Dogterom_2018_asenapine","asenapine","0","113","0.006105","ng/mL","10","mg","2","0"
"9","Dogterom_2018_asenapine","asenapine","1","0",".","ng/mL","10","mg","2","."
"9","Dogterom_2018_asenapine","asenapine","0","0","0","ng/mL","10","mg","2","0"
"9","Dogterom_2018_asenapine","asenapine","0","0.25","3.097032","ng/mL","10","mg","2","0"
"9","Dogterom_2018_asenapine","asenapine","0","0.5","6.570357","ng/mL","10","mg","2","0"
"9","Dogterom_2018_asenapine","asenapine","0","1","5.293231","ng/mL","10","mg","2","0"
"9","Dogterom_2018_asenapine","asenapine","0","2","4.90128","ng/mL","10","mg","2","0"
"9","Dogterom_2018_asenapine","asenapine","0","4","2.069434","ng/mL","10","mg","2","0"
"9","Dogterom_2018_asenapine","asenapine","0","6","1.295953","ng/mL","10","mg","2","0"
"9","Dogterom_2018_asenapine","asenapine","0","8","0.15517","ng/mL","10","mg","2","0"
"9","Dogterom_2018_asenapine","asenapine","0","12","0.435093","ng/mL","10","mg","2","0"
"9","Dogterom_2018_asenapine","asenapine","0","24","0.274133","ng/mL","10","mg","2","0"
"9","Dogterom_2018_asenapine","asenapine","0","36","0.459217","ng/mL","10","mg","2","0"
"9","Dogterom_2018_asenapine","asenapine","0","48","0.112887","ng/mL","10","mg","2","0"
"9","Dogterom_2018_asenapine","asenapine","0","60","0.060044","ng/mL","10","mg","2","0"
"9","Dogterom_2018_asenapine","asenapine","0","72","0.104703","ng/mL","10","mg","2","0"
"9","Dogterom_2018_asenapine","asenapine","0","113","0.03911","ng/mL","10","mg","2","0"
"10","Dogterom_2018_asenapine","asenapine","1","0",".","ng/mL","10","mg","2","."
"10","Dogterom_2018_asenapine","asenapine","0","0","0","ng/mL","10","mg","2","0"
"10","Dogterom_2018_asenapine","asenapine","0","0.25","8.417621","ng/mL","10","mg","2","0"
"10","Dogterom_2018_asenapine","asenapine","0","0.5","0","ng/mL","10","mg","2","1"
"10","Dogterom_2018_asenapine","asenapine","0","1","5.200266","ng/mL","10","mg","2","0"
"10","Dogterom_2018_asenapine","asenapine","0","2","18.115963","ng/mL","10","mg","2","0"
"10","Dogterom_2018_asenapine","asenapine","0","4","0.419739","ng/mL","10","mg","2","0"
"10","Dogterom_2018_asenapine","asenapine","0","6","2.177362","ng/mL","10","mg","2","0"
"10","Dogterom_2018_asenapine","asenapine","0","8","1.100498","ng/mL","10","mg","2","0"
"10","Dogterom_2018_asenapine","asenapine","0","12","1.013275","ng/mL","10","mg","2","0"
"10","Dogterom_2018_asenapine","asenapine","0","24","0.363085","ng/mL","10","mg","2","0"
"10","Dogterom_2018_asenapine","asenapine","0","36","0.589163","ng/mL","10","mg","2","0"
"10","Dogterom_2018_asenapine","asenapine","0","48","0.211795","ng/mL","10","mg","2","0"
"10","Dogterom_2018_asenapine","asenapine","0","60","0.182838","ng/mL","10","mg","2","0"
"10","Dogterom_2018_asenapine","asenapine","0","72","0.241529","ng/mL","10","mg","2","0"
"10","Dogterom_2018_asenapine","asenapine","0","113","0.072564","ng/mL","10","mg","2","0"
"1","Masters_2022_avelumab","avelumab","1","0",".","ug/mL","800","mg","1","."
"1","Masters_2022_avelumab","avelumab","0","0","202.489632","ug/mL","800","mg","1","0"
"1","Masters_2022_avelumab","avelumab","0","1","227.477919","ug/mL","800","mg","1","0"
"1","Masters_2022_avelumab","avelumab","0","2","204.971722","ug/mL","800","mg","1","0"
"1","Masters_2022_avelumab","avelumab","0","4","190.616186","ug/mL","800","mg","1","0"
"1","Masters_2022_avelumab","avelumab","0","8","157.400467","ug/mL","800","mg","1","0"
"1","Masters_2022_avelumab","avelumab","0","24","164.613463","ug/mL","800","mg","1","0"
"1","Masters_2022_avelumab","avelumab","0","48","159.958819","ug/mL","800","mg","1","0"
"1","Masters_2022_avelumab","avelumab","0","72","67.7909","ug/mL","800","mg","1","0"
"1","Masters_2022_avelumab","avelumab","0","96","105.820322","ug/mL","800","mg","1","0"
"1","Masters_2022_avelumab","avelumab","0","120","99.765463","ug/mL","800","mg","1","0"
"1","Masters_2022_avelumab","avelumab","0","168","63.712012","ug/mL","800","mg","1","0"
"1","Masters_2022_avelumab","avelumab","0","336","18.594348","ug/mL","800","mg","1","0"
"1","Masters_2022_avelumab","avelumab","0","504","6.283491","ug/mL","800","mg","1","0"
"1","Masters_2022_avelumab","avelumab","0","521","2.280664","ug/mL","800","mg","1","0"
"2","Masters_2022_avelumab","avelumab","1","0",".","ug/mL","800","mg","1","."
"2","Masters_2022_avelumab","avelumab","0","0","238.284227","ug/mL","800","mg","1","0"
"2","Masters_2022_avelumab","avelumab","0","1","354.545135","ug/mL","800","mg","1","0"
"2","Masters_2022_avelumab","avelumab","0","2","322.650886","ug/mL","800","mg","1","0"
"2","Masters_2022_avelumab","avelumab","0","4","311.144758","ug/mL","800","mg","1","0"
"2","Masters_2022_avelumab","avelumab","0","8","260.413362","ug/mL","800","mg","1","0"
"2","Masters_2022_avelumab","avelumab","0","24","216.395936","ug/mL","800","mg","1","0"
"2","Masters_2022_avelumab","avelumab","0","48","172.988486","ug/mL","800","mg","1","0"
"2","Masters_2022_avelumab","avelumab","0","72","102.529646","ug/mL","800","mg","1","0"
"2","Masters_2022_avelumab","avelumab","0","96","82.643536","ug/mL","800","mg","1","0"
"2","Masters_2022_avelumab","avelumab","0","120","80.933151","ug/mL","800","mg","1","0"
"2","Masters_2022_avelumab","avelumab","0","168","59.387855","ug/mL","800","mg","1","0"
"2","Masters_2022_avelumab","avelumab","0","336","17.570337","ug/mL","800","mg","1","0"
"2","Masters_2022_avelumab","avelumab","0","504","11.152998","ug/mL","800","mg","1","0"
"2","Masters_2022_avelumab","avelumab","0","521","11.361958","ug/mL","800","mg","1","0"
"3","Masters_2022_avelumab","avelumab","1","0",".","ug/mL","800","mg","1","."
"3","Masters_2022_avelumab","avelumab","0","0","217.722421","ug/mL","800","mg","1","0"
"3","Masters_2022_avelumab","avelumab","0","1","237.262372","ug/mL","800","mg","1","0"
"3","Masters_2022_avelumab","avelumab","0","2","273.319583","ug/mL","800","mg","1","0"
"3","Masters_2022_avelumab","avelumab","0","4","250.993976","ug/mL","800","mg","1","0"
"3","Masters_2022_avelumab","avelumab","0","8","208.443397","ug/mL","800","mg","1","0"
"3","Masters_2022_avelumab","avelumab","0","24","176.433214","ug/mL","800","mg","1","0"
"3","Masters_2022_avelumab","avelumab","0","48","159.975239","ug/mL","800","mg","1","0"
"3","Masters_2022_avelumab","avelumab","0","72","112.90439","ug/mL","800","mg","1","0"
"3","Masters_2022_avelumab","avelumab","0","96","62.785377","ug/mL","800","mg","1","0"
"3","Masters_2022_avelumab","avelumab","0","120","56.810128","ug/mL","800","mg","1","0"
"3","Masters_2022_avelumab","avelumab","0","168","38.125554","ug/mL","800","mg","1","0"
"3","Masters_2022_avelumab","avelumab","0","336","32.895672","ug/mL","800","mg","1","0"
"3","Masters_2022_avelumab","avelumab","0","504","17.359406","ug/mL","800","mg","1","0"
"3","Masters_2022_avelumab","avelumab","0","521","12.725302","ug/mL","800","mg","1","0"
"4","Masters_2022_avelumab","avelumab","1","0",".","ug/mL","800","mg","1","."
"4","Masters_2022_avelumab","avelumab","0","0","338.08809","ug/mL","800","mg","1","0"
"4","Masters_2022_avelumab","avelumab","0","1","441.891009","ug/mL","800","mg","1","0"
"4","Masters_2022_avelumab","avelumab","0","2","351.792564","ug/mL","800","mg","1","0"
"4","Masters_2022_avelumab","avelumab","0","4","290.491197","ug/mL","800","mg","1","0"
"4","Masters_2022_avelumab","avelumab","0","8","269.360825","ug/mL","800","mg","1","0"
"4","Masters_2022_avelumab","avelumab","0","24","174.678447","ug/mL","800","mg","1","0"
"4","Masters_2022_avelumab","avelumab","0","48","143.967867","ug/mL","800","mg","1","0"
"4","Masters_2022_avelumab","avelumab","0","72","138.919404","ug/mL","800","mg","1","0"
"4","Masters_2022_avelumab","avelumab","0","96","103.993152","ug/mL","800","mg","1","0"
"4","Masters_2022_avelumab","avelumab","0","120","76.167599","ug/mL","800","mg","1","0"
"4","Masters_2022_avelumab","avelumab","0","168","86.05455","ug/mL","800","mg","1","0"
"4","Masters_2022_avelumab","avelumab","0","336","32.641094","ug/mL","800","mg","1","0"
"4","Masters_2022_avelumab","avelumab","0","504","20.739265","ug/mL","800","mg","1","0"
"4","Masters_2022_avelumab","avelumab","0","521","18.320383","ug/mL","800","mg","1","0"
"5","Masters_2022_avelumab","avelumab","1","0",".","ug/mL","800","mg","1","."
"5","Masters_2022_avelumab","avelumab","0","0","224.00654","ug/mL","800","mg","1","0"
"5","Masters_2022_avelumab","avelumab","0","1","185.760467","ug/mL","800","mg","1","0"
"5","Masters_2022_avelumab","avelumab","0","2","186.057484","ug/mL","800","mg","1","0"
"5","Masters_2022_avelumab","avelumab","0","4","225.637868","ug/mL","800","mg","1","0"
"5","Masters_2022_avelumab","avelumab","0","8","178.345691","ug/mL","800","mg","1","0"
"5","Masters_2022_avelumab","avelumab","0","24","121.27172","ug/mL","800","mg","1","0"
"5","Masters_2022_avelumab","avelumab","0","48","111.403377","ug/mL","800","mg","1","0"
"5","Masters_2022_avelumab","avelumab","0","72","98.153632","ug/mL","800","mg","1","0"
"5","Masters_2022_avelumab","avelumab","0","96","65.719847","ug/mL","800","mg","1","0"
"5","Masters_2022_avelumab","avelumab","0","120","39.23449","ug/mL","800","mg","1","0"
"5","Masters_2022_avelumab","avelumab","0","168","25.878785","ug/mL","800","mg","1","0"
"5","Masters_2022_avelumab","avelumab","0","336","5.381817","ug/mL","800","mg","1","0"
"5","Masters_2022_avelumab","avelumab","0","504","0","ug/mL","800","mg","1","1"
"5","Masters_2022_avelumab","avelumab","0","521","2.677078","ug/mL","800","mg","1","0"
"6","Masters_2022_avelumab","avelumab","1","0",".","ug/mL","800","mg","1","."
"6","Masters_2022_avelumab","avelumab","0","0","246.924712","ug/mL","800","mg","1","0"
"6","Masters_2022_avelumab","avelumab","0","1","247.231265","ug/mL","800","mg","1","0"
"6","Masters_2022_avelumab","avelumab","0","2","248.858411","ug/mL","800","mg","1","0"
"6","Masters_2022_avelumab","avelumab","0","4","270.756926","ug/mL","800","mg","1","0"
"6","Masters_2022_avelumab","avelumab","0","8","259.034137","ug/mL","800","mg","1","0"
"6","Masters_2022_avelumab","avelumab","0","24","200.901555","ug/mL","800","mg","1","0"
"6","Masters_2022_avelumab","avelumab","0","48","75.077423","ug/mL","800","mg","1","0"
"6","Masters_2022_avelumab","avelumab","0","72","136.778487","ug/mL","800","mg","1","0"
"6","Masters_2022_avelumab","avelumab","0","96","123.04629","ug/mL","800","mg","1","0"
"6","Masters_2022_avelumab","avelumab","0","120","114.333514","ug/mL","800","mg","1","0"
"6","Masters_2022_avelumab","avelumab","0","168","64.181451","ug/mL","800","mg","1","0"
"6","Masters_2022_avelumab","avelumab","0","336","27.429416","ug/mL","800","mg","1","0"
"6","Masters_2022_avelumab","avelumab","0","504","10.888722","ug/mL","800","mg","1","0"
"6","Masters_2022_avelumab","avelumab","0","521","13.419093","ug/mL","800","mg","1","0"
"7","Masters_2022_avelumab","avelumab","1","0",".","ug/mL","800","mg","1","."
"7","Masters_2022_avelumab","avelumab","0","0","321.819776","ug/mL","800","mg","1","0"
"7","Masters_2022_avelumab","avelumab","0","1","294.241246","ug/mL","800","mg","1","0"
"7","Masters_2022_avelumab","avelumab","0","2","411.078911","ug/mL","800","mg","1","0"
"7","Masters_2022_avelumab","avelumab","0","4","300.168799","ug/mL","800","mg","1","0"
"7","Masters_2022_avelumab","avelumab","0","8","213.942457","ug/mL","800","mg","1","0"
"7","Masters_2022_avelumab","avelumab","0","24","242.580114","ug/mL","800","mg","1","0"
"7","Masters_2022_avelumab","avelumab","0","48","143.585478","ug/mL","800","mg","1","0"
"7","Masters_2022_avelumab","avelumab","0","72","162.404843","ug/mL","800","mg","1","0"
"7","Masters_2022_avelumab","avelumab","0","96","113.419113","ug/mL","800","mg","1","0"
"7","Masters_2022_avelumab","avelumab","0","120","98.66319","ug/mL","800","mg","1","0"
"7","Masters_2022_avelumab","avelumab","0","168","58.631658","ug/mL","800","mg","1","0"
"7","Masters_2022_avelumab","avelumab","0","336","15.048109","ug/mL","800","mg","1","0"
"7","Masters_2022_avelumab","avelumab","0","504","4.248088","ug/mL","800","mg","1","0"
"7","Masters_2022_avelumab","avelumab","0","521","2.465439","ug/mL","800","mg","1","0"
"8","Masters_2022_avelumab","avelumab","1","0",".","ug/mL","800","mg","1","."
"8","Masters_2022_avelumab","avelumab","0","0","209.565811","ug/mL","800","mg","1","0"
"8","Masters_2022_avelumab","avelumab","0","1","226.129425","ug/mL","800","mg","1","0"
"8","Masters_2022_avelumab","avelumab","0","2","226.087601","ug/mL","800","mg","1","0"
"8","Masters_2022_avelumab","avelumab","0","4","212.744633","ug/mL","800","mg","1","0"
"8","Masters_2022_avelumab","avelumab","0","8","124.323845","ug/mL","800","mg","1","0"
"8","Masters_2022_avelumab","avelumab","0","24","115.232273","ug/mL","800","mg","1","0"
"8","Masters_2022_avelumab","avelumab","0","48","151.053279","ug/mL","800","mg","1","0"
"8","Masters_2022_avelumab","avelumab","0","72","97.82465","ug/mL","800","mg","1","0"
"8","Masters_2022_avelumab","avelumab","0","96","64.41911","ug/mL","800","mg","1","0"
"8","Masters_2022_avelumab","avelumab","0","120","53.482323","ug/mL","800","mg","1","0"
"8","Masters_2022_avelumab","avelumab","0","168","48.088707","ug/mL","800","mg","1","0"
"8","Masters_2022_avelumab","avelumab","0","336","10.250285","ug/mL","800","mg","1","0"
"8","Masters_2022_avelumab","avelumab","0","504","8.902912","ug/mL","800","mg","1","0"
"8","Masters_2022_avelumab","avelumab","0","521","6.394599","ug/mL","800","mg","1","0"
"9","Masters_2022_avelumab","avelumab","1","0",".","ug/mL","800","mg","1","."
"9","Masters_2022_avelumab","avelumab","0","0","248.515665","ug/mL","800","mg","1","0"
"9","Masters_2022_avelumab","avelumab","0","1","257.079","ug/mL","800","mg","1","0"
"9","Masters_2022_avelumab","avelumab","0","2","228.871627","ug/mL","800","mg","1","0"
"9","Masters_2022_avelumab","avelumab","0","4","125.786709","ug/mL","800","mg","1","0"
"9","Masters_2022_avelumab","avelumab","0","8","171.655912","ug/mL","800","mg","1","0"
"9","Masters_2022_avelumab","avelumab","0","24","197.510816","ug/mL","800","mg","1","0"
"9","Masters_2022_avelumab","avelumab","0","48","118.327368","ug/mL","800","mg","1","0"
"9","Masters_2022_avelumab","avelumab","0","72","57.238443","ug/mL","800","mg","1","0"
"9","Masters_2022_avelumab","avelumab","0","96","62.422539","ug/mL","800","mg","1","0"
"9","Masters_2022_avelumab","avelumab","0","120","59.61897","ug/mL","800","mg","1","0"
"9","Masters_2022_avelumab","avelumab","0","168","38.609552","ug/mL","800","mg","1","0"
"9","Masters_2022_avelumab","avelumab","0","336","16.38872","ug/mL","800","mg","1","0"
"9","Masters_2022_avelumab","avelumab","0","504","7.281231","ug/mL","800","mg","1","0"
"9","Masters_2022_avelumab","avelumab","0","521","8.52476","ug/mL","800","mg","1","0"
"10","Masters_2022_avelumab","avelumab","1","0",".","ug/mL","800","mg","1","."
"10","Masters_2022_avelumab","avelumab","0","0","216.703979","ug/mL","800","mg","1","0"
"10","Masters_2022_avelumab","avelumab","0","1","248.323839","ug/mL","800","mg","1","0"
"10","Masters_2022_avelumab","avelumab","0","2","231.934359","ug/mL","800","mg","1","0"
"10","Masters_2022_avelumab","avelumab","0","4","219.469617","ug/mL","800","mg","1","0"
"10","Masters_2022_avelumab","avelumab","0","8","201.901833","ug/mL","800","mg","1","0"
"10","Masters_2022_avelumab","avelumab","0","24","196.599128","ug/mL","800","mg","1","0"
"10","Masters_2022_avelumab","avelumab","0","48","166.960687","ug/mL","800","mg","1","0"
"10","Masters_2022_avelumab","avelumab","0","72","121.353243","ug/mL","800","mg","1","0"
"10","Masters_2022_avelumab","avelumab","0","96","114.256038","ug/mL","800","mg","1","0"
"10","Masters_2022_avelumab","avelumab","0","120","134.73561","ug/mL","800","mg","1","0"
"10","Masters_2022_avelumab","avelumab","0","168","96.865187","ug/mL","800","mg","1","0"
"10","Masters_2022_avelumab","avelumab","0","336","41.869523","ug/mL","800","mg","1","0"
"10","Masters_2022_avelumab","avelumab","0","504","12.909264","ug/mL","800","mg","1","0"
"10","Masters_2022_avelumab","avelumab","0","521","12.180565","ug/mL","800","mg","1","0"
"1","Garmann_2017_BAY81_8973","BAY81_8973","1","0",".","IU/dL","100","mg","1","."
"1","Garmann_2017_BAY81_8973","BAY81_8973","0","0","1.217991","IU/dL","100","mg","1","0"
"1","Garmann_2017_BAY81_8973","BAY81_8973","0","0.25","3.727089","IU/dL","100","mg","1","0"
"1","Garmann_2017_BAY81_8973","BAY81_8973","0","0.5","0.010326","IU/dL","100","mg","1","0"
"1","Garmann_2017_BAY81_8973","BAY81_8973","0","1","5.659659","IU/dL","100","mg","1","0"
"1","Garmann_2017_BAY81_8973","BAY81_8973","0","2","5.059756","IU/dL","100","mg","1","0"
"1","Garmann_2017_BAY81_8973","BAY81_8973","0","4","3.0754","IU/dL","100","mg","1","0"
"1","Garmann_2017_BAY81_8973","BAY81_8973","0","6","2.61002","IU/dL","100","mg","1","0"
"1","Garmann_2017_BAY81_8973","BAY81_8973","0","8","2.981432","IU/dL","100","mg","1","0"
"1","Garmann_2017_BAY81_8973","BAY81_8973","0","12","2.522881","IU/dL","100","mg","1","0"
"1","Garmann_2017_BAY81_8973","BAY81_8973","0","24","0.27517","IU/dL","100","mg","1","0"
"1","Garmann_2017_BAY81_8973","BAY81_8973","0","36","0.677224","IU/dL","100","mg","1","0"
"1","Garmann_2017_BAY81_8973","BAY81_8973","0","48","0.427635","IU/dL","100","mg","1","0"
"1","Garmann_2017_BAY81_8973","BAY81_8973","0","60","1.061428","IU/dL","100","mg","1","0"
"1","Garmann_2017_BAY81_8973","BAY81_8973","0","71","1.536673","IU/dL","100","mg","1","0"
"2","Garmann_2017_BAY81_8973","BAY81_8973","1","0",".","IU/dL","100","mg","1","."
"2","Garmann_2017_BAY81_8973","BAY81_8973","0","0","2.196317","IU/dL","100","mg","1","0"
"2","Garmann_2017_BAY81_8973","BAY81_8973","0","0.25","3.84342","IU/dL","100","mg","1","0"
"2","Garmann_2017_BAY81_8973","BAY81_8973","0","0.5","4.163151","IU/dL","100","mg","1","0"
"2","Garmann_2017_BAY81_8973","BAY81_8973","0","1","2.054679","IU/dL","100","mg","1","0"
"2","Garmann_2017_BAY81_8973","BAY81_8973","0","2","2.080407","IU/dL","100","mg","1","0"
"2","Garmann_2017_BAY81_8973","BAY81_8973","0","4","2.240562","IU/dL","100","mg","1","0"
"2","Garmann_2017_BAY81_8973","BAY81_8973","0","6","0.316769","IU/dL","100","mg","1","0"
"2","Garmann_2017_BAY81_8973","BAY81_8973","0","8","3.02724","IU/dL","100","mg","1","0"
"2","Garmann_2017_BAY81_8973","BAY81_8973","0","12","1.727465","IU/dL","100","mg","1","0"
"2","Garmann_2017_BAY81_8973","BAY81_8973","0","24","0.63029","IU/dL","100","mg","1","0"
"2","Garmann_2017_BAY81_8973","BAY81_8973","0","36","0","IU/dL","100","mg","1","1"
"2","Garmann_2017_BAY81_8973","BAY81_8973","0","48","0.288112","IU/dL","100","mg","1","0"
"2","Garmann_2017_BAY81_8973","BAY81_8973","0","60","0.081128","IU/dL","100","mg","1","0"
"2","Garmann_2017_BAY81_8973","BAY81_8973","0","71","0","IU/dL","100","mg","1","1"
"3","Garmann_2017_BAY81_8973","BAY81_8973","1","0",".","IU/dL","100","mg","1","."
"3","Garmann_2017_BAY81_8973","BAY81_8973","0","0","1.078761","IU/dL","100","mg","1","0"
"3","Garmann_2017_BAY81_8973","BAY81_8973","0","0.25","2.680202","IU/dL","100","mg","1","0"
"3","Garmann_2017_BAY81_8973","BAY81_8973","0","0.5","2.079119","IU/dL","100","mg","1","0"
"3","Garmann_2017_BAY81_8973","BAY81_8973","0","1","3.718829","IU/dL","100","mg","1","0"
"3","Garmann_2017_BAY81_8973","BAY81_8973","0","2","3.945725","IU/dL","100","mg","1","0"
"3","Garmann_2017_BAY81_8973","BAY81_8973","0","4","0.621977","IU/dL","100","mg","1","0"
"3","Garmann_2017_BAY81_8973","BAY81_8973","0","6","2.259585","IU/dL","100","mg","1","0"
"3","Garmann_2017_BAY81_8973","BAY81_8973","0","8","0.820204","IU/dL","100","mg","1","0"
"3","Garmann_2017_BAY81_8973","BAY81_8973","0","12","0.994791","IU/dL","100","mg","1","0"
"3","Garmann_2017_BAY81_8973","BAY81_8973","0","24","0.924276","IU/dL","100","mg","1","0"
"3","Garmann_2017_BAY81_8973","BAY81_8973","0","36","0","IU/dL","100","mg","1","1"
"3","Garmann_2017_BAY81_8973","BAY81_8973","0","48","1.597312","IU/dL","100","mg","1","0"
"3","Garmann_2017_BAY81_8973","BAY81_8973","0","60","0","IU/dL","100","mg","1","1"
"3","Garmann_2017_BAY81_8973","BAY81_8973","0","71","0.110005","IU/dL","100","mg","1","0"
"4","Garmann_2017_BAY81_8973","BAY81_8973","1","0",".","IU/dL","100","mg","1","."
"4","Garmann_2017_BAY81_8973","BAY81_8973","0","0","4.422183","IU/dL","100","mg","1","0"
"4","Garmann_2017_BAY81_8973","BAY81_8973","0","0.25","2.23763","IU/dL","100","mg","1","0"
"4","Garmann_2017_BAY81_8973","BAY81_8973","0","0.5","2.968737","IU/dL","100","mg","1","0"
"4","Garmann_2017_BAY81_8973","BAY81_8973","0","1","3.545817","IU/dL","100","mg","1","0"
"4","Garmann_2017_BAY81_8973","BAY81_8973","0","2","1.699264","IU/dL","100","mg","1","0"
"4","Garmann_2017_BAY81_8973","BAY81_8973","0","4","2.295166","IU/dL","100","mg","1","0"
"4","Garmann_2017_BAY81_8973","BAY81_8973","0","6","2.313702","IU/dL","100","mg","1","0"
"4","Garmann_2017_BAY81_8973","BAY81_8973","0","8","1.063141","IU/dL","100","mg","1","0"
"4","Garmann_2017_BAY81_8973","BAY81_8973","0","12","1.260656","IU/dL","100","mg","1","0"
"4","Garmann_2017_BAY81_8973","BAY81_8973","0","24","1.102799","IU/dL","100","mg","1","0"
"4","Garmann_2017_BAY81_8973","BAY81_8973","0","36","2.546737","IU/dL","100","mg","1","0"
"4","Garmann_2017_BAY81_8973","BAY81_8973","0","48","1.353726","IU/dL","100","mg","1","0"
"4","Garmann_2017_BAY81_8973","BAY81_8973","0","60","0","IU/dL","100","mg","1","1"
"4","Garmann_2017_BAY81_8973","BAY81_8973","0","71","0.783863","IU/dL","100","mg","1","0"
"5","Garmann_2017_BAY81_8973","BAY81_8973","1","0",".","IU/dL","100","mg","1","."
"5","Garmann_2017_BAY81_8973","BAY81_8973","0","0","4.107682","IU/dL","100","mg","1","0"
"5","Garmann_2017_BAY81_8973","BAY81_8973","0","0.25","4.952986","IU/dL","100","mg","1","0"
"5","Garmann_2017_BAY81_8973","BAY81_8973","0","0.5","1.3892","IU/dL","100","mg","1","0"
"5","Garmann_2017_BAY81_8973","BAY81_8973","0","1","3.74063","IU/dL","100","mg","1","0"
"5","Garmann_2017_BAY81_8973","BAY81_8973","0","2","1.373247","IU/dL","100","mg","1","0"
"5","Garmann_2017_BAY81_8973","BAY81_8973","0","4","3.055872","IU/dL","100","mg","1","0"
"5","Garmann_2017_BAY81_8973","BAY81_8973","0","6","3.800316","IU/dL","100","mg","1","0"
"5","Garmann_2017_BAY81_8973","BAY81_8973","0","8","3.74527","IU/dL","100","mg","1","0"
"5","Garmann_2017_BAY81_8973","BAY81_8973","0","12","0.404498","IU/dL","100","mg","1","0"
"5","Garmann_2017_BAY81_8973","BAY81_8973","0","24","1.334022","IU/dL","100","mg","1","0"
"5","Garmann_2017_BAY81_8973","BAY81_8973","0","36","3.060673","IU/dL","100","mg","1","0"
"5","Garmann_2017_BAY81_8973","BAY81_8973","0","48","1.172166","IU/dL","100","mg","1","0"
"5","Garmann_2017_BAY81_8973","BAY81_8973","0","60","0","IU/dL","100","mg","1","1"
"5","Garmann_2017_BAY81_8973","BAY81_8973","0","71","0","IU/dL","100","mg","1","1"
"6","Garmann_2017_BAY81_8973","BAY81_8973","1","0",".","IU/dL","100","mg","1","."
"6","Garmann_2017_BAY81_8973","BAY81_8973","0","0","0.412596","IU/dL","100","mg","1","0"
"6","Garmann_2017_BAY81_8973","BAY81_8973","0","0.25","1.915547","IU/dL","100","mg","1","0"
"6","Garmann_2017_BAY81_8973","BAY81_8973","0","0.5","3.929722","IU/dL","100","mg","1","0"
"6","Garmann_2017_BAY81_8973","BAY81_8973","0","1","3.308964","IU/dL","100","mg","1","0"
"6","Garmann_2017_BAY81_8973","BAY81_8973","0","2","2.221766","IU/dL","100","mg","1","0"
"6","Garmann_2017_BAY81_8973","BAY81_8973","0","4","1.999102","IU/dL","100","mg","1","0"
"6","Garmann_2017_BAY81_8973","BAY81_8973","0","6","0.64465","IU/dL","100","mg","1","0"
"6","Garmann_2017_BAY81_8973","BAY81_8973","0","8","0","IU/dL","100","mg","1","1"
"6","Garmann_2017_BAY81_8973","BAY81_8973","0","12","2.695915","IU/dL","100","mg","1","0"
"6","Garmann_2017_BAY81_8973","BAY81_8973","0","24","0","IU/dL","100","mg","1","1"
"6","Garmann_2017_BAY81_8973","BAY81_8973","0","36","0.418906","IU/dL","100","mg","1","0"
"6","Garmann_2017_BAY81_8973","BAY81_8973","0","48","0","IU/dL","100","mg","1","1"
"6","Garmann_2017_BAY81_8973","BAY81_8973","0","60","0.521471","IU/dL","100","mg","1","0"
"6","Garmann_2017_BAY81_8973","BAY81_8973","0","71","0","IU/dL","100","mg","1","1"
"7","Garmann_2017_BAY81_8973","BAY81_8973","1","0",".","IU/dL","100","mg","1","."
"7","Garmann_2017_BAY81_8973","BAY81_8973","0","0","1.888667","IU/dL","100","mg","1","0"
"7","Garmann_2017_BAY81_8973","BAY81_8973","0","0.25","4.102951","IU/dL","100","mg","1","0"
"7","Garmann_2017_BAY81_8973","BAY81_8973","0","0.5","1.088339","IU/dL","100","mg","1","0"
"7","Garmann_2017_BAY81_8973","BAY81_8973","0","1","3.152294","IU/dL","100","mg","1","0"
"7","Garmann_2017_BAY81_8973","BAY81_8973","0","2","2.546222","IU/dL","100","mg","1","0"
"7","Garmann_2017_BAY81_8973","BAY81_8973","0","4","1.378785","IU/dL","100","mg","1","0"
"7","Garmann_2017_BAY81_8973","BAY81_8973","0","6","3.048507","IU/dL","100","mg","1","0"
"7","Garmann_2017_BAY81_8973","BAY81_8973","0","8","0.796683","IU/dL","100","mg","1","0"
"7","Garmann_2017_BAY81_8973","BAY81_8973","0","12","1.885693","IU/dL","100","mg","1","0"
"7","Garmann_2017_BAY81_8973","BAY81_8973","0","24","0.802011","IU/dL","100","mg","1","0"
"7","Garmann_2017_BAY81_8973","BAY81_8973","0","36","0.695647","IU/dL","100","mg","1","0"
"7","Garmann_2017_BAY81_8973","BAY81_8973","0","48","0.310369","IU/dL","100","mg","1","0"
"7","Garmann_2017_BAY81_8973","BAY81_8973","0","60","0","IU/dL","100","mg","1","1"
"7","Garmann_2017_BAY81_8973","BAY81_8973","0","71","0","IU/dL","100","mg","1","1"
"8","Garmann_2017_BAY81_8973","BAY81_8973","1","0",".","IU/dL","100","mg","1","."
"8","Garmann_2017_BAY81_8973","BAY81_8973","0","0","1.366093","IU/dL","100","mg","1","0"
"8","Garmann_2017_BAY81_8973","BAY81_8973","0","0.25","2.128799","IU/dL","100","mg","1","0"
"8","Garmann_2017_BAY81_8973","BAY81_8973","0","0.5","1.649578","IU/dL","100","mg","1","0"
"8","Garmann_2017_BAY81_8973","BAY81_8973","0","1","2.819654","IU/dL","100","mg","1","0"
"8","Garmann_2017_BAY81_8973","BAY81_8973","0","2","4.223815","IU/dL","100","mg","1","0"
"8","Garmann_2017_BAY81_8973","BAY81_8973","0","4","2.214489","IU/dL","100","mg","1","0"
"8","Garmann_2017_BAY81_8973","BAY81_8973","0","6","2.397057","IU/dL","100","mg","1","0"
"8","Garmann_2017_BAY81_8973","BAY81_8973","0","8","1.921484","IU/dL","100","mg","1","0"
"8","Garmann_2017_BAY81_8973","BAY81_8973","0","12","1.24849","IU/dL","100","mg","1","0"
"8","Garmann_2017_BAY81_8973","BAY81_8973","0","24","1.257911","IU/dL","100","mg","1","0"
"8","Garmann_2017_BAY81_8973","BAY81_8973","0","36","1.502612","IU/dL","100","mg","1","0"
"8","Garmann_2017_BAY81_8973","BAY81_8973","0","48","0.895649","IU/dL","100","mg","1","0"
"8","Garmann_2017_BAY81_8973","BAY81_8973","0","60","0.514633","IU/dL","100","mg","1","0"
"8","Garmann_2017_BAY81_8973","BAY81_8973","0","71","2.201339","IU/dL","100","mg","1","0"
"9","Garmann_2017_BAY81_8973","BAY81_8973","1","0",".","IU/dL","100","mg","1","."
"9","Garmann_2017_BAY81_8973","BAY81_8973","0","0","4.890112","IU/dL","100","mg","1","0"
"9","Garmann_2017_BAY81_8973","BAY81_8973","0","0.25","3.275014","IU/dL","100","mg","1","0"
"9","Garmann_2017_BAY81_8973","BAY81_8973","0","0.5","0.94199","IU/dL","100","mg","1","0"
"9","Garmann_2017_BAY81_8973","BAY81_8973","0","1","2.348433","IU/dL","100","mg","1","0"
"9","Garmann_2017_BAY81_8973","BAY81_8973","0","2","3.325327","IU/dL","100","mg","1","0"
"9","Garmann_2017_BAY81_8973","BAY81_8973","0","4","1.8656","IU/dL","100","mg","1","0"
"9","Garmann_2017_BAY81_8973","BAY81_8973","0","6","1.948896","IU/dL","100","mg","1","0"
"9","Garmann_2017_BAY81_8973","BAY81_8973","0","8","0","IU/dL","100","mg","1","1"
"9","Garmann_2017_BAY81_8973","BAY81_8973","0","12","2.933226","IU/dL","100","mg","1","0"
"9","Garmann_2017_BAY81_8973","BAY81_8973","0","24","2.338066","IU/dL","100","mg","1","0"
"9","Garmann_2017_BAY81_8973","BAY81_8973","0","36","0.797206","IU/dL","100","mg","1","0"
"9","Garmann_2017_BAY81_8973","BAY81_8973","0","48","0.570896","IU/dL","100","mg","1","0"
"9","Garmann_2017_BAY81_8973","BAY81_8973","0","60","0","IU/dL","100","mg","1","1"
"9","Garmann_2017_BAY81_8973","BAY81_8973","0","71","0.887428","IU/dL","100","mg","1","0"
"10","Garmann_2017_BAY81_8973","BAY81_8973","1","0",".","IU/dL","100","mg","1","."
"10","Garmann_2017_BAY81_8973","BAY81_8973","0","0","0.81022","IU/dL","100","mg","1","0"
"10","Garmann_2017_BAY81_8973","BAY81_8973","0","0.25","2.986971","IU/dL","100","mg","1","0"
"10","Garmann_2017_BAY81_8973","BAY81_8973","0","0.5","3.250107","IU/dL","100","mg","1","0"
"10","Garmann_2017_BAY81_8973","BAY81_8973","0","1","4.041585","IU/dL","100","mg","1","0"
"10","Garmann_2017_BAY81_8973","BAY81_8973","0","2","2.820463","IU/dL","100","mg","1","0"
"10","Garmann_2017_BAY81_8973","BAY81_8973","0","4","1.315546","IU/dL","100","mg","1","0"
"10","Garmann_2017_BAY81_8973","BAY81_8973","0","6","3.452258","IU/dL","100","mg","1","0"
"10","Garmann_2017_BAY81_8973","BAY81_8973","0","8","2.461128","IU/dL","100","mg","1","0"
"10","Garmann_2017_BAY81_8973","BAY81_8973","0","12","0","IU/dL","100","mg","1","1"
"10","Garmann_2017_BAY81_8973","BAY81_8973","0","24","0.453369","IU/dL","100","mg","1","0"
"10","Garmann_2017_BAY81_8973","BAY81_8973","0","36","0","IU/dL","100","mg","1","1"
"10","Garmann_2017_BAY81_8973","BAY81_8973","0","48","1.550974","IU/dL","100","mg","1","0"
"10","Garmann_2017_BAY81_8973","BAY81_8973","0","60","0.264978","IU/dL","100","mg","1","0"
"10","Garmann_2017_BAY81_8973","BAY81_8973","0","71","0","IU/dL","100","mg","1","1"
"1","Timmermann_2019_brodalumab","brodalumab","1","0",".","ug/mL","700","mg","2","."
"1","Timmermann_2019_brodalumab","brodalumab","0","0","0","ug/mL","700","mg","2","0"
"1","Timmermann_2019_brodalumab","brodalumab","0","1","0.072547","ug/mL","700","mg","2","0"
"1","Timmermann_2019_brodalumab","brodalumab","0","2","4.72135","ug/mL","700","mg","2","0"
"1","Timmermann_2019_brodalumab","brodalumab","0","4","0.86545","ug/mL","700","mg","2","0"
"1","Timmermann_2019_brodalumab","brodalumab","0","8","16.327768","ug/mL","700","mg","2","0"
"1","Timmermann_2019_brodalumab","brodalumab","0","24","17.497251","ug/mL","700","mg","2","0"
"1","Timmermann_2019_brodalumab","brodalumab","0","48","48.526005","ug/mL","700","mg","2","0"
"1","Timmermann_2019_brodalumab","brodalumab","0","72","53.990164","ug/mL","700","mg","2","0"
"1","Timmermann_2019_brodalumab","brodalumab","0","96","36.031253","ug/mL","700","mg","2","0"
"1","Timmermann_2019_brodalumab","brodalumab","0","120","46.033751","ug/mL","700","mg","2","0"
"1","Timmermann_2019_brodalumab","brodalumab","0","168","52.649208","ug/mL","700","mg","2","0"
"1","Timmermann_2019_brodalumab","brodalumab","0","285","45.212364","ug/mL","700","mg","2","0"
"2","Timmermann_2019_brodalumab","brodalumab","1","0",".","ug/mL","700","mg","2","."
"2","Timmermann_2019_brodalumab","brodalumab","0","0","0","ug/mL","700","mg","2","0"
"2","Timmermann_2019_brodalumab","brodalumab","0","1","2.210443","ug/mL","700","mg","2","0"
"2","Timmermann_2019_brodalumab","brodalumab","0","2","9.863476","ug/mL","700","mg","2","0"
"2","Timmermann_2019_brodalumab","brodalumab","0","4","11.358722","ug/mL","700","mg","2","0"
"2","Timmermann_2019_brodalumab","brodalumab","0","8","6.19656","ug/mL","700","mg","2","0"
"2","Timmermann_2019_brodalumab","brodalumab","0","24","33.316309","ug/mL","700","mg","2","0"
"2","Timmermann_2019_brodalumab","brodalumab","0","48","43.612347","ug/mL","700","mg","2","0"
"2","Timmermann_2019_brodalumab","brodalumab","0","72","119.226539","ug/mL","700","mg","2","0"
"2","Timmermann_2019_brodalumab","brodalumab","0","96","73.619769","ug/mL","700","mg","2","0"
"2","Timmermann_2019_brodalumab","brodalumab","0","120","70.842242","ug/mL","700","mg","2","0"
"2","Timmermann_2019_brodalumab","brodalumab","0","168","76.612921","ug/mL","700","mg","2","0"
"2","Timmermann_2019_brodalumab","brodalumab","0","285","52.101619","ug/mL","700","mg","2","0"
"3","Timmermann_2019_brodalumab","brodalumab","1","0",".","ug/mL","700","mg","2","."
"3","Timmermann_2019_brodalumab","brodalumab","0","0","0","ug/mL","700","mg","2","0"
"3","Timmermann_2019_brodalumab","brodalumab","0","1","0","ug/mL","700","mg","2","1"
"3","Timmermann_2019_brodalumab","brodalumab","0","2","5.153451","ug/mL","700","mg","2","0"
"3","Timmermann_2019_brodalumab","brodalumab","0","4","1.750971","ug/mL","700","mg","2","0"
"3","Timmermann_2019_brodalumab","brodalumab","0","8","10.51215","ug/mL","700","mg","2","0"
"3","Timmermann_2019_brodalumab","brodalumab","0","24","32.43743","ug/mL","700","mg","2","0"
"3","Timmermann_2019_brodalumab","brodalumab","0","48","66.795883","ug/mL","700","mg","2","0"
"3","Timmermann_2019_brodalumab","brodalumab","0","72","45.651455","ug/mL","700","mg","2","0"
"3","Timmermann_2019_brodalumab","brodalumab","0","96","51.254046","ug/mL","700","mg","2","0"
"3","Timmermann_2019_brodalumab","brodalumab","0","120","61.887454","ug/mL","700","mg","2","0"
"3","Timmermann_2019_brodalumab","brodalumab","0","168","6.9299","ug/mL","700","mg","2","0"
"3","Timmermann_2019_brodalumab","brodalumab","0","285","39.675257","ug/mL","700","mg","2","0"
"4","Timmermann_2019_brodalumab","brodalumab","1","0",".","ug/mL","700","mg","2","."
"4","Timmermann_2019_brodalumab","brodalumab","0","0","0","ug/mL","700","mg","2","0"
"4","Timmermann_2019_brodalumab","brodalumab","0","1","2.289895","ug/mL","700","mg","2","0"
"4","Timmermann_2019_brodalumab","brodalumab","0","2","4.882663","ug/mL","700","mg","2","0"
"4","Timmermann_2019_brodalumab","brodalumab","0","4","5.67644","ug/mL","700","mg","2","0"
"4","Timmermann_2019_brodalumab","brodalumab","0","8","8.896182","ug/mL","700","mg","2","0"
"4","Timmermann_2019_brodalumab","brodalumab","0","24","11.545129","ug/mL","700","mg","2","0"
"4","Timmermann_2019_brodalumab","brodalumab","0","48","29.653323","ug/mL","700","mg","2","0"
"4","Timmermann_2019_brodalumab","brodalumab","0","72","69.335904","ug/mL","700","mg","2","0"
"4","Timmermann_2019_brodalumab","brodalumab","0","96","24.56261","ug/mL","700","mg","2","0"
"4","Timmermann_2019_brodalumab","brodalumab","0","120","65.563999","ug/mL","700","mg","2","0"
"4","Timmermann_2019_brodalumab","brodalumab","0","168","96.838267","ug/mL","700","mg","2","0"
"4","Timmermann_2019_brodalumab","brodalumab","0","285","0","ug/mL","700","mg","2","1"
"5","Timmermann_2019_brodalumab","brodalumab","1","0",".","ug/mL","700","mg","2","."
"5","Timmermann_2019_brodalumab","brodalumab","0","0","0","ug/mL","700","mg","2","0"
"5","Timmermann_2019_brodalumab","brodalumab","0","1","0","ug/mL","700","mg","2","1"
"5","Timmermann_2019_brodalumab","brodalumab","0","2","5.296484","ug/mL","700","mg","2","0"
"5","Timmermann_2019_brodalumab","brodalumab","0","4","20.183555","ug/mL","700","mg","2","0"
"5","Timmermann_2019_brodalumab","brodalumab","0","8","30.141248","ug/mL","700","mg","2","0"
"5","Timmermann_2019_brodalumab","brodalumab","0","24","78.842403","ug/mL","700","mg","2","0"
"5","Timmermann_2019_brodalumab","brodalumab","0","48","65.575363","ug/mL","700","mg","2","0"
"5","Timmermann_2019_brodalumab","brodalumab","0","72","94.6949","ug/mL","700","mg","2","0"
"5","Timmermann_2019_brodalumab","brodalumab","0","96","35.719522","ug/mL","700","mg","2","0"
"5","Timmermann_2019_brodalumab","brodalumab","0","120","26.998586","ug/mL","700","mg","2","0"
"5","Timmermann_2019_brodalumab","brodalumab","0","168","31.129786","ug/mL","700","mg","2","0"
"5","Timmermann_2019_brodalumab","brodalumab","0","285","38.718742","ug/mL","700","mg","2","0"
"6","Timmermann_2019_brodalumab","brodalumab","1","0",".","ug/mL","700","mg","2","."
"6","Timmermann_2019_brodalumab","brodalumab","0","0","0","ug/mL","700","mg","2","0"
"6","Timmermann_2019_brodalumab","brodalumab","0","1","5.879579","ug/mL","700","mg","2","0"
"6","Timmermann_2019_brodalumab","brodalumab","0","2","3.724157","ug/mL","700","mg","2","0"
"6","Timmermann_2019_brodalumab","brodalumab","0","4","12.566443","ug/mL","700","mg","2","0"
"6","Timmermann_2019_brodalumab","brodalumab","0","8","23.8368","ug/mL","700","mg","2","0"
"6","Timmermann_2019_brodalumab","brodalumab","0","24","28.882061","ug/mL","700","mg","2","0"
"6","Timmermann_2019_brodalumab","brodalumab","0","48","126.191112","ug/mL","700","mg","2","0"
"6","Timmermann_2019_brodalumab","brodalumab","0","72","83.42729","ug/mL","700","mg","2","0"
"6","Timmermann_2019_brodalumab","brodalumab","0","96","63.429405","ug/mL","700","mg","2","0"
"6","Timmermann_2019_brodalumab","brodalumab","0","120","89.205066","ug/mL","700","mg","2","0"
"6","Timmermann_2019_brodalumab","brodalumab","0","168","89.5128","ug/mL","700","mg","2","0"
"6","Timmermann_2019_brodalumab","brodalumab","0","285","97.844904","ug/mL","700","mg","2","0"
"7","Timmermann_2019_brodalumab","brodalumab","1","0",".","ug/mL","700","mg","2","."
"7","Timmermann_2019_brodalumab","brodalumab","0","0","0","ug/mL","700","mg","2","0"
"7","Timmermann_2019_brodalumab","brodalumab","0","1","7.062688","ug/mL","700","mg","2","0"
"7","Timmermann_2019_brodalumab","brodalumab","0","2","0","ug/mL","700","mg","2","1"
"7","Timmermann_2019_brodalumab","brodalumab","0","4","5.158032","ug/mL","700","mg","2","0"
"7","Timmermann_2019_brodalumab","brodalumab","0","8","18.103289","ug/mL","700","mg","2","0"
"7","Timmermann_2019_brodalumab","brodalumab","0","24","35.960989","ug/mL","700","mg","2","0"
"7","Timmermann_2019_brodalumab","brodalumab","0","48","71.868948","ug/mL","700","mg","2","0"
"7","Timmermann_2019_brodalumab","brodalumab","0","72","59.920474","ug/mL","700","mg","2","0"
"7","Timmermann_2019_brodalumab","brodalumab","0","96","96.163956","ug/mL","700","mg","2","0"
"7","Timmermann_2019_brodalumab","brodalumab","0","120","72.695252","ug/mL","700","mg","2","0"
"7","Timmermann_2019_brodalumab","brodalumab","0","168","55.814426","ug/mL","700","mg","2","0"
"7","Timmermann_2019_brodalumab","brodalumab","0","285","24.859065","ug/mL","700","mg","2","0"
"8","Timmermann_2019_brodalumab","brodalumab","1","0",".","ug/mL","700","mg","2","."
"8","Timmermann_2019_brodalumab","brodalumab","0","0","0","ug/mL","700","mg","2","0"
"8","Timmermann_2019_brodalumab","brodalumab","0","1","4.263861","ug/mL","700","mg","2","0"
"8","Timmermann_2019_brodalumab","brodalumab","0","2","9.841217","ug/mL","700","mg","2","0"
"8","Timmermann_2019_brodalumab","brodalumab","0","4","18.499106","ug/mL","700","mg","2","0"
"8","Timmermann_2019_brodalumab","brodalumab","0","8","37.657563","ug/mL","700","mg","2","0"
"8","Timmermann_2019_brodalumab","brodalumab","0","24","81.862459","ug/mL","700","mg","2","0"
"8","Timmermann_2019_brodalumab","brodalumab","0","48","122.855776","ug/mL","700","mg","2","0"
"8","Timmermann_2019_brodalumab","brodalumab","0","72","96.502377","ug/mL","700","mg","2","0"
"8","Timmermann_2019_brodalumab","brodalumab","0","96","104.353551","ug/mL","700","mg","2","0"
"8","Timmermann_2019_brodalumab","brodalumab","0","120","124.922239","ug/mL","700","mg","2","0"
"8","Timmermann_2019_brodalumab","brodalumab","0","168","49.487572","ug/mL","700","mg","2","0"
"8","Timmermann_2019_brodalumab","brodalumab","0","285","100.351998","ug/mL","700","mg","2","0"
"9","Timmermann_2019_brodalumab","brodalumab","1","0",".","ug/mL","700","mg","2","."
"9","Timmermann_2019_brodalumab","brodalumab","0","0","0","ug/mL","700","mg","2","0"
"9","Timmermann_2019_brodalumab","brodalumab","0","1","0.953467","ug/mL","700","mg","2","0"
"9","Timmermann_2019_brodalumab","brodalumab","0","2","0","ug/mL","700","mg","2","1"
"9","Timmermann_2019_brodalumab","brodalumab","0","4","11.095494","ug/mL","700","mg","2","0"
"9","Timmermann_2019_brodalumab","brodalumab","0","8","17.549596","ug/mL","700","mg","2","0"
"9","Timmermann_2019_brodalumab","brodalumab","0","24","58.703689","ug/mL","700","mg","2","0"
"9","Timmermann_2019_brodalumab","brodalumab","0","48","51.028254","ug/mL","700","mg","2","0"
"9","Timmermann_2019_brodalumab","brodalumab","0","72","33.157633","ug/mL","700","mg","2","0"
"9","Timmermann_2019_brodalumab","brodalumab","0","96","87.236979","ug/mL","700","mg","2","0"
"9","Timmermann_2019_brodalumab","brodalumab","0","120","79.52297","ug/mL","700","mg","2","0"
"9","Timmermann_2019_brodalumab","brodalumab","0","168","93.075944","ug/mL","700","mg","2","0"
"9","Timmermann_2019_brodalumab","brodalumab","0","285","57.293127","ug/mL","700","mg","2","0"
"10","Timmermann_2019_brodalumab","brodalumab","1","0",".","ug/mL","700","mg","2","."
"10","Timmermann_2019_brodalumab","brodalumab","0","0","0","ug/mL","700","mg","2","0"
"10","Timmermann_2019_brodalumab","brodalumab","0","1","0","ug/mL","700","mg","2","1"
"10","Timmermann_2019_brodalumab","brodalumab","0","2","0","ug/mL","700","mg","2","1"
"10","Timmermann_2019_brodalumab","brodalumab","0","4","0","ug/mL","700","mg","2","1"
"10","Timmermann_2019_brodalumab","brodalumab","0","8","1.749234","ug/mL","700","mg","2","0"
"10","Timmermann_2019_brodalumab","brodalumab","0","24","0","ug/mL","700","mg","2","1"
"10","Timmermann_2019_brodalumab","brodalumab","0","48","38.676874","ug/mL","700","mg","2","0"
"10","Timmermann_2019_brodalumab","brodalumab","0","72","30.520312","ug/mL","700","mg","2","0"
"10","Timmermann_2019_brodalumab","brodalumab","0","96","51.263544","ug/mL","700","mg","2","0"
"10","Timmermann_2019_brodalumab","brodalumab","0","120","56.521215","ug/mL","700","mg","2","0"
"10","Timmermann_2019_brodalumab","brodalumab","0","168","46.779894","ug/mL","700","mg","2","0"
"10","Timmermann_2019_brodalumab","brodalumab","0","285","15.113896","ug/mL","700","mg","2","0"
"1","Li_2017_CC292","CC292","1","0",".","ng/mL","200","mg","2","."
"1","Li_2017_CC292","CC292","0","0","0","ng/mL","200","mg","2","0"
"1","Li_2017_CC292","CC292","0","0.25","0","ng/mL","200","mg","2","0"
"1","Li_2017_CC292","CC292","0","0.5","578.541212","ng/mL","200","mg","2","0"
"1","Li_2017_CC292","CC292","0","1","1252.712683","ng/mL","200","mg","2","0"
"1","Li_2017_CC292","CC292","0","2","622.361853","ng/mL","200","mg","2","0"
"1","Li_2017_CC292","CC292","0","4","89.402219","ng/mL","200","mg","2","0"
"1","Li_2017_CC292","CC292","0","6","85.51158","ng/mL","200","mg","2","0"
"1","Li_2017_CC292","CC292","0","8","7.474333","ng/mL","200","mg","2","0"
"1","Li_2017_CC292","CC292","0","12","0","ng/mL","200","mg","2","1"
"1","Li_2017_CC292","CC292","0","16","0","ng/mL","200","mg","2","1"
"2","Li_2017_CC292","CC292","1","0",".","ng/mL","200","mg","2","."
"2","Li_2017_CC292","CC292","0","0","0","ng/mL","200","mg","2","0"
"2","Li_2017_CC292","CC292","0","0.25","0","ng/mL","200","mg","2","0"
"2","Li_2017_CC292","CC292","0","0.5","0","ng/mL","200","mg","2","1"
"2","Li_2017_CC292","CC292","0","1","904.824897","ng/mL","200","mg","2","0"
"2","Li_2017_CC292","CC292","0","2","460.193933","ng/mL","200","mg","2","0"
"2","Li_2017_CC292","CC292","0","4","385.22569","ng/mL","200","mg","2","0"
"2","Li_2017_CC292","CC292","0","6","220.901444","ng/mL","200","mg","2","0"
"2","Li_2017_CC292","CC292","0","8","54.528553","ng/mL","200","mg","2","0"
"2","Li_2017_CC292","CC292","0","12","0","ng/mL","200","mg","2","1"
"2","Li_2017_CC292","CC292","0","16","6.339115","ng/mL","200","mg","2","0"
"3","Li_2017_CC292","CC292","1","0",".","ng/mL","200","mg","2","."
"3","Li_2017_CC292","CC292","0","0","0","ng/mL","200","mg","2","0"
"3","Li_2017_CC292","CC292","0","0.25","0","ng/mL","200","mg","2","0"
"3","Li_2017_CC292","CC292","0","0.5","7.438634","ng/mL","200","mg","2","0"
"3","Li_2017_CC292","CC292","0","1","637.912702","ng/mL","200","mg","2","0"
"3","Li_2017_CC292","CC292","0","2","430.304166","ng/mL","200","mg","2","0"
"3","Li_2017_CC292","CC292","0","4","177.953028","ng/mL","200","mg","2","0"
"3","Li_2017_CC292","CC292","0","6","20.437679","ng/mL","200","mg","2","0"
"3","Li_2017_CC292","CC292","0","8","10.876402","ng/mL","200","mg","2","0"
"3","Li_2017_CC292","CC292","0","12","3.799681","ng/mL","200","mg","2","0"
"3","Li_2017_CC292","CC292","0","16","1.042618","ng/mL","200","mg","2","0"
"4","Li_2017_CC292","CC292","1","0",".","ng/mL","200","mg","2","."
"4","Li_2017_CC292","CC292","0","0","0","ng/mL","200","mg","2","0"
"4","Li_2017_CC292","CC292","0","0.25","0","ng/mL","200","mg","2","0"
"4","Li_2017_CC292","CC292","0","0.5","42.116155","ng/mL","200","mg","2","0"
"4","Li_2017_CC292","CC292","0","1","165.580217","ng/mL","200","mg","2","0"
"4","Li_2017_CC292","CC292","0","2","733.836817","ng/mL","200","mg","2","0"
"4","Li_2017_CC292","CC292","0","4","167.660891","ng/mL","200","mg","2","0"
"4","Li_2017_CC292","CC292","0","6","50.616325","ng/mL","200","mg","2","0"
"4","Li_2017_CC292","CC292","0","8","16.596153","ng/mL","200","mg","2","0"
"4","Li_2017_CC292","CC292","0","12","3.120992","ng/mL","200","mg","2","0"
"4","Li_2017_CC292","CC292","0","16","3.721512","ng/mL","200","mg","2","0"
"5","Li_2017_CC292","CC292","1","0",".","ng/mL","200","mg","2","."
"5","Li_2017_CC292","CC292","0","0","0","ng/mL","200","mg","2","0"
"5","Li_2017_CC292","CC292","0","0.25","0","ng/mL","200","mg","2","0"
"5","Li_2017_CC292","CC292","0","0.5","227.132287","ng/mL","200","mg","2","0"
"5","Li_2017_CC292","CC292","0","1","229.407551","ng/mL","200","mg","2","0"
"5","Li_2017_CC292","CC292","0","2","440.177447","ng/mL","200","mg","2","0"
"5","Li_2017_CC292","CC292","0","4","0","ng/mL","200","mg","2","1"
"5","Li_2017_CC292","CC292","0","6","3.960348","ng/mL","200","mg","2","0"
"5","Li_2017_CC292","CC292","0","8","7.463195","ng/mL","200","mg","2","0"
"5","Li_2017_CC292","CC292","0","12","3.373848","ng/mL","200","mg","2","0"
"5","Li_2017_CC292","CC292","0","16","0.978108","ng/mL","200","mg","2","0"
"6","Li_2017_CC292","CC292","1","0",".","ng/mL","200","mg","2","."
"6","Li_2017_CC292","CC292","0","0","0","ng/mL","200","mg","2","0"
"6","Li_2017_CC292","CC292","0","0.25","0","ng/mL","200","mg","2","0"
"6","Li_2017_CC292","CC292","0","0.5","133.044031","ng/mL","200","mg","2","0"
"6","Li_2017_CC292","CC292","0","1","236.98019","ng/mL","200","mg","2","0"
"6","Li_2017_CC292","CC292","0","2","252.992425","ng/mL","200","mg","2","0"
"6","Li_2017_CC292","CC292","0","4","228.879992","ng/mL","200","mg","2","0"
"6","Li_2017_CC292","CC292","0","6","98.752978","ng/mL","200","mg","2","0"
"6","Li_2017_CC292","CC292","0","8","23.380258","ng/mL","200","mg","2","0"
"6","Li_2017_CC292","CC292","0","12","4.117715","ng/mL","200","mg","2","0"
"6","Li_2017_CC292","CC292","0","16","3.497381","ng/mL","200","mg","2","0"
"7","Li_2017_CC292","CC292","1","0",".","ng/mL","200","mg","2","."
"7","Li_2017_CC292","CC292","0","0","0","ng/mL","200","mg","2","0"
"7","Li_2017_CC292","CC292","0","0.25","0","ng/mL","200","mg","2","0"
"7","Li_2017_CC292","CC292","0","0.5","945.656904","ng/mL","200","mg","2","0"
"7","Li_2017_CC292","CC292","0","1","2655.317626","ng/mL","200","mg","2","0"
"7","Li_2017_CC292","CC292","0","2","629.108925","ng/mL","200","mg","2","0"
"7","Li_2017_CC292","CC292","0","4","309.14502","ng/mL","200","mg","2","0"
"7","Li_2017_CC292","CC292","0","6","62.909657","ng/mL","200","mg","2","0"
"7","Li_2017_CC292","CC292","0","8","0","ng/mL","200","mg","2","1"
"7","Li_2017_CC292","CC292","0","12","7.040275","ng/mL","200","mg","2","0"
"7","Li_2017_CC292","CC292","0","16","0","ng/mL","200","mg","2","1"
"8","Li_2017_CC292","CC292","1","0",".","ng/mL","200","mg","2","."
"8","Li_2017_CC292","CC292","0","0","0","ng/mL","200","mg","2","0"
"8","Li_2017_CC292","CC292","0","0.25","0","ng/mL","200","mg","2","0"
"8","Li_2017_CC292","CC292","0","0.5","39.135413","ng/mL","200","mg","2","0"
"8","Li_2017_CC292","CC292","0","1","680.952766","ng/mL","200","mg","2","0"
"8","Li_2017_CC292","CC292","0","2","976.364796","ng/mL","200","mg","2","0"
"8","Li_2017_CC292","CC292","0","4","393.02121","ng/mL","200","mg","2","0"
"8","Li_2017_CC292","CC292","0","6","48.238952","ng/mL","200","mg","2","0"
"8","Li_2017_CC292","CC292","0","8","2.579941","ng/mL","200","mg","2","0"
"8","Li_2017_CC292","CC292","0","12","27.077826","ng/mL","200","mg","2","0"
"8","Li_2017_CC292","CC292","0","16","9.158664","ng/mL","200","mg","2","0"
"9","Li_2017_CC292","CC292","1","0",".","ng/mL","200","mg","2","."
"9","Li_2017_CC292","CC292","0","0","0","ng/mL","200","mg","2","0"
"9","Li_2017_CC292","CC292","0","0.25","0","ng/mL","200","mg","2","0"
"9","Li_2017_CC292","CC292","0","0.5","71.613245","ng/mL","200","mg","2","0"
"9","Li_2017_CC292","CC292","0","1","402.373239","ng/mL","200","mg","2","0"
"9","Li_2017_CC292","CC292","0","2","490.872036","ng/mL","200","mg","2","0"
"9","Li_2017_CC292","CC292","0","4","157.324055","ng/mL","200","mg","2","0"
"9","Li_2017_CC292","CC292","0","6","48.454198","ng/mL","200","mg","2","0"
"9","Li_2017_CC292","CC292","0","8","0","ng/mL","200","mg","2","1"
"9","Li_2017_CC292","CC292","0","12","3.888631","ng/mL","200","mg","2","0"
"9","Li_2017_CC292","CC292","0","16","1.888274","ng/mL","200","mg","2","0"
"10","Li_2017_CC292","CC292","1","0",".","ng/mL","200","mg","2","."
"10","Li_2017_CC292","CC292","0","0","0","ng/mL","200","mg","2","0"
"10","Li_2017_CC292","CC292","0","0.25","0","ng/mL","200","mg","2","0"
"10","Li_2017_CC292","CC292","0","0.5","120.054372","ng/mL","200","mg","2","0"
"10","Li_2017_CC292","CC292","0","1","0","ng/mL","200","mg","2","1"
"10","Li_2017_CC292","CC292","0","2","674.069253","ng/mL","200","mg","2","0"
"10","Li_2017_CC292","CC292","0","4","139.155304","ng/mL","200","mg","2","0"
"10","Li_2017_CC292","CC292","0","6","230.606799","ng/mL","200","mg","2","0"
"10","Li_2017_CC292","CC292","0","8","104.745794","ng/mL","200","mg","2","0"
"10","Li_2017_CC292","CC292","0","12","33.055011","ng/mL","200","mg","2","0"
"10","Li_2017_CC292","CC292","0","16","12.781229","ng/mL","200","mg","2","0"
"1","Shi_2018_ceftazidime","ceftazidime","1","0",".","mg/L","3500","mg","1","."
"1","Shi_2018_ceftazidime","ceftazidime","0","0","220.318663","mg/L","3500","mg","1","0"
"1","Shi_2018_ceftazidime","ceftazidime","0","0.25","154.700681","mg/L","3500","mg","1","0"
"1","Shi_2018_ceftazidime","ceftazidime","0","0.5","135.010646","mg/L","3500","mg","1","0"
"1","Shi_2018_ceftazidime","ceftazidime","0","1","155.734387","mg/L","3500","mg","1","0"
"1","Shi_2018_ceftazidime","ceftazidime","0","2","150.480145","mg/L","3500","mg","1","0"
"1","Shi_2018_ceftazidime","ceftazidime","0","4","12.213646","mg/L","3500","mg","1","0"
"1","Shi_2018_ceftazidime","ceftazidime","0","6","55.156867","mg/L","3500","mg","1","0"
"1","Shi_2018_ceftazidime","ceftazidime","0","8","0","mg/L","3500","mg","1","1"
"1","Shi_2018_ceftazidime","ceftazidime","0","12","25.880944","mg/L","3500","mg","1","0"
"1","Shi_2018_ceftazidime","ceftazidime","0","18","0","mg/L","3500","mg","1","1"
"2","Shi_2018_ceftazidime","ceftazidime","1","0",".","mg/L","3500","mg","1","."
"2","Shi_2018_ceftazidime","ceftazidime","0","0","164.846616","mg/L","3500","mg","1","0"
"2","Shi_2018_ceftazidime","ceftazidime","0","0.25","79.177655","mg/L","3500","mg","1","0"
"2","Shi_2018_ceftazidime","ceftazidime","0","0.5","67.964506","mg/L","3500","mg","1","0"
"2","Shi_2018_ceftazidime","ceftazidime","0","1","46.524046","mg/L","3500","mg","1","0"
"2","Shi_2018_ceftazidime","ceftazidime","0","2","109.415194","mg/L","3500","mg","1","0"
"2","Shi_2018_ceftazidime","ceftazidime","0","4","29.366128","mg/L","3500","mg","1","0"
"2","Shi_2018_ceftazidime","ceftazidime","0","6","64.056721","mg/L","3500","mg","1","0"
"2","Shi_2018_ceftazidime","ceftazidime","0","8","0","mg/L","3500","mg","1","1"
"2","Shi_2018_ceftazidime","ceftazidime","0","12","8.590908","mg/L","3500","mg","1","0"
"2","Shi_2018_ceftazidime","ceftazidime","0","18","0","mg/L","3500","mg","1","1"
"3","Shi_2018_ceftazidime","ceftazidime","1","0",".","mg/L","3500","mg","1","."
"3","Shi_2018_ceftazidime","ceftazidime","0","0","122.264384","mg/L","3500","mg","1","0"
"3","Shi_2018_ceftazidime","ceftazidime","0","0.25","144.459455","mg/L","3500","mg","1","0"
"3","Shi_2018_ceftazidime","ceftazidime","0","0.5","112.310367","mg/L","3500","mg","1","0"
"3","Shi_2018_ceftazidime","ceftazidime","0","1","160.162693","mg/L","3500","mg","1","0"
"3","Shi_2018_ceftazidime","ceftazidime","0","2","102.694361","mg/L","3500","mg","1","0"
"3","Shi_2018_ceftazidime","ceftazidime","0","4","31.056933","mg/L","3500","mg","1","0"
"3","Shi_2018_ceftazidime","ceftazidime","0","6","25.626244","mg/L","3500","mg","1","0"
"3","Shi_2018_ceftazidime","ceftazidime","0","8","11.670837","mg/L","3500","mg","1","0"
"3","Shi_2018_ceftazidime","ceftazidime","0","12","1.688909","mg/L","3500","mg","1","0"
"3","Shi_2018_ceftazidime","ceftazidime","0","18","11.824175","mg/L","3500","mg","1","0"
"4","Shi_2018_ceftazidime","ceftazidime","1","0",".","mg/L","3500","mg","1","."
"4","Shi_2018_ceftazidime","ceftazidime","0","0","132.559702","mg/L","3500","mg","1","0"
"4","Shi_2018_ceftazidime","ceftazidime","0","0.25","125.45318","mg/L","3500","mg","1","0"
"4","Shi_2018_ceftazidime","ceftazidime","0","0.5","105.832739","mg/L","3500","mg","1","0"
"4","Shi_2018_ceftazidime","ceftazidime","0","1","68.547229","mg/L","3500","mg","1","0"
"4","Shi_2018_ceftazidime","ceftazidime","0","2","64.435457","mg/L","3500","mg","1","0"
"4","Shi_2018_ceftazidime","ceftazidime","0","4","57.333442","mg/L","3500","mg","1","0"
"4","Shi_2018_ceftazidime","ceftazidime","0","6","47.64945","mg/L","3500","mg","1","0"
"4","Shi_2018_ceftazidime","ceftazidime","0","8","60.611459","mg/L","3500","mg","1","0"
"4","Shi_2018_ceftazidime","ceftazidime","0","12","35.879929","mg/L","3500","mg","1","0"
"4","Shi_2018_ceftazidime","ceftazidime","0","18","16.724867","mg/L","3500","mg","1","0"
"5","Shi_2018_ceftazidime","ceftazidime","1","0",".","mg/L","3500","mg","1","."
"5","Shi_2018_ceftazidime","ceftazidime","0","0","56.361491","mg/L","3500","mg","1","0"
"5","Shi_2018_ceftazidime","ceftazidime","0","0.25","43.081537","mg/L","3500","mg","1","0"
"5","Shi_2018_ceftazidime","ceftazidime","0","0.5","61.955494","mg/L","3500","mg","1","0"
"5","Shi_2018_ceftazidime","ceftazidime","0","1","78.653449","mg/L","3500","mg","1","0"
"5","Shi_2018_ceftazidime","ceftazidime","0","2","79.636791","mg/L","3500","mg","1","0"
"5","Shi_2018_ceftazidime","ceftazidime","0","4","36.192187","mg/L","3500","mg","1","0"
"5","Shi_2018_ceftazidime","ceftazidime","0","6","63.715249","mg/L","3500","mg","1","0"
"5","Shi_2018_ceftazidime","ceftazidime","0","8","45.914132","mg/L","3500","mg","1","0"
"5","Shi_2018_ceftazidime","ceftazidime","0","12","2.308377","mg/L","3500","mg","1","0"
"5","Shi_2018_ceftazidime","ceftazidime","0","18","0","mg/L","3500","mg","1","1"
"6","Shi_2018_ceftazidime","ceftazidime","1","0",".","mg/L","3500","mg","1","."
"6","Shi_2018_ceftazidime","ceftazidime","0","0","207.083969","mg/L","3500","mg","1","0"
"6","Shi_2018_ceftazidime","ceftazidime","0","0.25","10.551832","mg/L","3500","mg","1","0"
"6","Shi_2018_ceftazidime","ceftazidime","0","0.5","192.299272","mg/L","3500","mg","1","0"
"6","Shi_2018_ceftazidime","ceftazidime","0","1","104.41958","mg/L","3500","mg","1","0"
"6","Shi_2018_ceftazidime","ceftazidime","0","2","42.320627","mg/L","3500","mg","1","0"
"6","Shi_2018_ceftazidime","ceftazidime","0","4","45.32887","mg/L","3500","mg","1","0"
"6","Shi_2018_ceftazidime","ceftazidime","0","6","49.781623","mg/L","3500","mg","1","0"
"6","Shi_2018_ceftazidime","ceftazidime","0","8","37.098652","mg/L","3500","mg","1","0"
"6","Shi_2018_ceftazidime","ceftazidime","0","12","0","mg/L","3500","mg","1","1"
"6","Shi_2018_ceftazidime","ceftazidime","0","18","0","mg/L","3500","mg","1","1"
"7","Shi_2018_ceftazidime","ceftazidime","1","0",".","mg/L","3500","mg","1","."
"7","Shi_2018_ceftazidime","ceftazidime","0","0","0","mg/L","3500","mg","1","1"
"7","Shi_2018_ceftazidime","ceftazidime","0","0.25","51.081386","mg/L","3500","mg","1","0"
"7","Shi_2018_ceftazidime","ceftazidime","0","0.5","67.123476","mg/L","3500","mg","1","0"
"7","Shi_2018_ceftazidime","ceftazidime","0","1","71.548749","mg/L","3500","mg","1","0"
"7","Shi_2018_ceftazidime","ceftazidime","0","2","96.61745","mg/L","3500","mg","1","0"
"7","Shi_2018_ceftazidime","ceftazidime","0","4","60.825851","mg/L","3500","mg","1","0"
"7","Shi_2018_ceftazidime","ceftazidime","0","6","60.024042","mg/L","3500","mg","1","0"
"7","Shi_2018_ceftazidime","ceftazidime","0","8","49.873677","mg/L","3500","mg","1","0"
"7","Shi_2018_ceftazidime","ceftazidime","0","12","0","mg/L","3500","mg","1","1"
"7","Shi_2018_ceftazidime","ceftazidime","0","18","0","mg/L","3500","mg","1","1"
"8","Shi_2018_ceftazidime","ceftazidime","1","0",".","mg/L","3500","mg","1","."
"8","Shi_2018_ceftazidime","ceftazidime","0","0","153.908295","mg/L","3500","mg","1","0"
"8","Shi_2018_ceftazidime","ceftazidime","0","0.25","87.516149","mg/L","3500","mg","1","0"
"8","Shi_2018_ceftazidime","ceftazidime","0","0.5","115.762332","mg/L","3500","mg","1","0"
"8","Shi_2018_ceftazidime","ceftazidime","0","1","96.125935","mg/L","3500","mg","1","0"
"8","Shi_2018_ceftazidime","ceftazidime","0","2","20.908135","mg/L","3500","mg","1","0"
"8","Shi_2018_ceftazidime","ceftazidime","0","4","54.02652","mg/L","3500","mg","1","0"
"8","Shi_2018_ceftazidime","ceftazidime","0","6","27.789169","mg/L","3500","mg","1","0"
"8","Shi_2018_ceftazidime","ceftazidime","0","8","14.021001","mg/L","3500","mg","1","0"
"8","Shi_2018_ceftazidime","ceftazidime","0","12","8.57931","mg/L","3500","mg","1","0"
"8","Shi_2018_ceftazidime","ceftazidime","0","18","0","mg/L","3500","mg","1","1"
"9","Shi_2018_ceftazidime","ceftazidime","1","0",".","mg/L","3500","mg","1","."
"9","Shi_2018_ceftazidime","ceftazidime","0","0","151.741394","mg/L","3500","mg","1","0"
"9","Shi_2018_ceftazidime","ceftazidime","0","0.25","157.164825","mg/L","3500","mg","1","0"
"9","Shi_2018_ceftazidime","ceftazidime","0","0.5","164.439207","mg/L","3500","mg","1","0"
"9","Shi_2018_ceftazidime","ceftazidime","0","1","81.051034","mg/L","3500","mg","1","0"
"9","Shi_2018_ceftazidime","ceftazidime","0","2","92.27538","mg/L","3500","mg","1","0"
"9","Shi_2018_ceftazidime","ceftazidime","0","4","75.845496","mg/L","3500","mg","1","0"
"9","Shi_2018_ceftazidime","ceftazidime","0","6","0","mg/L","3500","mg","1","1"
"9","Shi_2018_ceftazidime","ceftazidime","0","8","25.181198","mg/L","3500","mg","1","0"
"9","Shi_2018_ceftazidime","ceftazidime","0","12","12.38334","mg/L","3500","mg","1","0"
"9","Shi_2018_ceftazidime","ceftazidime","0","18","0","mg/L","3500","mg","1","1"
"10","Shi_2018_ceftazidime","ceftazidime","1","0",".","mg/L","3500","mg","1","."
"10","Shi_2018_ceftazidime","ceftazidime","0","0","78.653016","mg/L","3500","mg","1","0"
"10","Shi_2018_ceftazidime","ceftazidime","0","0.25","144.973042","mg/L","3500","mg","1","0"
"10","Shi_2018_ceftazidime","ceftazidime","0","0.5","37.823164","mg/L","3500","mg","1","0"
"10","Shi_2018_ceftazidime","ceftazidime","0","1","78.548303","mg/L","3500","mg","1","0"
"10","Shi_2018_ceftazidime","ceftazidime","0","2","46.901573","mg/L","3500","mg","1","0"
"10","Shi_2018_ceftazidime","ceftazidime","0","4","104.426013","mg/L","3500","mg","1","0"
"10","Shi_2018_ceftazidime","ceftazidime","0","6","25.698479","mg/L","3500","mg","1","0"
"10","Shi_2018_ceftazidime","ceftazidime","0","8","12.5154","mg/L","3500","mg","1","0"
"10","Shi_2018_ceftazidime","ceftazidime","0","12","33.257211","mg/L","3500","mg","1","0"
"10","Shi_2018_ceftazidime","ceftazidime","0","18","21.382784","mg/L","3500","mg","1","0"
"1","Yang_2021_cemiplimab","cemiplimab","1","0",".","mg/L","700","mg","1","."
"1","Yang_2021_cemiplimab","cemiplimab","0","0","225.718701","mg/L","700","mg","1","0"
"1","Yang_2021_cemiplimab","cemiplimab","0","4","239.963378","mg/L","700","mg","1","0"
"1","Yang_2021_cemiplimab","cemiplimab","0","24","134.86693","mg/L","700","mg","1","0"
"1","Yang_2021_cemiplimab","cemiplimab","0","72","118.035507","mg/L","700","mg","1","0"
"1","Yang_2021_cemiplimab","cemiplimab","0","168","62.832668","mg/L","700","mg","1","0"
"1","Yang_2021_cemiplimab","cemiplimab","0","336","54.367647","mg/L","700","mg","1","0"
"1","Yang_2021_cemiplimab","cemiplimab","0","504","34.508321","mg/L","700","mg","1","0"
"1","Yang_2021_cemiplimab","cemiplimab","0","672","42.210297","mg/L","700","mg","1","0"
"1","Yang_2021_cemiplimab","cemiplimab","0","840","19.484822","mg/L","700","mg","1","0"
"1","Yang_2021_cemiplimab","cemiplimab","0","1008","21.576975","mg/L","700","mg","1","0"
"1","Yang_2021_cemiplimab","cemiplimab","0","1176","15.514425","mg/L","700","mg","1","0"
"1","Yang_2021_cemiplimab","cemiplimab","0","1512","12.477697","mg/L","700","mg","1","0"
"1","Yang_2021_cemiplimab","cemiplimab","0","1581","7.386394","mg/L","700","mg","1","0"
"2","Yang_2021_cemiplimab","cemiplimab","1","0",".","mg/L","700","mg","1","."
"2","Yang_2021_cemiplimab","cemiplimab","0","0","245.625598","mg/L","700","mg","1","0"
"2","Yang_2021_cemiplimab","cemiplimab","0","4","164.988445","mg/L","700","mg","1","0"
"2","Yang_2021_cemiplimab","cemiplimab","0","24","208.858216","mg/L","700","mg","1","0"
"2","Yang_2021_cemiplimab","cemiplimab","0","72","113.85299","mg/L","700","mg","1","0"
"2","Yang_2021_cemiplimab","cemiplimab","0","168","113.781634","mg/L","700","mg","1","0"
"2","Yang_2021_cemiplimab","cemiplimab","0","336","45.830104","mg/L","700","mg","1","0"
"2","Yang_2021_cemiplimab","cemiplimab","0","504","22.493274","mg/L","700","mg","1","0"
"2","Yang_2021_cemiplimab","cemiplimab","0","672","17.303491","mg/L","700","mg","1","0"
"2","Yang_2021_cemiplimab","cemiplimab","0","840","9.889538","mg/L","700","mg","1","0"
"2","Yang_2021_cemiplimab","cemiplimab","0","1008","12.258758","mg/L","700","mg","1","0"
"2","Yang_2021_cemiplimab","cemiplimab","0","1176","6.961145","mg/L","700","mg","1","0"
"2","Yang_2021_cemiplimab","cemiplimab","0","1512","2.00468","mg/L","700","mg","1","0"
"2","Yang_2021_cemiplimab","cemiplimab","0","1581","0.853365","mg/L","700","mg","1","0"
"3","Yang_2021_cemiplimab","cemiplimab","1","0",".","mg/L","700","mg","1","."
"3","Yang_2021_cemiplimab","cemiplimab","0","0","219.150511","mg/L","700","mg","1","0"
"3","Yang_2021_cemiplimab","cemiplimab","0","4","252.27989","mg/L","700","mg","1","0"
"3","Yang_2021_cemiplimab","cemiplimab","0","24","185.363442","mg/L","700","mg","1","0"
"3","Yang_2021_cemiplimab","cemiplimab","0","72","156.32576","mg/L","700","mg","1","0"
"3","Yang_2021_cemiplimab","cemiplimab","0","168","98.52202","mg/L","700","mg","1","0"
"3","Yang_2021_cemiplimab","cemiplimab","0","336","64.0537","mg/L","700","mg","1","0"
"3","Yang_2021_cemiplimab","cemiplimab","0","504","48.434929","mg/L","700","mg","1","0"
"3","Yang_2021_cemiplimab","cemiplimab","0","672","36.275215","mg/L","700","mg","1","0"
"3","Yang_2021_cemiplimab","cemiplimab","0","840","46.25794","mg/L","700","mg","1","0"
"3","Yang_2021_cemiplimab","cemiplimab","0","1008","21.862168","mg/L","700","mg","1","0"
"3","Yang_2021_cemiplimab","cemiplimab","0","1176","13.668189","mg/L","700","mg","1","0"
"3","Yang_2021_cemiplimab","cemiplimab","0","1512","11.976105","mg/L","700","mg","1","0"
"3","Yang_2021_cemiplimab","cemiplimab","0","1581","10.428916","mg/L","700","mg","1","0"
"4","Yang_2021_cemiplimab","cemiplimab","1","0",".","mg/L","700","mg","1","."
"4","Yang_2021_cemiplimab","cemiplimab","0","0","166.0775","mg/L","700","mg","1","0"
"4","Yang_2021_cemiplimab","cemiplimab","0","4","221.976531","mg/L","700","mg","1","0"
"4","Yang_2021_cemiplimab","cemiplimab","0","24","115.661273","mg/L","700","mg","1","0"
"4","Yang_2021_cemiplimab","cemiplimab","0","72","167.457044","mg/L","700","mg","1","0"
"4","Yang_2021_cemiplimab","cemiplimab","0","168","118.757923","mg/L","700","mg","1","0"
"4","Yang_2021_cemiplimab","cemiplimab","0","336","75.489555","mg/L","700","mg","1","0"
"4","Yang_2021_cemiplimab","cemiplimab","0","504","36.35902","mg/L","700","mg","1","0"
"4","Yang_2021_cemiplimab","cemiplimab","0","672","27.818729","mg/L","700","mg","1","0"
"4","Yang_2021_cemiplimab","cemiplimab","0","840","30.472886","mg/L","700","mg","1","0"
"4","Yang_2021_cemiplimab","cemiplimab","0","1008","15.134559","mg/L","700","mg","1","0"
"4","Yang_2021_cemiplimab","cemiplimab","0","1176","10.823107","mg/L","700","mg","1","0"
"4","Yang_2021_cemiplimab","cemiplimab","0","1512","10.287217","mg/L","700","mg","1","0"
"4","Yang_2021_cemiplimab","cemiplimab","0","1581","7.840198","mg/L","700","mg","1","0"
"5","Yang_2021_cemiplimab","cemiplimab","1","0",".","mg/L","700","mg","1","."
"5","Yang_2021_cemiplimab","cemiplimab","0","0","293.492642","mg/L","700","mg","1","0"
"5","Yang_2021_cemiplimab","cemiplimab","0","4","212.976094","mg/L","700","mg","1","0"
"5","Yang_2021_cemiplimab","cemiplimab","0","24","198.557962","mg/L","700","mg","1","0"
"5","Yang_2021_cemiplimab","cemiplimab","0","72","149.414942","mg/L","700","mg","1","0"
"5","Yang_2021_cemiplimab","cemiplimab","0","168","121.83946","mg/L","700","mg","1","0"
"5","Yang_2021_cemiplimab","cemiplimab","0","336","85.487183","mg/L","700","mg","1","0"
"5","Yang_2021_cemiplimab","cemiplimab","0","504","65.995202","mg/L","700","mg","1","0"
"5","Yang_2021_cemiplimab","cemiplimab","0","672","45.310482","mg/L","700","mg","1","0"
"5","Yang_2021_cemiplimab","cemiplimab","0","840","28.485139","mg/L","700","mg","1","0"
"5","Yang_2021_cemiplimab","cemiplimab","0","1008","24.59903","mg/L","700","mg","1","0"
"5","Yang_2021_cemiplimab","cemiplimab","0","1176","12.858145","mg/L","700","mg","1","0"
"5","Yang_2021_cemiplimab","cemiplimab","0","1512","12.220673","mg/L","700","mg","1","0"
"5","Yang_2021_cemiplimab","cemiplimab","0","1581","11.82179","mg/L","700","mg","1","0"
"6","Yang_2021_cemiplimab","cemiplimab","1","0",".","mg/L","700","mg","1","."
"6","Yang_2021_cemiplimab","cemiplimab","0","0","180.630231","mg/L","700","mg","1","0"
"6","Yang_2021_cemiplimab","cemiplimab","0","4","150.205985","mg/L","700","mg","1","0"
"6","Yang_2021_cemiplimab","cemiplimab","0","24","158.513098","mg/L","700","mg","1","0"
"6","Yang_2021_cemiplimab","cemiplimab","0","72","82.978422","mg/L","700","mg","1","0"
"6","Yang_2021_cemiplimab","cemiplimab","0","168","71.596137","mg/L","700","mg","1","0"
"6","Yang_2021_cemiplimab","cemiplimab","0","336","45.621135","mg/L","700","mg","1","0"
"6","Yang_2021_cemiplimab","cemiplimab","0","504","56.433918","mg/L","700","mg","1","0"
"6","Yang_2021_cemiplimab","cemiplimab","0","672","31.546617","mg/L","700","mg","1","0"
"6","Yang_2021_cemiplimab","cemiplimab","0","840","24.92348","mg/L","700","mg","1","0"
"6","Yang_2021_cemiplimab","cemiplimab","0","1008","23.354821","mg/L","700","mg","1","0"
"6","Yang_2021_cemiplimab","cemiplimab","0","1176","16.626813","mg/L","700","mg","1","0"
"6","Yang_2021_cemiplimab","cemiplimab","0","1512","13.846428","mg/L","700","mg","1","0"
"6","Yang_2021_cemiplimab","cemiplimab","0","1581","9.202353","mg/L","700","mg","1","0"
"7","Yang_2021_cemiplimab","cemiplimab","1","0",".","mg/L","700","mg","1","."
"7","Yang_2021_cemiplimab","cemiplimab","0","0","279.037777","mg/L","700","mg","1","0"
"7","Yang_2021_cemiplimab","cemiplimab","0","4","208.754081","mg/L","700","mg","1","0"
"7","Yang_2021_cemiplimab","cemiplimab","0","24","194.918069","mg/L","700","mg","1","0"
"7","Yang_2021_cemiplimab","cemiplimab","0","72","162.143921","mg/L","700","mg","1","0"
"7","Yang_2021_cemiplimab","cemiplimab","0","168","80.246337","mg/L","700","mg","1","0"
"7","Yang_2021_cemiplimab","cemiplimab","0","336","53.225305","mg/L","700","mg","1","0"
"7","Yang_2021_cemiplimab","cemiplimab","0","504","40.772314","mg/L","700","mg","1","0"
"7","Yang_2021_cemiplimab","cemiplimab","0","672","26.09098","mg/L","700","mg","1","0"
"7","Yang_2021_cemiplimab","cemiplimab","0","840","7.135422","mg/L","700","mg","1","0"
"7","Yang_2021_cemiplimab","cemiplimab","0","1008","5.465951","mg/L","700","mg","1","0"
"7","Yang_2021_cemiplimab","cemiplimab","0","1176","1.71504","mg/L","700","mg","1","0"
"7","Yang_2021_cemiplimab","cemiplimab","0","1512","1.16347","mg/L","700","mg","1","0"
"7","Yang_2021_cemiplimab","cemiplimab","0","1581","0","mg/L","700","mg","1","1"
"8","Yang_2021_cemiplimab","cemiplimab","1","0",".","mg/L","700","mg","1","."
"8","Yang_2021_cemiplimab","cemiplimab","0","0","285.901543","mg/L","700","mg","1","0"
"8","Yang_2021_cemiplimab","cemiplimab","0","4","356.128246","mg/L","700","mg","1","0"
"8","Yang_2021_cemiplimab","cemiplimab","0","24","205.278708","mg/L","700","mg","1","0"
"8","Yang_2021_cemiplimab","cemiplimab","0","72","217.378228","mg/L","700","mg","1","0"
"8","Yang_2021_cemiplimab","cemiplimab","0","168","113.804552","mg/L","700","mg","1","0"
"8","Yang_2021_cemiplimab","cemiplimab","0","336","63.294582","mg/L","700","mg","1","0"
"8","Yang_2021_cemiplimab","cemiplimab","0","504","69.270039","mg/L","700","mg","1","0"
"8","Yang_2021_cemiplimab","cemiplimab","0","672","57.547858","mg/L","700","mg","1","0"
"8","Yang_2021_cemiplimab","cemiplimab","0","840","42.018997","mg/L","700","mg","1","0"
"8","Yang_2021_cemiplimab","cemiplimab","0","1008","25.47498","mg/L","700","mg","1","0"
"8","Yang_2021_cemiplimab","cemiplimab","0","1176","21.149398","mg/L","700","mg","1","0"
"8","Yang_2021_cemiplimab","cemiplimab","0","1512","12.669031","mg/L","700","mg","1","0"
"8","Yang_2021_cemiplimab","cemiplimab","0","1581","8.498056","mg/L","700","mg","1","0"
"9","Yang_2021_cemiplimab","cemiplimab","1","0",".","mg/L","700","mg","1","."
"9","Yang_2021_cemiplimab","cemiplimab","0","0","118.316752","mg/L","700","mg","1","0"
"9","Yang_2021_cemiplimab","cemiplimab","0","4","87.427946","mg/L","700","mg","1","0"
"9","Yang_2021_cemiplimab","cemiplimab","0","24","134.159033","mg/L","700","mg","1","0"
"9","Yang_2021_cemiplimab","cemiplimab","0","72","100.657861","mg/L","700","mg","1","0"
"9","Yang_2021_cemiplimab","cemiplimab","0","168","57.063267","mg/L","700","mg","1","0"
"9","Yang_2021_cemiplimab","cemiplimab","0","336","32.498506","mg/L","700","mg","1","0"
"9","Yang_2021_cemiplimab","cemiplimab","0","504","34.410739","mg/L","700","mg","1","0"
"9","Yang_2021_cemiplimab","cemiplimab","0","672","24.871341","mg/L","700","mg","1","0"
"9","Yang_2021_cemiplimab","cemiplimab","0","840","15.07879","mg/L","700","mg","1","0"
"9","Yang_2021_cemiplimab","cemiplimab","0","1008","9.129849","mg/L","700","mg","1","0"
"9","Yang_2021_cemiplimab","cemiplimab","0","1176","9.217546","mg/L","700","mg","1","0"
"9","Yang_2021_cemiplimab","cemiplimab","0","1512","5.412997","mg/L","700","mg","1","0"
"9","Yang_2021_cemiplimab","cemiplimab","0","1581","2.357041","mg/L","700","mg","1","0"
"10","Yang_2021_cemiplimab","cemiplimab","1","0",".","mg/L","700","mg","1","."
"10","Yang_2021_cemiplimab","cemiplimab","0","0","219.362788","mg/L","700","mg","1","0"
"10","Yang_2021_cemiplimab","cemiplimab","0","4","190.444023","mg/L","700","mg","1","0"
"10","Yang_2021_cemiplimab","cemiplimab","0","24","151.536272","mg/L","700","mg","1","0"
"10","Yang_2021_cemiplimab","cemiplimab","0","72","92.539875","mg/L","700","mg","1","0"
"10","Yang_2021_cemiplimab","cemiplimab","0","168","53.184583","mg/L","700","mg","1","0"
"10","Yang_2021_cemiplimab","cemiplimab","0","336","66.939592","mg/L","700","mg","1","0"
"10","Yang_2021_cemiplimab","cemiplimab","0","504","36.514833","mg/L","700","mg","1","0"
"10","Yang_2021_cemiplimab","cemiplimab","0","672","32.503233","mg/L","700","mg","1","0"
"10","Yang_2021_cemiplimab","cemiplimab","0","840","20.977493","mg/L","700","mg","1","0"
"10","Yang_2021_cemiplimab","cemiplimab","0","1008","13.841428","mg/L","700","mg","1","0"
"10","Yang_2021_cemiplimab","cemiplimab","0","1176","10.698661","mg/L","700","mg","1","0"
"10","Yang_2021_cemiplimab","cemiplimab","0","1512","6.625876","mg/L","700","mg","1","0"
"10","Yang_2021_cemiplimab","cemiplimab","0","1581","2.303768","mg/L","700","mg","1","0"
"1","Thuo_2011_ciprofloxacin","ciprofloxacin","1","0",".","mg/L","700","mg","2","."
"1","Thuo_2011_ciprofloxacin","ciprofloxacin","0","0","0","mg/L","700","mg","2","0"
"1","Thuo_2011_ciprofloxacin","ciprofloxacin","0","0.25","0","mg/L","700","mg","2","0"
"1","Thuo_2011_ciprofloxacin","ciprofloxacin","0","0.5","0","mg/L","700","mg","2","0"
"1","Thuo_2011_ciprofloxacin","ciprofloxacin","0","1","2.318554","mg/L","700","mg","2","0"
"1","Thuo_2011_ciprofloxacin","ciprofloxacin","0","2","2.934134","mg/L","700","mg","2","0"
"1","Thuo_2011_ciprofloxacin","ciprofloxacin","0","4","2.301211","mg/L","700","mg","2","0"
"1","Thuo_2011_ciprofloxacin","ciprofloxacin","0","6","0.968087","mg/L","700","mg","2","0"
"1","Thuo_2011_ciprofloxacin","ciprofloxacin","0","8","1.161124","mg/L","700","mg","2","0"
"1","Thuo_2011_ciprofloxacin","ciprofloxacin","0","12","0.616637","mg/L","700","mg","2","0"
"1","Thuo_2011_ciprofloxacin","ciprofloxacin","0","24","0.125083","mg/L","700","mg","2","0"
"1","Thuo_2011_ciprofloxacin","ciprofloxacin","0","30","0.020111","mg/L","700","mg","2","0"
"2","Thuo_2011_ciprofloxacin","ciprofloxacin","1","0",".","mg/L","700","mg","2","."
"2","Thuo_2011_ciprofloxacin","ciprofloxacin","0","0","0","mg/L","700","mg","2","0"
"2","Thuo_2011_ciprofloxacin","ciprofloxacin","0","0.25","0","mg/L","700","mg","2","0"
"2","Thuo_2011_ciprofloxacin","ciprofloxacin","0","0.5","0","mg/L","700","mg","2","0"
"2","Thuo_2011_ciprofloxacin","ciprofloxacin","0","1","0.335605","mg/L","700","mg","2","0"
"2","Thuo_2011_ciprofloxacin","ciprofloxacin","0","2","0.794903","mg/L","700","mg","2","0"
"2","Thuo_2011_ciprofloxacin","ciprofloxacin","0","4","0.832393","mg/L","700","mg","2","0"
"2","Thuo_2011_ciprofloxacin","ciprofloxacin","0","6","0.667997","mg/L","700","mg","2","0"
"2","Thuo_2011_ciprofloxacin","ciprofloxacin","0","8","0.629432","mg/L","700","mg","2","0"
"2","Thuo_2011_ciprofloxacin","ciprofloxacin","0","12","0.443782","mg/L","700","mg","2","0"
"2","Thuo_2011_ciprofloxacin","ciprofloxacin","0","24","0.254718","mg/L","700","mg","2","0"
"2","Thuo_2011_ciprofloxacin","ciprofloxacin","0","30","0.195622","mg/L","700","mg","2","0"
"3","Thuo_2011_ciprofloxacin","ciprofloxacin","1","0",".","mg/L","700","mg","2","."
"3","Thuo_2011_ciprofloxacin","ciprofloxacin","0","0","0","mg/L","700","mg","2","0"
"3","Thuo_2011_ciprofloxacin","ciprofloxacin","0","0.25","0","mg/L","700","mg","2","0"
"3","Thuo_2011_ciprofloxacin","ciprofloxacin","0","0.5","0","mg/L","700","mg","2","0"
"3","Thuo_2011_ciprofloxacin","ciprofloxacin","0","1","2.204936","mg/L","700","mg","2","0"
"3","Thuo_2011_ciprofloxacin","ciprofloxacin","0","2","2.668762","mg/L","700","mg","2","0"
"3","Thuo_2011_ciprofloxacin","ciprofloxacin","0","4","1.732868","mg/L","700","mg","2","0"
"3","Thuo_2011_ciprofloxacin","ciprofloxacin","0","6","1.14906","mg/L","700","mg","2","0"
"3","Thuo_2011_ciprofloxacin","ciprofloxacin","0","8","1.821205","mg/L","700","mg","2","0"
"3","Thuo_2011_ciprofloxacin","ciprofloxacin","0","12","1.095794","mg/L","700","mg","2","0"
"3","Thuo_2011_ciprofloxacin","ciprofloxacin","0","24","0.225619","mg/L","700","mg","2","0"
"3","Thuo_2011_ciprofloxacin","ciprofloxacin","0","30","0.160383","mg/L","700","mg","2","0"
"4","Thuo_2011_ciprofloxacin","ciprofloxacin","1","0",".","mg/L","700","mg","2","."
"4","Thuo_2011_ciprofloxacin","ciprofloxacin","0","0","0","mg/L","700","mg","2","0"
"4","Thuo_2011_ciprofloxacin","ciprofloxacin","0","0.25","0","mg/L","700","mg","2","0"
"4","Thuo_2011_ciprofloxacin","ciprofloxacin","0","0.5","0","mg/L","700","mg","2","0"
"4","Thuo_2011_ciprofloxacin","ciprofloxacin","0","1","0.580287","mg/L","700","mg","2","0"
"4","Thuo_2011_ciprofloxacin","ciprofloxacin","0","2","1.232166","mg/L","700","mg","2","0"
"4","Thuo_2011_ciprofloxacin","ciprofloxacin","0","4","1.03995","mg/L","700","mg","2","0"
"4","Thuo_2011_ciprofloxacin","ciprofloxacin","0","6","0.781793","mg/L","700","mg","2","0"
"4","Thuo_2011_ciprofloxacin","ciprofloxacin","0","8","0.208393","mg/L","700","mg","2","0"
"4","Thuo_2011_ciprofloxacin","ciprofloxacin","0","12","0.352404","mg/L","700","mg","2","0"
"4","Thuo_2011_ciprofloxacin","ciprofloxacin","0","24","0.072983","mg/L","700","mg","2","0"
"4","Thuo_2011_ciprofloxacin","ciprofloxacin","0","30","0.012518","mg/L","700","mg","2","0"
"5","Thuo_2011_ciprofloxacin","ciprofloxacin","1","0",".","mg/L","700","mg","2","."
"5","Thuo_2011_ciprofloxacin","ciprofloxacin","0","0","0","mg/L","700","mg","2","0"
"5","Thuo_2011_ciprofloxacin","ciprofloxacin","0","0.25","0","mg/L","700","mg","2","0"
"5","Thuo_2011_ciprofloxacin","ciprofloxacin","0","0.5","0","mg/L","700","mg","2","0"
"5","Thuo_2011_ciprofloxacin","ciprofloxacin","0","1","0.196891","mg/L","700","mg","2","0"
"5","Thuo_2011_ciprofloxacin","ciprofloxacin","0","2","0.685185","mg/L","700","mg","2","0"
"5","Thuo_2011_ciprofloxacin","ciprofloxacin","0","4","0.681512","mg/L","700","mg","2","0"
"5","Thuo_2011_ciprofloxacin","ciprofloxacin","0","6","0.55391","mg/L","700","mg","2","0"
"5","Thuo_2011_ciprofloxacin","ciprofloxacin","0","8","0.468021","mg/L","700","mg","2","0"
"5","Thuo_2011_ciprofloxacin","ciprofloxacin","0","12","0.514989","mg/L","700","mg","2","0"
"5","Thuo_2011_ciprofloxacin","ciprofloxacin","0","24","0.178804","mg/L","700","mg","2","0"
"5","Thuo_2011_ciprofloxacin","ciprofloxacin","0","30","0.029794","mg/L","700","mg","2","0"
"6","Thuo_2011_ciprofloxacin","ciprofloxacin","1","0",".","mg/L","700","mg","2","."
"6","Thuo_2011_ciprofloxacin","ciprofloxacin","0","0","0","mg/L","700","mg","2","0"
"6","Thuo_2011_ciprofloxacin","ciprofloxacin","0","0.25","0","mg/L","700","mg","2","0"
"6","Thuo_2011_ciprofloxacin","ciprofloxacin","0","0.5","0","mg/L","700","mg","2","0"
"6","Thuo_2011_ciprofloxacin","ciprofloxacin","0","1","1.204899","mg/L","700","mg","2","0"
"6","Thuo_2011_ciprofloxacin","ciprofloxacin","0","2","1.208699","mg/L","700","mg","2","0"
"6","Thuo_2011_ciprofloxacin","ciprofloxacin","0","4","1.123276","mg/L","700","mg","2","0"
"6","Thuo_2011_ciprofloxacin","ciprofloxacin","0","6","0.557705","mg/L","700","mg","2","0"
"6","Thuo_2011_ciprofloxacin","ciprofloxacin","0","8","0.337775","mg/L","700","mg","2","0"
"6","Thuo_2011_ciprofloxacin","ciprofloxacin","0","12","0.193695","mg/L","700","mg","2","0"
"6","Thuo_2011_ciprofloxacin","ciprofloxacin","0","24","0.06062","mg/L","700","mg","2","0"
"6","Thuo_2011_ciprofloxacin","ciprofloxacin","0","30","0","mg/L","700","mg","2","1"
"7","Thuo_2011_ciprofloxacin","ciprofloxacin","1","0",".","mg/L","700","mg","2","."
"7","Thuo_2011_ciprofloxacin","ciprofloxacin","0","0","0","mg/L","700","mg","2","0"
"7","Thuo_2011_ciprofloxacin","ciprofloxacin","0","0.25","0","mg/L","700","mg","2","0"
"7","Thuo_2011_ciprofloxacin","ciprofloxacin","0","0.5","0","mg/L","700","mg","2","0"
"7","Thuo_2011_ciprofloxacin","ciprofloxacin","0","1","0.33695","mg/L","700","mg","2","0"
"7","Thuo_2011_ciprofloxacin","ciprofloxacin","0","2","1.236801","mg/L","700","mg","2","0"
"7","Thuo_2011_ciprofloxacin","ciprofloxacin","0","4","1.095672","mg/L","700","mg","2","0"
"7","Thuo_2011_ciprofloxacin","ciprofloxacin","0","6","1.368351","mg/L","700","mg","2","0"
"7","Thuo_2011_ciprofloxacin","ciprofloxacin","0","8","0.677507","mg/L","700","mg","2","0"
"7","Thuo_2011_ciprofloxacin","ciprofloxacin","0","12","0.686105","mg/L","700","mg","2","0"
"7","Thuo_2011_ciprofloxacin","ciprofloxacin","0","24","0.273465","mg/L","700","mg","2","0"
"7","Thuo_2011_ciprofloxacin","ciprofloxacin","0","30","0.070126","mg/L","700","mg","2","0"
"8","Thuo_2011_ciprofloxacin","ciprofloxacin","1","0",".","mg/L","700","mg","2","."
"8","Thuo_2011_ciprofloxacin","ciprofloxacin","0","0","0","mg/L","700","mg","2","0"
"8","Thuo_2011_ciprofloxacin","ciprofloxacin","0","0.25","0","mg/L","700","mg","2","0"
"8","Thuo_2011_ciprofloxacin","ciprofloxacin","0","0.5","0","mg/L","700","mg","2","0"
"8","Thuo_2011_ciprofloxacin","ciprofloxacin","0","1","1.604731","mg/L","700","mg","2","0"
"8","Thuo_2011_ciprofloxacin","ciprofloxacin","0","2","1.451168","mg/L","700","mg","2","0"
"8","Thuo_2011_ciprofloxacin","ciprofloxacin","0","4","1.139295","mg/L","700","mg","2","0"
"8","Thuo_2011_ciprofloxacin","ciprofloxacin","0","6","1.115802","mg/L","700","mg","2","0"
"8","Thuo_2011_ciprofloxacin","ciprofloxacin","0","8","0.705075","mg/L","700","mg","2","0"
"8","Thuo_2011_ciprofloxacin","ciprofloxacin","0","12","0.640099","mg/L","700","mg","2","0"
"8","Thuo_2011_ciprofloxacin","ciprofloxacin","0","24","0.167431","mg/L","700","mg","2","0"
"8","Thuo_2011_ciprofloxacin","ciprofloxacin","0","30","0.056787","mg/L","700","mg","2","0"
"9","Thuo_2011_ciprofloxacin","ciprofloxacin","1","0",".","mg/L","700","mg","2","."
"9","Thuo_2011_ciprofloxacin","ciprofloxacin","0","0","0","mg/L","700","mg","2","0"
"9","Thuo_2011_ciprofloxacin","ciprofloxacin","0","0.25","0","mg/L","700","mg","2","0"
"9","Thuo_2011_ciprofloxacin","ciprofloxacin","0","0.5","0","mg/L","700","mg","2","0"
"9","Thuo_2011_ciprofloxacin","ciprofloxacin","0","1","0.427615","mg/L","700","mg","2","0"
"9","Thuo_2011_ciprofloxacin","ciprofloxacin","0","2","1.06617","mg/L","700","mg","2","0"
"9","Thuo_2011_ciprofloxacin","ciprofloxacin","0","4","0.879597","mg/L","700","mg","2","0"
"9","Thuo_2011_ciprofloxacin","ciprofloxacin","0","6","1.063189","mg/L","700","mg","2","0"
"9","Thuo_2011_ciprofloxacin","ciprofloxacin","0","8","0.514688","mg/L","700","mg","2","0"
"9","Thuo_2011_ciprofloxacin","ciprofloxacin","0","12","0.331841","mg/L","700","mg","2","0"
"9","Thuo_2011_ciprofloxacin","ciprofloxacin","0","24","0.094344","mg/L","700","mg","2","0"
"9","Thuo_2011_ciprofloxacin","ciprofloxacin","0","30","0.07278","mg/L","700","mg","2","0"
"10","Thuo_2011_ciprofloxacin","ciprofloxacin","1","0",".","mg/L","700","mg","2","."
"10","Thuo_2011_ciprofloxacin","ciprofloxacin","0","0","0","mg/L","700","mg","2","0"
"10","Thuo_2011_ciprofloxacin","ciprofloxacin","0","0.25","0","mg/L","700","mg","2","0"
"10","Thuo_2011_ciprofloxacin","ciprofloxacin","0","0.5","0","mg/L","700","mg","2","0"
"10","Thuo_2011_ciprofloxacin","ciprofloxacin","0","1","1.395572","mg/L","700","mg","2","0"
"10","Thuo_2011_ciprofloxacin","ciprofloxacin","0","2","2.631589","mg/L","700","mg","2","0"
"10","Thuo_2011_ciprofloxacin","ciprofloxacin","0","4","1.987942","mg/L","700","mg","2","0"
"10","Thuo_2011_ciprofloxacin","ciprofloxacin","0","6","1.229223","mg/L","700","mg","2","0"
"10","Thuo_2011_ciprofloxacin","ciprofloxacin","0","8","1.073751","mg/L","700","mg","2","0"
"10","Thuo_2011_ciprofloxacin","ciprofloxacin","0","12","0.672221","mg/L","700","mg","2","0"
"10","Thuo_2011_ciprofloxacin","ciprofloxacin","0","24","0.216844","mg/L","700","mg","2","0"
"10","Thuo_2011_ciprofloxacin","ciprofloxacin","0","30","0.042555","mg/L","700","mg","2","0"
"1","Savic_2017_cladribine","cladribine","1","0",".","ng/mL","367.5","mg","2","."
"1","Savic_2017_cladribine","cladribine","0","0","0","ng/mL","367.5","mg","2","0"
"1","Savic_2017_cladribine","cladribine","0","0.25","362.305616","ng/mL","367.5","mg","2","0"
"1","Savic_2017_cladribine","cladribine","0","0.5","750.079609","ng/mL","367.5","mg","2","0"
"1","Savic_2017_cladribine","cladribine","0","1","34.955558","ng/mL","367.5","mg","2","0"
"1","Savic_2017_cladribine","cladribine","0","2","315.71831","ng/mL","367.5","mg","2","0"
"1","Savic_2017_cladribine","cladribine","0","4","135.042513","ng/mL","367.5","mg","2","0"
"1","Savic_2017_cladribine","cladribine","0","6","142.535661","ng/mL","367.5","mg","2","0"
"1","Savic_2017_cladribine","cladribine","0","8","50.063479","ng/mL","367.5","mg","2","0"
"1","Savic_2017_cladribine","cladribine","0","12","30.310602","ng/mL","367.5","mg","2","0"
"1","Savic_2017_cladribine","cladribine","0","24","15.602126","ng/mL","367.5","mg","2","0"
"1","Savic_2017_cladribine","cladribine","0","36","21.018253","ng/mL","367.5","mg","2","0"
"1","Savic_2017_cladribine","cladribine","0","48","7.545014","ng/mL","367.5","mg","2","0"
"1","Savic_2017_cladribine","cladribine","0","60","9.782013","ng/mL","367.5","mg","2","0"
"1","Savic_2017_cladribine","cladribine","0","72","5.663452","ng/mL","367.5","mg","2","0"
"1","Savic_2017_cladribine","cladribine","0","114","1.992459","ng/mL","367.5","mg","2","0"
"2","Savic_2017_cladribine","cladribine","1","0",".","ng/mL","367.5","mg","2","."
"2","Savic_2017_cladribine","cladribine","0","0","0","ng/mL","367.5","mg","2","0"
"2","Savic_2017_cladribine","cladribine","0","0.25","525.416092","ng/mL","367.5","mg","2","0"
"2","Savic_2017_cladribine","cladribine","0","0.5","1478.06936","ng/mL","367.5","mg","2","0"
"2","Savic_2017_cladribine","cladribine","0","1","1072.61116","ng/mL","367.5","mg","2","0"
"2","Savic_2017_cladribine","cladribine","0","2","551.305884","ng/mL","367.5","mg","2","0"
"2","Savic_2017_cladribine","cladribine","0","4","467.679139","ng/mL","367.5","mg","2","0"
"2","Savic_2017_cladribine","cladribine","0","6","156.583635","ng/mL","367.5","mg","2","0"
"2","Savic_2017_cladribine","cladribine","0","8","0","ng/mL","367.5","mg","2","1"
"2","Savic_2017_cladribine","cladribine","0","12","53.130546","ng/mL","367.5","mg","2","0"
"2","Savic_2017_cladribine","cladribine","0","24","23.658143","ng/mL","367.5","mg","2","0"
"2","Savic_2017_cladribine","cladribine","0","36","13.388563","ng/mL","367.5","mg","2","0"
"2","Savic_2017_cladribine","cladribine","0","48","5.91638","ng/mL","367.5","mg","2","0"
"2","Savic_2017_cladribine","cladribine","0","60","9.333692","ng/mL","367.5","mg","2","0"
"2","Savic_2017_cladribine","cladribine","0","72","2.25342","ng/mL","367.5","mg","2","0"
"2","Savic_2017_cladribine","cladribine","0","114","1.014858","ng/mL","367.5","mg","2","0"
"3","Savic_2017_cladribine","cladribine","1","0",".","ng/mL","367.5","mg","2","."
"3","Savic_2017_cladribine","cladribine","0","0","0","ng/mL","367.5","mg","2","0"
"3","Savic_2017_cladribine","cladribine","0","0.25","1603.298848","ng/mL","367.5","mg","2","0"
"3","Savic_2017_cladribine","cladribine","0","0.5","1600.958262","ng/mL","367.5","mg","2","0"
"3","Savic_2017_cladribine","cladribine","0","1","886.306321","ng/mL","367.5","mg","2","0"
"3","Savic_2017_cladribine","cladribine","0","2","253.010415","ng/mL","367.5","mg","2","0"
"3","Savic_2017_cladribine","cladribine","0","4","305.70912","ng/mL","367.5","mg","2","0"
"3","Savic_2017_cladribine","cladribine","0","6","125.661865","ng/mL","367.5","mg","2","0"
"3","Savic_2017_cladribine","cladribine","0","8","69.998339","ng/mL","367.5","mg","2","0"
"3","Savic_2017_cladribine","cladribine","0","12","22.002307","ng/mL","367.5","mg","2","0"
"3","Savic_2017_cladribine","cladribine","0","24","10.499115","ng/mL","367.5","mg","2","0"
"3","Savic_2017_cladribine","cladribine","0","36","5.588082","ng/mL","367.5","mg","2","0"
"3","Savic_2017_cladribine","cladribine","0","48","6.588082","ng/mL","367.5","mg","2","0"
"3","Savic_2017_cladribine","cladribine","0","60","3.508277","ng/mL","367.5","mg","2","0"
"3","Savic_2017_cladribine","cladribine","0","72","2.255359","ng/mL","367.5","mg","2","0"
"3","Savic_2017_cladribine","cladribine","0","114","0","ng/mL","367.5","mg","2","1"
"4","Savic_2017_cladribine","cladribine","1","0",".","ng/mL","367.5","mg","2","."
"4","Savic_2017_cladribine","cladribine","0","0","0","ng/mL","367.5","mg","2","0"
"4","Savic_2017_cladribine","cladribine","0","0.25","413.231374","ng/mL","367.5","mg","2","0"
"4","Savic_2017_cladribine","cladribine","0","0.5","850.575631","ng/mL","367.5","mg","2","0"
"4","Savic_2017_cladribine","cladribine","0","1","408.302448","ng/mL","367.5","mg","2","0"
"4","Savic_2017_cladribine","cladribine","0","2","278.434015","ng/mL","367.5","mg","2","0"
"4","Savic_2017_cladribine","cladribine","0","4","76.414999","ng/mL","367.5","mg","2","0"
"4","Savic_2017_cladribine","cladribine","0","6","72.681442","ng/mL","367.5","mg","2","0"
"4","Savic_2017_cladribine","cladribine","0","8","79.757664","ng/mL","367.5","mg","2","0"
"4","Savic_2017_cladribine","cladribine","0","12","33.285253","ng/mL","367.5","mg","2","0"
"4","Savic_2017_cladribine","cladribine","0","24","1.034026","ng/mL","367.5","mg","2","0"
"4","Savic_2017_cladribine","cladribine","0","36","10.242964","ng/mL","367.5","mg","2","0"
"4","Savic_2017_cladribine","cladribine","0","48","3.276847","ng/mL","367.5","mg","2","0"
"4","Savic_2017_cladribine","cladribine","0","60","4.265633","ng/mL","367.5","mg","2","0"
"4","Savic_2017_cladribine","cladribine","0","72","3.343849","ng/mL","367.5","mg","2","0"
"4","Savic_2017_cladribine","cladribine","0","114","1.012756","ng/mL","367.5","mg","2","0"
"5","Savic_2017_cladribine","cladribine","1","0",".","ng/mL","367.5","mg","2","."
"5","Savic_2017_cladribine","cladribine","0","0","0","ng/mL","367.5","mg","2","0"
"5","Savic_2017_cladribine","cladribine","0","0.25","383.525539","ng/mL","367.5","mg","2","0"
"5","Savic_2017_cladribine","cladribine","0","0.5","582.182212","ng/mL","367.5","mg","2","0"
"5","Savic_2017_cladribine","cladribine","0","1","284.524428","ng/mL","367.5","mg","2","0"
"5","Savic_2017_cladribine","cladribine","0","2","222.71497","ng/mL","367.5","mg","2","0"
"5","Savic_2017_cladribine","cladribine","0","4","139.887801","ng/mL","367.5","mg","2","0"
"5","Savic_2017_cladribine","cladribine","0","6","289.205211","ng/mL","367.5","mg","2","0"
"5","Savic_2017_cladribine","cladribine","0","8","157.392772","ng/mL","367.5","mg","2","0"
"5","Savic_2017_cladribine","cladribine","0","12","66.71181","ng/mL","367.5","mg","2","0"
"5","Savic_2017_cladribine","cladribine","0","24","9.994302","ng/mL","367.5","mg","2","0"
"5","Savic_2017_cladribine","cladribine","0","36","12.58515","ng/mL","367.5","mg","2","0"
"5","Savic_2017_cladribine","cladribine","0","48","14.234138","ng/mL","367.5","mg","2","0"
"5","Savic_2017_cladribine","cladribine","0","60","2.385832","ng/mL","367.5","mg","2","0"
"5","Savic_2017_cladribine","cladribine","0","72","5.504648","ng/mL","367.5","mg","2","0"
"5","Savic_2017_cladribine","cladribine","0","114","1.775097","ng/mL","367.5","mg","2","0"
"6","Savic_2017_cladribine","cladribine","1","0",".","ng/mL","367.5","mg","2","."
"6","Savic_2017_cladribine","cladribine","0","0","0","ng/mL","367.5","mg","2","0"
"6","Savic_2017_cladribine","cladribine","0","0.25","1068.007337","ng/mL","367.5","mg","2","0"
"6","Savic_2017_cladribine","cladribine","0","0.5","698.693896","ng/mL","367.5","mg","2","0"
"6","Savic_2017_cladribine","cladribine","0","1","366.754431","ng/mL","367.5","mg","2","0"
"6","Savic_2017_cladribine","cladribine","0","2","199.596751","ng/mL","367.5","mg","2","0"
"6","Savic_2017_cladribine","cladribine","0","4","100.244887","ng/mL","367.5","mg","2","0"
"6","Savic_2017_cladribine","cladribine","0","6","63.177824","ng/mL","367.5","mg","2","0"
"6","Savic_2017_cladribine","cladribine","0","8","49.436921","ng/mL","367.5","mg","2","0"
"6","Savic_2017_cladribine","cladribine","0","12","33.35962","ng/mL","367.5","mg","2","0"
"6","Savic_2017_cladribine","cladribine","0","24","22.517612","ng/mL","367.5","mg","2","0"
"6","Savic_2017_cladribine","cladribine","0","36","11.941514","ng/mL","367.5","mg","2","0"
"6","Savic_2017_cladribine","cladribine","0","48","4.504938","ng/mL","367.5","mg","2","0"
"6","Savic_2017_cladribine","cladribine","0","60","5.03735","ng/mL","367.5","mg","2","0"
"6","Savic_2017_cladribine","cladribine","0","72","4.829321","ng/mL","367.5","mg","2","0"
"6","Savic_2017_cladribine","cladribine","0","114","0.965695","ng/mL","367.5","mg","2","0"
"7","Savic_2017_cladribine","cladribine","1","0",".","ng/mL","367.5","mg","2","."
"7","Savic_2017_cladribine","cladribine","0","0","0","ng/mL","367.5","mg","2","0"
"7","Savic_2017_cladribine","cladribine","0","0.25","415.911876","ng/mL","367.5","mg","2","0"
"7","Savic_2017_cladribine","cladribine","0","0.5","803.216212","ng/mL","367.5","mg","2","0"
"7","Savic_2017_cladribine","cladribine","0","1","559.979824","ng/mL","367.5","mg","2","0"
"7","Savic_2017_cladribine","cladribine","0","2","312.907685","ng/mL","367.5","mg","2","0"
"7","Savic_2017_cladribine","cladribine","0","4","203.026351","ng/mL","367.5","mg","2","0"
"7","Savic_2017_cladribine","cladribine","0","6","173.52242","ng/mL","367.5","mg","2","0"
"7","Savic_2017_cladribine","cladribine","0","8","100.734062","ng/mL","367.5","mg","2","0"
"7","Savic_2017_cladribine","cladribine","0","12","30.484003","ng/mL","367.5","mg","2","0"
"7","Savic_2017_cladribine","cladribine","0","24","26.272053","ng/mL","367.5","mg","2","0"
"7","Savic_2017_cladribine","cladribine","0","36","25.525109","ng/mL","367.5","mg","2","0"
"7","Savic_2017_cladribine","cladribine","0","48","6.721261","ng/mL","367.5","mg","2","0"
"7","Savic_2017_cladribine","cladribine","0","60","6.169642","ng/mL","367.5","mg","2","0"
"7","Savic_2017_cladribine","cladribine","0","72","5.391392","ng/mL","367.5","mg","2","0"
"7","Savic_2017_cladribine","cladribine","0","114","2.288485","ng/mL","367.5","mg","2","0"
"8","Savic_2017_cladribine","cladribine","1","0",".","ng/mL","367.5","mg","2","."
"8","Savic_2017_cladribine","cladribine","0","0","0","ng/mL","367.5","mg","2","0"
"8","Savic_2017_cladribine","cladribine","0","0.25","676.504509","ng/mL","367.5","mg","2","0"
"8","Savic_2017_cladribine","cladribine","0","0.5","1513.815341","ng/mL","367.5","mg","2","0"
"8","Savic_2017_cladribine","cladribine","0","1","1158.477881","ng/mL","367.5","mg","2","0"
"8","Savic_2017_cladribine","cladribine","0","2","179.507456","ng/mL","367.5","mg","2","0"
"8","Savic_2017_cladribine","cladribine","0","4","282.235541","ng/mL","367.5","mg","2","0"
"8","Savic_2017_cladribine","cladribine","0","6","194.489531","ng/mL","367.5","mg","2","0"
"8","Savic_2017_cladribine","cladribine","0","8","147.731917","ng/mL","367.5","mg","2","0"
"8","Savic_2017_cladribine","cladribine","0","12","89.138818","ng/mL","367.5","mg","2","0"
"8","Savic_2017_cladribine","cladribine","0","24","24.231451","ng/mL","367.5","mg","2","0"
"8","Savic_2017_cladribine","cladribine","0","36","20.296525","ng/mL","367.5","mg","2","0"
"8","Savic_2017_cladribine","cladribine","0","48","18.979487","ng/mL","367.5","mg","2","0"
"8","Savic_2017_cladribine","cladribine","0","60","4.975916","ng/mL","367.5","mg","2","0"
"8","Savic_2017_cladribine","cladribine","0","72","3.43456","ng/mL","367.5","mg","2","0"
"8","Savic_2017_cladribine","cladribine","0","114","1.224615","ng/mL","367.5","mg","2","0"
"9","Savic_2017_cladribine","cladribine","1","0",".","ng/mL","367.5","mg","2","."
"9","Savic_2017_cladribine","cladribine","0","0","0","ng/mL","367.5","mg","2","0"
"9","Savic_2017_cladribine","cladribine","0","0.25","455.468257","ng/mL","367.5","mg","2","0"
"9","Savic_2017_cladribine","cladribine","0","0.5","1301.746785","ng/mL","367.5","mg","2","0"
"9","Savic_2017_cladribine","cladribine","0","1","1347.962508","ng/mL","367.5","mg","2","0"
"9","Savic_2017_cladribine","cladribine","0","2","961.860609","ng/mL","367.5","mg","2","0"
"9","Savic_2017_cladribine","cladribine","0","4","154.236236","ng/mL","367.5","mg","2","0"
"9","Savic_2017_cladribine","cladribine","0","6","209.364952","ng/mL","367.5","mg","2","0"
"9","Savic_2017_cladribine","cladribine","0","8","43.76965","ng/mL","367.5","mg","2","0"
"9","Savic_2017_cladribine","cladribine","0","12","75.008107","ng/mL","367.5","mg","2","0"
"9","Savic_2017_cladribine","cladribine","0","24","13.15351","ng/mL","367.5","mg","2","0"
"9","Savic_2017_cladribine","cladribine","0","36","13.334945","ng/mL","367.5","mg","2","0"
"9","Savic_2017_cladribine","cladribine","0","48","12.572537","ng/mL","367.5","mg","2","0"
"9","Savic_2017_cladribine","cladribine","0","60","2.797235","ng/mL","367.5","mg","2","0"
"9","Savic_2017_cladribine","cladribine","0","72","3.539001","ng/mL","367.5","mg","2","0"
"9","Savic_2017_cladribine","cladribine","0","114","1.600962","ng/mL","367.5","mg","2","0"
"10","Savic_2017_cladribine","cladribine","1","0",".","ng/mL","367.5","mg","2","."
"10","Savic_2017_cladribine","cladribine","0","0","0","ng/mL","367.5","mg","2","0"
"10","Savic_2017_cladribine","cladribine","0","0.25","118.86756","ng/mL","367.5","mg","2","0"
"10","Savic_2017_cladribine","cladribine","0","0.5","427.107331","ng/mL","367.5","mg","2","0"
"10","Savic_2017_cladribine","cladribine","0","1","501.925972","ng/mL","367.5","mg","2","0"
"10","Savic_2017_cladribine","cladribine","0","2","586.023903","ng/mL","367.5","mg","2","0"
"10","Savic_2017_cladribine","cladribine","0","4","303.735388","ng/mL","367.5","mg","2","0"
"10","Savic_2017_cladribine","cladribine","0","6","181.830386","ng/mL","367.5","mg","2","0"
"10","Savic_2017_cladribine","cladribine","0","8","109.161424","ng/mL","367.5","mg","2","0"
"10","Savic_2017_cladribine","cladribine","0","12","127.588423","ng/mL","367.5","mg","2","0"
"10","Savic_2017_cladribine","cladribine","0","24","27.185658","ng/mL","367.5","mg","2","0"
"10","Savic_2017_cladribine","cladribine","0","36","1.693084","ng/mL","367.5","mg","2","0"
"10","Savic_2017_cladribine","cladribine","0","48","13.344216","ng/mL","367.5","mg","2","0"
"10","Savic_2017_cladribine","cladribine","0","60","14.233495","ng/mL","367.5","mg","2","0"
"10","Savic_2017_cladribine","cladribine","0","72","8.256506","ng/mL","367.5","mg","2","0"
"10","Savic_2017_cladribine","cladribine","0","114","2.535774","ng/mL","367.5","mg","2","0"
"1","Debord_2001_cyclosporin","cyclosporin","1","0",".","mg/L","175","mg","2","."
"1","Debord_2001_cyclosporin","cyclosporin","0","0","0","mg/L","175","mg","2","0"
"1","Debord_2001_cyclosporin","cyclosporin","0","0.25","0","mg/L","175","mg","2","1"
"1","Debord_2001_cyclosporin","cyclosporin","0","0.5","0.208113","mg/L","175","mg","2","0"
"1","Debord_2001_cyclosporin","cyclosporin","0","1","1.468555","mg/L","175","mg","2","0"
"1","Debord_2001_cyclosporin","cyclosporin","0","2","0.816874","mg/L","175","mg","2","0"
"1","Debord_2001_cyclosporin","cyclosporin","0","4","0.182394","mg/L","175","mg","2","0"
"1","Debord_2001_cyclosporin","cyclosporin","0","6","0.055078","mg/L","175","mg","2","0"
"1","Debord_2001_cyclosporin","cyclosporin","0","8","0","mg/L","175","mg","2","1"
"1","Debord_2001_cyclosporin","cyclosporin","0","11","0.023548","mg/L","175","mg","2","0"
"2","Debord_2001_cyclosporin","cyclosporin","1","0",".","mg/L","175","mg","2","."
"2","Debord_2001_cyclosporin","cyclosporin","0","0","0","mg/L","175","mg","2","0"
"2","Debord_2001_cyclosporin","cyclosporin","0","0.25","0.130918","mg/L","175","mg","2","0"
"2","Debord_2001_cyclosporin","cyclosporin","0","0.5","1.08884","mg/L","175","mg","2","0"
"2","Debord_2001_cyclosporin","cyclosporin","0","1","1.757333","mg/L","175","mg","2","0"
"2","Debord_2001_cyclosporin","cyclosporin","0","2","0.786328","mg/L","175","mg","2","0"
"2","Debord_2001_cyclosporin","cyclosporin","0","4","0.271177","mg/L","175","mg","2","0"
"2","Debord_2001_cyclosporin","cyclosporin","0","6","0.069691","mg/L","175","mg","2","0"
"2","Debord_2001_cyclosporin","cyclosporin","0","8","0.052555","mg/L","175","mg","2","0"
"2","Debord_2001_cyclosporin","cyclosporin","0","11","0","mg/L","175","mg","2","1"
"3","Debord_2001_cyclosporin","cyclosporin","1","0",".","mg/L","175","mg","2","."
"3","Debord_2001_cyclosporin","cyclosporin","0","0","0","mg/L","175","mg","2","0"
"3","Debord_2001_cyclosporin","cyclosporin","0","0.25","0.233362","mg/L","175","mg","2","0"
"3","Debord_2001_cyclosporin","cyclosporin","0","0.5","1.453677","mg/L","175","mg","2","0"
"3","Debord_2001_cyclosporin","cyclosporin","0","1","0.673935","mg/L","175","mg","2","0"
"3","Debord_2001_cyclosporin","cyclosporin","0","2","0.134097","mg/L","175","mg","2","0"
"3","Debord_2001_cyclosporin","cyclosporin","0","4","0.055693","mg/L","175","mg","2","0"
"3","Debord_2001_cyclosporin","cyclosporin","0","6","0.034142","mg/L","175","mg","2","0"
"3","Debord_2001_cyclosporin","cyclosporin","0","8","0.042004","mg/L","175","mg","2","0"
"3","Debord_2001_cyclosporin","cyclosporin","0","11","0.004926","mg/L","175","mg","2","0"
"4","Debord_2001_cyclosporin","cyclosporin","1","0",".","mg/L","175","mg","2","."
"4","Debord_2001_cyclosporin","cyclosporin","0","0","0","mg/L","175","mg","2","0"
"4","Debord_2001_cyclosporin","cyclosporin","0","0.25","0.067558","mg/L","175","mg","2","0"
"4","Debord_2001_cyclosporin","cyclosporin","0","0.5","1.079834","mg/L","175","mg","2","0"
"4","Debord_2001_cyclosporin","cyclosporin","0","1","1.42875","mg/L","175","mg","2","0"
"4","Debord_2001_cyclosporin","cyclosporin","0","2","0.72223","mg/L","175","mg","2","0"
"4","Debord_2001_cyclosporin","cyclosporin","0","4","0.321414","mg/L","175","mg","2","0"
"4","Debord_2001_cyclosporin","cyclosporin","0","6","0.241876","mg/L","175","mg","2","0"
"4","Debord_2001_cyclosporin","cyclosporin","0","8","0.203603","mg/L","175","mg","2","0"
"4","Debord_2001_cyclosporin","cyclosporin","0","11","0.124249","mg/L","175","mg","2","0"
"5","Debord_2001_cyclosporin","cyclosporin","1","0",".","mg/L","175","mg","2","."
"5","Debord_2001_cyclosporin","cyclosporin","0","0","0","mg/L","175","mg","2","0"
"5","Debord_2001_cyclosporin","cyclosporin","0","0.25","0.030593","mg/L","175","mg","2","0"
"5","Debord_2001_cyclosporin","cyclosporin","0","0.5","0.021262","mg/L","175","mg","2","0"
"5","Debord_2001_cyclosporin","cyclosporin","0","1","0.635184","mg/L","175","mg","2","0"
"5","Debord_2001_cyclosporin","cyclosporin","0","2","1.786399","mg/L","175","mg","2","0"
"5","Debord_2001_cyclosporin","cyclosporin","0","4","0.463204","mg/L","175","mg","2","0"
"5","Debord_2001_cyclosporin","cyclosporin","0","6","0.231771","mg/L","175","mg","2","0"
"5","Debord_2001_cyclosporin","cyclosporin","0","8","0.105464","mg/L","175","mg","2","0"
"5","Debord_2001_cyclosporin","cyclosporin","0","11","0.05129","mg/L","175","mg","2","0"
"6","Debord_2001_cyclosporin","cyclosporin","1","0",".","mg/L","175","mg","2","."
"6","Debord_2001_cyclosporin","cyclosporin","0","0","0","mg/L","175","mg","2","0"
"6","Debord_2001_cyclosporin","cyclosporin","0","0.25","0.082846","mg/L","175","mg","2","0"
"6","Debord_2001_cyclosporin","cyclosporin","0","0.5","0.353181","mg/L","175","mg","2","0"
"6","Debord_2001_cyclosporin","cyclosporin","0","1","1.059983","mg/L","175","mg","2","0"
"6","Debord_2001_cyclosporin","cyclosporin","0","2","0.931151","mg/L","175","mg","2","0"
"6","Debord_2001_cyclosporin","cyclosporin","0","4","0.626979","mg/L","175","mg","2","0"
"6","Debord_2001_cyclosporin","cyclosporin","0","6","0.43487","mg/L","175","mg","2","0"
"6","Debord_2001_cyclosporin","cyclosporin","0","8","0.337382","mg/L","175","mg","2","0"
"6","Debord_2001_cyclosporin","cyclosporin","0","11","0.280068","mg/L","175","mg","2","0"
"7","Debord_2001_cyclosporin","cyclosporin","1","0",".","mg/L","175","mg","2","."
"7","Debord_2001_cyclosporin","cyclosporin","0","0","0","mg/L","175","mg","2","0"
"7","Debord_2001_cyclosporin","cyclosporin","0","0.25","0.006159","mg/L","175","mg","2","0"
"7","Debord_2001_cyclosporin","cyclosporin","0","0.5","0.219414","mg/L","175","mg","2","0"
"7","Debord_2001_cyclosporin","cyclosporin","0","1","1.576818","mg/L","175","mg","2","0"
"7","Debord_2001_cyclosporin","cyclosporin","0","2","0.640099","mg/L","175","mg","2","0"
"7","Debord_2001_cyclosporin","cyclosporin","0","4","0.228222","mg/L","175","mg","2","0"
"7","Debord_2001_cyclosporin","cyclosporin","0","6","0.082606","mg/L","175","mg","2","0"
"7","Debord_2001_cyclosporin","cyclosporin","0","8","0.026544","mg/L","175","mg","2","0"
"7","Debord_2001_cyclosporin","cyclosporin","0","11","0.033222","mg/L","175","mg","2","0"
"8","Debord_2001_cyclosporin","cyclosporin","1","0",".","mg/L","175","mg","2","."
"8","Debord_2001_cyclosporin","cyclosporin","0","0","0","mg/L","175","mg","2","0"
"8","Debord_2001_cyclosporin","cyclosporin","0","0.25","0.037314","mg/L","175","mg","2","0"
"8","Debord_2001_cyclosporin","cyclosporin","0","0.5","0.026262","mg/L","175","mg","2","0"
"8","Debord_2001_cyclosporin","cyclosporin","0","1","0.722291","mg/L","175","mg","2","0"
"8","Debord_2001_cyclosporin","cyclosporin","0","2","0.783808","mg/L","175","mg","2","0"
"8","Debord_2001_cyclosporin","cyclosporin","0","4","0.056828","mg/L","175","mg","2","0"
"8","Debord_2001_cyclosporin","cyclosporin","0","6","0.008719","mg/L","175","mg","2","0"
"8","Debord_2001_cyclosporin","cyclosporin","0","8","0.043205","mg/L","175","mg","2","0"
"8","Debord_2001_cyclosporin","cyclosporin","0","11","0","mg/L","175","mg","2","1"
"9","Debord_2001_cyclosporin","cyclosporin","1","0",".","mg/L","175","mg","2","."
"9","Debord_2001_cyclosporin","cyclosporin","0","0","0","mg/L","175","mg","2","0"
"9","Debord_2001_cyclosporin","cyclosporin","0","0.25","8.8e-05","mg/L","175","mg","2","0"
"9","Debord_2001_cyclosporin","cyclosporin","0","0.5","0.222678","mg/L","175","mg","2","0"
"9","Debord_2001_cyclosporin","cyclosporin","0","1","1.403392","mg/L","175","mg","2","0"
"9","Debord_2001_cyclosporin","cyclosporin","0","2","1.222864","mg/L","175","mg","2","0"
"9","Debord_2001_cyclosporin","cyclosporin","0","4","0.688828","mg/L","175","mg","2","0"
"9","Debord_2001_cyclosporin","cyclosporin","0","6","0.409146","mg/L","175","mg","2","0"
"9","Debord_2001_cyclosporin","cyclosporin","0","8","0.222987","mg/L","175","mg","2","0"
"9","Debord_2001_cyclosporin","cyclosporin","0","11","0.090722","mg/L","175","mg","2","0"
"10","Debord_2001_cyclosporin","cyclosporin","1","0",".","mg/L","175","mg","2","."
"10","Debord_2001_cyclosporin","cyclosporin","0","0","0","mg/L","175","mg","2","0"
"10","Debord_2001_cyclosporin","cyclosporin","0","0.25","0.034236","mg/L","175","mg","2","0"
"10","Debord_2001_cyclosporin","cyclosporin","0","0.5","0.321087","mg/L","175","mg","2","0"
"10","Debord_2001_cyclosporin","cyclosporin","0","1","1.043878","mg/L","175","mg","2","0"
"10","Debord_2001_cyclosporin","cyclosporin","0","2","0.71066","mg/L","175","mg","2","0"
"10","Debord_2001_cyclosporin","cyclosporin","0","4","0.20307","mg/L","175","mg","2","0"
"10","Debord_2001_cyclosporin","cyclosporin","0","6","0.096483","mg/L","175","mg","2","0"
"10","Debord_2001_cyclosporin","cyclosporin","0","8","0.049876","mg/L","175","mg","2","0"
"10","Debord_2001_cyclosporin","cyclosporin","0","11","0.056909","mg/L","175","mg","2","0"
"1","Zhang_2021_dupilumab","dupilumab","1","0",".","mg/L","840","mg","2","."
"1","Zhang_2021_dupilumab","dupilumab","0","0","0","mg/L","840","mg","2","0"
"1","Zhang_2021_dupilumab","dupilumab","0","1","1.042803","mg/L","840","mg","2","0"
"1","Zhang_2021_dupilumab","dupilumab","0","2","2.270352","mg/L","840","mg","2","0"
"1","Zhang_2021_dupilumab","dupilumab","0","4","8.608806","mg/L","840","mg","2","0"
"1","Zhang_2021_dupilumab","dupilumab","0","8","12.421736","mg/L","840","mg","2","0"
"1","Zhang_2021_dupilumab","dupilumab","0","24","49.124292","mg/L","840","mg","2","0"
"1","Zhang_2021_dupilumab","dupilumab","0","48","75.055559","mg/L","840","mg","2","0"
"1","Zhang_2021_dupilumab","dupilumab","0","72","85.690273","mg/L","840","mg","2","0"
"1","Zhang_2021_dupilumab","dupilumab","0","96","74.696775","mg/L","840","mg","2","0"
"1","Zhang_2021_dupilumab","dupilumab","0","120","106.725514","mg/L","840","mg","2","0"
"1","Zhang_2021_dupilumab","dupilumab","0","168","91.456941","mg/L","840","mg","2","0"
"1","Zhang_2021_dupilumab","dupilumab","0","336","76.08334","mg/L","840","mg","2","0"
"1","Zhang_2021_dupilumab","dupilumab","0","504","51.089056","mg/L","840","mg","2","0"
"1","Zhang_2021_dupilumab","dupilumab","0","591","48.28435","mg/L","840","mg","2","0"
"2","Zhang_2021_dupilumab","dupilumab","1","0",".","mg/L","840","mg","2","."
"2","Zhang_2021_dupilumab","dupilumab","0","0","0","mg/L","840","mg","2","0"
"2","Zhang_2021_dupilumab","dupilumab","0","1","0","mg/L","840","mg","2","1"
"2","Zhang_2021_dupilumab","dupilumab","0","2","3.283322","mg/L","840","mg","2","0"
"2","Zhang_2021_dupilumab","dupilumab","0","4","5.614131","mg/L","840","mg","2","0"
"2","Zhang_2021_dupilumab","dupilumab","0","8","11.57141","mg/L","840","mg","2","0"
"2","Zhang_2021_dupilumab","dupilumab","0","24","40.181098","mg/L","840","mg","2","0"
"2","Zhang_2021_dupilumab","dupilumab","0","48","61.570194","mg/L","840","mg","2","0"
"2","Zhang_2021_dupilumab","dupilumab","0","72","67.601575","mg/L","840","mg","2","0"
"2","Zhang_2021_dupilumab","dupilumab","0","96","60.751841","mg/L","840","mg","2","0"
"2","Zhang_2021_dupilumab","dupilumab","0","120","44.654436","mg/L","840","mg","2","0"
"2","Zhang_2021_dupilumab","dupilumab","0","168","63.002994","mg/L","840","mg","2","0"
"2","Zhang_2021_dupilumab","dupilumab","0","336","37.658138","mg/L","840","mg","2","0"
"2","Zhang_2021_dupilumab","dupilumab","0","504","18.046568","mg/L","840","mg","2","0"
"2","Zhang_2021_dupilumab","dupilumab","0","591","27.017424","mg/L","840","mg","2","0"
"3","Zhang_2021_dupilumab","dupilumab","1","0",".","mg/L","840","mg","2","."
"3","Zhang_2021_dupilumab","dupilumab","0","0","0","mg/L","840","mg","2","0"
"3","Zhang_2021_dupilumab","dupilumab","0","1","1.431182","mg/L","840","mg","2","0"
"3","Zhang_2021_dupilumab","dupilumab","0","2","8.379352","mg/L","840","mg","2","0"
"3","Zhang_2021_dupilumab","dupilumab","0","4","9.398572","mg/L","840","mg","2","0"
"3","Zhang_2021_dupilumab","dupilumab","0","8","26.395479","mg/L","840","mg","2","0"
"3","Zhang_2021_dupilumab","dupilumab","0","24","31.508437","mg/L","840","mg","2","0"
"3","Zhang_2021_dupilumab","dupilumab","0","48","58.573726","mg/L","840","mg","2","0"
"3","Zhang_2021_dupilumab","dupilumab","0","72","95.832019","mg/L","840","mg","2","0"
"3","Zhang_2021_dupilumab","dupilumab","0","96","126.053788","mg/L","840","mg","2","0"
"3","Zhang_2021_dupilumab","dupilumab","0","120","134.251181","mg/L","840","mg","2","0"
"3","Zhang_2021_dupilumab","dupilumab","0","168","102.12697","mg/L","840","mg","2","0"
"3","Zhang_2021_dupilumab","dupilumab","0","336","59.482552","mg/L","840","mg","2","0"
"3","Zhang_2021_dupilumab","dupilumab","0","504","58.368862","mg/L","840","mg","2","0"
"3","Zhang_2021_dupilumab","dupilumab","0","591","37.914225","mg/L","840","mg","2","0"
"4","Zhang_2021_dupilumab","dupilumab","1","0",".","mg/L","840","mg","2","."
"4","Zhang_2021_dupilumab","dupilumab","0","0","0","mg/L","840","mg","2","0"
"4","Zhang_2021_dupilumab","dupilumab","0","1","5.934512","mg/L","840","mg","2","0"
"4","Zhang_2021_dupilumab","dupilumab","0","2","5.379584","mg/L","840","mg","2","0"
"4","Zhang_2021_dupilumab","dupilumab","0","4","9.977897","mg/L","840","mg","2","0"
"4","Zhang_2021_dupilumab","dupilumab","0","8","26.990101","mg/L","840","mg","2","0"
"4","Zhang_2021_dupilumab","dupilumab","0","24","50.36913","mg/L","840","mg","2","0"
"4","Zhang_2021_dupilumab","dupilumab","0","48","109.273262","mg/L","840","mg","2","0"
"4","Zhang_2021_dupilumab","dupilumab","0","72","95.476501","mg/L","840","mg","2","0"
"4","Zhang_2021_dupilumab","dupilumab","0","96","130.764184","mg/L","840","mg","2","0"
"4","Zhang_2021_dupilumab","dupilumab","0","120","126.788357","mg/L","840","mg","2","0"
"4","Zhang_2021_dupilumab","dupilumab","0","168","100.954749","mg/L","840","mg","2","0"
"4","Zhang_2021_dupilumab","dupilumab","0","336","88.821761","mg/L","840","mg","2","0"
"4","Zhang_2021_dupilumab","dupilumab","0","504","66.000159","mg/L","840","mg","2","0"
"4","Zhang_2021_dupilumab","dupilumab","0","591","51.945182","mg/L","840","mg","2","0"
"5","Zhang_2021_dupilumab","dupilumab","1","0",".","mg/L","840","mg","2","."
"5","Zhang_2021_dupilumab","dupilumab","0","0","0","mg/L","840","mg","2","0"
"5","Zhang_2021_dupilumab","dupilumab","0","1","1.970799","mg/L","840","mg","2","0"
"5","Zhang_2021_dupilumab","dupilumab","0","2","1.776631","mg/L","840","mg","2","0"
"5","Zhang_2021_dupilumab","dupilumab","0","4","2.821162","mg/L","840","mg","2","0"
"5","Zhang_2021_dupilumab","dupilumab","0","8","7.196019","mg/L","840","mg","2","0"
"5","Zhang_2021_dupilumab","dupilumab","0","24","30.357424","mg/L","840","mg","2","0"
"5","Zhang_2021_dupilumab","dupilumab","0","48","50.812502","mg/L","840","mg","2","0"
"5","Zhang_2021_dupilumab","dupilumab","0","72","45.082067","mg/L","840","mg","2","0"
"5","Zhang_2021_dupilumab","dupilumab","0","96","56.135474","mg/L","840","mg","2","0"
"5","Zhang_2021_dupilumab","dupilumab","0","120","70.539034","mg/L","840","mg","2","0"
"5","Zhang_2021_dupilumab","dupilumab","0","168","60.078654","mg/L","840","mg","2","0"
"5","Zhang_2021_dupilumab","dupilumab","0","336","47.092977","mg/L","840","mg","2","0"
"5","Zhang_2021_dupilumab","dupilumab","0","504","34.592067","mg/L","840","mg","2","0"
"5","Zhang_2021_dupilumab","dupilumab","0","591","25.230141","mg/L","840","mg","2","0"
"6","Zhang_2021_dupilumab","dupilumab","1","0",".","mg/L","840","mg","2","."
"6","Zhang_2021_dupilumab","dupilumab","0","0","0","mg/L","840","mg","2","0"
"6","Zhang_2021_dupilumab","dupilumab","0","1","2.292713","mg/L","840","mg","2","0"
"6","Zhang_2021_dupilumab","dupilumab","0","2","5.32316","mg/L","840","mg","2","0"
"6","Zhang_2021_dupilumab","dupilumab","0","4","15.848515","mg/L","840","mg","2","0"
"6","Zhang_2021_dupilumab","dupilumab","0","8","15.86066","mg/L","840","mg","2","0"
"6","Zhang_2021_dupilumab","dupilumab","0","24","59.021961","mg/L","840","mg","2","0"
"6","Zhang_2021_dupilumab","dupilumab","0","48","86.68029","mg/L","840","mg","2","0"
"6","Zhang_2021_dupilumab","dupilumab","0","72","108.092889","mg/L","840","mg","2","0"
"6","Zhang_2021_dupilumab","dupilumab","0","96","97.307389","mg/L","840","mg","2","0"
"6","Zhang_2021_dupilumab","dupilumab","0","120","106.039376","mg/L","840","mg","2","0"
"6","Zhang_2021_dupilumab","dupilumab","0","168","114.187778","mg/L","840","mg","2","0"
"6","Zhang_2021_dupilumab","dupilumab","0","336","81.519042","mg/L","840","mg","2","0"
"6","Zhang_2021_dupilumab","dupilumab","0","504","52.66886","mg/L","840","mg","2","0"
"6","Zhang_2021_dupilumab","dupilumab","0","591","39.829126","mg/L","840","mg","2","0"
"7","Zhang_2021_dupilumab","dupilumab","1","0",".","mg/L","840","mg","2","."
"7","Zhang_2021_dupilumab","dupilumab","0","0","0","mg/L","840","mg","2","0"
"7","Zhang_2021_dupilumab","dupilumab","0","1","3.947324","mg/L","840","mg","2","0"
"7","Zhang_2021_dupilumab","dupilumab","0","2","14.232227","mg/L","840","mg","2","0"
"7","Zhang_2021_dupilumab","dupilumab","0","4","32.16376","mg/L","840","mg","2","0"
"7","Zhang_2021_dupilumab","dupilumab","0","8","45.401655","mg/L","840","mg","2","0"
"7","Zhang_2021_dupilumab","dupilumab","0","24","139.306676","mg/L","840","mg","2","0"
"7","Zhang_2021_dupilumab","dupilumab","0","48","258.215066","mg/L","840","mg","2","0"
"7","Zhang_2021_dupilumab","dupilumab","0","72","231.8788","mg/L","840","mg","2","0"
"7","Zhang_2021_dupilumab","dupilumab","0","96","216.292901","mg/L","840","mg","2","0"
"7","Zhang_2021_dupilumab","dupilumab","0","120","254.24135","mg/L","840","mg","2","0"
"7","Zhang_2021_dupilumab","dupilumab","0","168","270.093487","mg/L","840","mg","2","0"
"7","Zhang_2021_dupilumab","dupilumab","0","336","189.483436","mg/L","840","mg","2","0"
"7","Zhang_2021_dupilumab","dupilumab","0","504","187.348406","mg/L","840","mg","2","0"
"7","Zhang_2021_dupilumab","dupilumab","0","591","180.762248","mg/L","840","mg","2","0"
"8","Zhang_2021_dupilumab","dupilumab","1","0",".","mg/L","840","mg","2","."
"8","Zhang_2021_dupilumab","dupilumab","0","0","0","mg/L","840","mg","2","0"
"8","Zhang_2021_dupilumab","dupilumab","0","1","1.993973","mg/L","840","mg","2","0"
"8","Zhang_2021_dupilumab","dupilumab","0","2","4.071428","mg/L","840","mg","2","0"
"8","Zhang_2021_dupilumab","dupilumab","0","4","9.883245","mg/L","840","mg","2","0"
"8","Zhang_2021_dupilumab","dupilumab","0","8","16.863751","mg/L","840","mg","2","0"
"8","Zhang_2021_dupilumab","dupilumab","0","24","51.677299","mg/L","840","mg","2","0"
"8","Zhang_2021_dupilumab","dupilumab","0","48","54.946576","mg/L","840","mg","2","0"
"8","Zhang_2021_dupilumab","dupilumab","0","72","85.157697","mg/L","840","mg","2","0"
"8","Zhang_2021_dupilumab","dupilumab","0","96","99.55587","mg/L","840","mg","2","0"
"8","Zhang_2021_dupilumab","dupilumab","0","120","78.814645","mg/L","840","mg","2","0"
"8","Zhang_2021_dupilumab","dupilumab","0","168","116.748243","mg/L","840","mg","2","0"
"8","Zhang_2021_dupilumab","dupilumab","0","336","93.012717","mg/L","840","mg","2","0"
"8","Zhang_2021_dupilumab","dupilumab","0","504","47.555844","mg/L","840","mg","2","0"
"8","Zhang_2021_dupilumab","dupilumab","0","591","61.633271","mg/L","840","mg","2","0"
"9","Zhang_2021_dupilumab","dupilumab","1","0",".","mg/L","840","mg","2","."
"9","Zhang_2021_dupilumab","dupilumab","0","0","0","mg/L","840","mg","2","0"
"9","Zhang_2021_dupilumab","dupilumab","0","1","0","mg/L","840","mg","2","1"
"9","Zhang_2021_dupilumab","dupilumab","0","2","4.164041","mg/L","840","mg","2","0"
"9","Zhang_2021_dupilumab","dupilumab","0","4","4.953892","mg/L","840","mg","2","0"
"9","Zhang_2021_dupilumab","dupilumab","0","8","9.481148","mg/L","840","mg","2","0"
"9","Zhang_2021_dupilumab","dupilumab","0","24","24.978788","mg/L","840","mg","2","0"
"9","Zhang_2021_dupilumab","dupilumab","0","48","23.655531","mg/L","840","mg","2","0"
"9","Zhang_2021_dupilumab","dupilumab","0","72","57.321616","mg/L","840","mg","2","0"
"9","Zhang_2021_dupilumab","dupilumab","0","96","43.076236","mg/L","840","mg","2","0"
"9","Zhang_2021_dupilumab","dupilumab","0","120","33.784084","mg/L","840","mg","2","0"
"9","Zhang_2021_dupilumab","dupilumab","0","168","63.210214","mg/L","840","mg","2","0"
"9","Zhang_2021_dupilumab","dupilumab","0","336","59.916928","mg/L","840","mg","2","0"
"9","Zhang_2021_dupilumab","dupilumab","0","504","35.427936","mg/L","840","mg","2","0"
"9","Zhang_2021_dupilumab","dupilumab","0","591","34.779767","mg/L","840","mg","2","0"
"10","Zhang_2021_dupilumab","dupilumab","1","0",".","mg/L","840","mg","2","."
"10","Zhang_2021_dupilumab","dupilumab","0","0","0","mg/L","840","mg","2","0"
"10","Zhang_2021_dupilumab","dupilumab","0","1","3.973356","mg/L","840","mg","2","0"
"10","Zhang_2021_dupilumab","dupilumab","0","2","8.371997","mg/L","840","mg","2","0"
"10","Zhang_2021_dupilumab","dupilumab","0","4","18.238963","mg/L","840","mg","2","0"
"10","Zhang_2021_dupilumab","dupilumab","0","8","34.48697","mg/L","840","mg","2","0"
"10","Zhang_2021_dupilumab","dupilumab","0","24","70.20892","mg/L","840","mg","2","0"
"10","Zhang_2021_dupilumab","dupilumab","0","48","119.983627","mg/L","840","mg","2","0"
"10","Zhang_2021_dupilumab","dupilumab","0","72","108.465329","mg/L","840","mg","2","0"
"10","Zhang_2021_dupilumab","dupilumab","0","96","124.430217","mg/L","840","mg","2","0"
"10","Zhang_2021_dupilumab","dupilumab","0","120","158.123362","mg/L","840","mg","2","0"
"10","Zhang_2021_dupilumab","dupilumab","0","168","123.592856","mg/L","840","mg","2","0"
"10","Zhang_2021_dupilumab","dupilumab","0","336","128.370411","mg/L","840","mg","2","0"
"10","Zhang_2021_dupilumab","dupilumab","0","504","102.58184","mg/L","840","mg","2","0"
"10","Zhang_2021_dupilumab","dupilumab","0","591","87.416976","mg/L","840","mg","2","0"
"1","Koopman_2023_factorix","factorix","1","0",".","IU/dL","100","mg","1","."
"1","Koopman_2023_factorix","factorix","0","0","0.674994","IU/dL","100","mg","1","0"
"1","Koopman_2023_factorix","factorix","0","1","1.591652","IU/dL","100","mg","1","0"
"1","Koopman_2023_factorix","factorix","0","2","0.90848","IU/dL","100","mg","1","0"
"1","Koopman_2023_factorix","factorix","0","4","2.021895","IU/dL","100","mg","1","0"
"1","Koopman_2023_factorix","factorix","0","8","0.710068","IU/dL","100","mg","1","0"
"1","Koopman_2023_factorix","factorix","0","24","0.197167","IU/dL","100","mg","1","0"
"1","Koopman_2023_factorix","factorix","0","48","0","IU/dL","100","mg","1","1"
"1","Koopman_2023_factorix","factorix","0","72","1.267736","IU/dL","100","mg","1","0"
"1","Koopman_2023_factorix","factorix","0","96","0","IU/dL","100","mg","1","1"
"1","Koopman_2023_factorix","factorix","0","120","0","IU/dL","100","mg","1","1"
"1","Koopman_2023_factorix","factorix","0","168","0.481885","IU/dL","100","mg","1","0"
"1","Koopman_2023_factorix","factorix","0","336","0","IU/dL","100","mg","1","1"
"1","Koopman_2023_factorix","factorix","0","479","2.260201","IU/dL","100","mg","1","0"
"2","Koopman_2023_factorix","factorix","1","0",".","IU/dL","100","mg","1","."
"2","Koopman_2023_factorix","factorix","0","0","4.113401","IU/dL","100","mg","1","0"
"2","Koopman_2023_factorix","factorix","0","1","1.652396","IU/dL","100","mg","1","0"
"2","Koopman_2023_factorix","factorix","0","2","1.684655","IU/dL","100","mg","1","0"
"2","Koopman_2023_factorix","factorix","0","4","2.054979","IU/dL","100","mg","1","0"
"2","Koopman_2023_factorix","factorix","0","8","1.321237","IU/dL","100","mg","1","0"
"2","Koopman_2023_factorix","factorix","0","24","1.537822","IU/dL","100","mg","1","0"
"2","Koopman_2023_factorix","factorix","0","48","0.211747","IU/dL","100","mg","1","0"
"2","Koopman_2023_factorix","factorix","0","72","0.616669","IU/dL","100","mg","1","0"
"2","Koopman_2023_factorix","factorix","0","96","0.350048","IU/dL","100","mg","1","0"
"2","Koopman_2023_factorix","factorix","0","120","0","IU/dL","100","mg","1","1"
"2","Koopman_2023_factorix","factorix","0","168","0","IU/dL","100","mg","1","1"
"2","Koopman_2023_factorix","factorix","0","336","0","IU/dL","100","mg","1","1"
"2","Koopman_2023_factorix","factorix","0","479","0","IU/dL","100","mg","1","1"
"3","Koopman_2023_factorix","factorix","1","0",".","IU/dL","100","mg","1","."
"3","Koopman_2023_factorix","factorix","0","0","2.338478","IU/dL","100","mg","1","0"
"3","Koopman_2023_factorix","factorix","0","1","4.441834","IU/dL","100","mg","1","0"
"3","Koopman_2023_factorix","factorix","0","2","2.106385","IU/dL","100","mg","1","0"
"3","Koopman_2023_factorix","factorix","0","4","0.627671","IU/dL","100","mg","1","0"
"3","Koopman_2023_factorix","factorix","0","8","1.218792","IU/dL","100","mg","1","0"
"3","Koopman_2023_factorix","factorix","0","24","1.734882","IU/dL","100","mg","1","0"
"3","Koopman_2023_factorix","factorix","0","48","0.085275","IU/dL","100","mg","1","0"
"3","Koopman_2023_factorix","factorix","0","72","0.096434","IU/dL","100","mg","1","0"
"3","Koopman_2023_factorix","factorix","0","96","0.930912","IU/dL","100","mg","1","0"
"3","Koopman_2023_factorix","factorix","0","120","0.374417","IU/dL","100","mg","1","0"
"3","Koopman_2023_factorix","factorix","0","168","1.767589","IU/dL","100","mg","1","0"
"3","Koopman_2023_factorix","factorix","0","336","0","IU/dL","100","mg","1","1"
"3","Koopman_2023_factorix","factorix","0","479","0","IU/dL","100","mg","1","1"
"4","Koopman_2023_factorix","factorix","1","0",".","IU/dL","100","mg","1","."
"4","Koopman_2023_factorix","factorix","0","0","1.530536","IU/dL","100","mg","1","0"
"4","Koopman_2023_factorix","factorix","0","1","2.264141","IU/dL","100","mg","1","0"
"4","Koopman_2023_factorix","factorix","0","2","2.36241","IU/dL","100","mg","1","0"
"4","Koopman_2023_factorix","factorix","0","4","0.185062","IU/dL","100","mg","1","0"
"4","Koopman_2023_factorix","factorix","0","8","0.702218","IU/dL","100","mg","1","0"
"4","Koopman_2023_factorix","factorix","0","24","0.143994","IU/dL","100","mg","1","0"
"4","Koopman_2023_factorix","factorix","0","48","0.608396","IU/dL","100","mg","1","0"
"4","Koopman_2023_factorix","factorix","0","72","0","IU/dL","100","mg","1","1"
"4","Koopman_2023_factorix","factorix","0","96","0.367805","IU/dL","100","mg","1","0"
"4","Koopman_2023_factorix","factorix","0","120","0.268827","IU/dL","100","mg","1","0"
"4","Koopman_2023_factorix","factorix","0","168","0.719453","IU/dL","100","mg","1","0"
"4","Koopman_2023_factorix","factorix","0","336","0","IU/dL","100","mg","1","1"
"4","Koopman_2023_factorix","factorix","0","479","0.353984","IU/dL","100","mg","1","0"
"5","Koopman_2023_factorix","factorix","1","0",".","IU/dL","100","mg","1","."
"5","Koopman_2023_factorix","factorix","0","0","0","IU/dL","100","mg","1","1"
"5","Koopman_2023_factorix","factorix","0","1","2.028747","IU/dL","100","mg","1","0"
"5","Koopman_2023_factorix","factorix","0","2","0.543896","IU/dL","100","mg","1","0"
"5","Koopman_2023_factorix","factorix","0","4","0.801289","IU/dL","100","mg","1","0"
"5","Koopman_2023_factorix","factorix","0","8","0.204428","IU/dL","100","mg","1","0"
"5","Koopman_2023_factorix","factorix","0","24","1.1931","IU/dL","100","mg","1","0"
"5","Koopman_2023_factorix","factorix","0","48","0.044949","IU/dL","100","mg","1","0"
"5","Koopman_2023_factorix","factorix","0","72","1.023485","IU/dL","100","mg","1","0"
"5","Koopman_2023_factorix","factorix","0","96","0","IU/dL","100","mg","1","1"
"5","Koopman_2023_factorix","factorix","0","120","0.531522","IU/dL","100","mg","1","0"
"5","Koopman_2023_factorix","factorix","0","168","0.574048","IU/dL","100","mg","1","0"
"5","Koopman_2023_factorix","factorix","0","336","1.392781","IU/dL","100","mg","1","0"
"5","Koopman_2023_factorix","factorix","0","479","0","IU/dL","100","mg","1","1"
"6","Koopman_2023_factorix","factorix","1","0",".","IU/dL","100","mg","1","."
"6","Koopman_2023_factorix","factorix","0","0","0.390661","IU/dL","100","mg","1","0"
"6","Koopman_2023_factorix","factorix","0","1","1.198214","IU/dL","100","mg","1","0"
"6","Koopman_2023_factorix","factorix","0","2","0","IU/dL","100","mg","1","1"
"6","Koopman_2023_factorix","factorix","0","4","0.332738","IU/dL","100","mg","1","0"
"6","Koopman_2023_factorix","factorix","0","8","1.088884","IU/dL","100","mg","1","0"
"6","Koopman_2023_factorix","factorix","0","24","0.410479","IU/dL","100","mg","1","0"
"6","Koopman_2023_factorix","factorix","0","48","0","IU/dL","100","mg","1","1"
"6","Koopman_2023_factorix","factorix","0","72","0.551655","IU/dL","100","mg","1","0"
"6","Koopman_2023_factorix","factorix","0","96","0.039982","IU/dL","100","mg","1","0"
"6","Koopman_2023_factorix","factorix","0","120","0.989083","IU/dL","100","mg","1","0"
"6","Koopman_2023_factorix","factorix","0","168","0","IU/dL","100","mg","1","1"
"6","Koopman_2023_factorix","factorix","0","336","1.345124","IU/dL","100","mg","1","0"
"6","Koopman_2023_factorix","factorix","0","479","0.686974","IU/dL","100","mg","1","0"
"7","Koopman_2023_factorix","factorix","1","0",".","IU/dL","100","mg","1","."
"7","Koopman_2023_factorix","factorix","0","0","0.037326","IU/dL","100","mg","1","0"
"7","Koopman_2023_factorix","factorix","0","1","1.85873","IU/dL","100","mg","1","0"
"7","Koopman_2023_factorix","factorix","0","2","2.457966","IU/dL","100","mg","1","0"
"7","Koopman_2023_factorix","factorix","0","4","0.710569","IU/dL","100","mg","1","0"
"7","Koopman_2023_factorix","factorix","0","8","1.456695","IU/dL","100","mg","1","0"
"7","Koopman_2023_factorix","factorix","0","24","0.414306","IU/dL","100","mg","1","0"
"7","Koopman_2023_factorix","factorix","0","48","0.954762","IU/dL","100","mg","1","0"
"7","Koopman_2023_factorix","factorix","0","72","0.795099","IU/dL","100","mg","1","0"
"7","Koopman_2023_factorix","factorix","0","96","0","IU/dL","100","mg","1","1"
"7","Koopman_2023_factorix","factorix","0","120","0.798636","IU/dL","100","mg","1","0"
"7","Koopman_2023_factorix","factorix","0","168","0","IU/dL","100","mg","1","1"
"7","Koopman_2023_factorix","factorix","0","336","0","IU/dL","100","mg","1","1"
"7","Koopman_2023_factorix","factorix","0","479","0.175886","IU/dL","100","mg","1","0"
"8","Koopman_2023_factorix","factorix","1","0",".","IU/dL","100","mg","1","."
"8","Koopman_2023_factorix","factorix","0","0","1.488347","IU/dL","100","mg","1","0"
"8","Koopman_2023_factorix","factorix","0","1","0.673672","IU/dL","100","mg","1","0"
"8","Koopman_2023_factorix","factorix","0","2","0","IU/dL","100","mg","1","1"
"8","Koopman_2023_factorix","factorix","0","4","2.170559","IU/dL","100","mg","1","0"
"8","Koopman_2023_factorix","factorix","0","8","2.297033","IU/dL","100","mg","1","0"
"8","Koopman_2023_factorix","factorix","0","24","0.507873","IU/dL","100","mg","1","0"
"8","Koopman_2023_factorix","factorix","0","48","0","IU/dL","100","mg","1","1"
"8","Koopman_2023_factorix","factorix","0","72","0.379052","IU/dL","100","mg","1","0"
"8","Koopman_2023_factorix","factorix","0","96","1.064251","IU/dL","100","mg","1","0"
"8","Koopman_2023_factorix","factorix","0","120","1.11142","IU/dL","100","mg","1","0"
"8","Koopman_2023_factorix","factorix","0","168","0.555047","IU/dL","100","mg","1","0"
"8","Koopman_2023_factorix","factorix","0","336","0","IU/dL","100","mg","1","1"
"8","Koopman_2023_factorix","factorix","0","479","0","IU/dL","100","mg","1","1"
"9","Koopman_2023_factorix","factorix","1","0",".","IU/dL","100","mg","1","."
"9","Koopman_2023_factorix","factorix","0","0","1.083319","IU/dL","100","mg","1","0"
"9","Koopman_2023_factorix","factorix","0","1","2.293326","IU/dL","100","mg","1","0"
"9","Koopman_2023_factorix","factorix","0","2","1.496702","IU/dL","100","mg","1","0"
"9","Koopman_2023_factorix","factorix","0","4","2.170744","IU/dL","100","mg","1","0"
"9","Koopman_2023_factorix","factorix","0","8","0.132909","IU/dL","100","mg","1","0"
"9","Koopman_2023_factorix","factorix","0","24","0","IU/dL","100","mg","1","1"
"9","Koopman_2023_factorix","factorix","0","48","0","IU/dL","100","mg","1","1"
"9","Koopman_2023_factorix","factorix","0","72","0.439072","IU/dL","100","mg","1","0"
"9","Koopman_2023_factorix","factorix","0","96","0.143577","IU/dL","100","mg","1","0"
"9","Koopman_2023_factorix","factorix","0","120","1.05351","IU/dL","100","mg","1","0"
"9","Koopman_2023_factorix","factorix","0","168","0","IU/dL","100","mg","1","1"
"9","Koopman_2023_factorix","factorix","0","336","1.341427","IU/dL","100","mg","1","0"
"9","Koopman_2023_factorix","factorix","0","479","1.643131","IU/dL","100","mg","1","0"
"10","Koopman_2023_factorix","factorix","1","0",".","IU/dL","100","mg","1","."
"10","Koopman_2023_factorix","factorix","0","0","2.725878","IU/dL","100","mg","1","0"
"10","Koopman_2023_factorix","factorix","0","1","0.882998","IU/dL","100","mg","1","0"
"10","Koopman_2023_factorix","factorix","0","2","1.90262","IU/dL","100","mg","1","0"
"10","Koopman_2023_factorix","factorix","0","4","0.591544","IU/dL","100","mg","1","0"
"10","Koopman_2023_factorix","factorix","0","8","0","IU/dL","100","mg","1","1"
"10","Koopman_2023_factorix","factorix","0","24","0","IU/dL","100","mg","1","1"
"10","Koopman_2023_factorix","factorix","0","48","0","IU/dL","100","mg","1","1"
"10","Koopman_2023_factorix","factorix","0","72","1.899513","IU/dL","100","mg","1","0"
"10","Koopman_2023_factorix","factorix","0","96","0.837779","IU/dL","100","mg","1","0"
"10","Koopman_2023_factorix","factorix","0","120","2.131364","IU/dL","100","mg","1","0"
"10","Koopman_2023_factorix","factorix","0","168","0.29338","IU/dL","100","mg","1","0"
"10","Koopman_2023_factorix","factorix","0","336","0.264854","IU/dL","100","mg","1","0"
"10","Koopman_2023_factorix","factorix","0","479","0","IU/dL","100","mg","1","1"
"1","Back_2018_fenofibrate","fenofibrate","1","0",".","ug/mL","250","mg","1","."
"1","Back_2018_fenofibrate","fenofibrate","0","0","28.128294","ug/mL","250","mg","1","0"
"1","Back_2018_fenofibrate","fenofibrate","0","0.25","45.172071","ug/mL","250","mg","1","0"
"1","Back_2018_fenofibrate","fenofibrate","0","0.5","20.976265","ug/mL","250","mg","1","0"
"1","Back_2018_fenofibrate","fenofibrate","0","1","22.547266","ug/mL","250","mg","1","0"
"1","Back_2018_fenofibrate","fenofibrate","0","2","4.856593","ug/mL","250","mg","1","0"
"1","Back_2018_fenofibrate","fenofibrate","0","4","7.639228","ug/mL","250","mg","1","0"
"1","Back_2018_fenofibrate","fenofibrate","0","6","5.166492","ug/mL","250","mg","1","0"
"1","Back_2018_fenofibrate","fenofibrate","0","8","0.399561","ug/mL","250","mg","1","0"
"1","Back_2018_fenofibrate","fenofibrate","0","12","0.027374","ug/mL","250","mg","1","0"
"1","Back_2018_fenofibrate","fenofibrate","0","13","0.32549","ug/mL","250","mg","1","0"
"2","Back_2018_fenofibrate","fenofibrate","1","0",".","ug/mL","250","mg","1","."
"2","Back_2018_fenofibrate","fenofibrate","0","0","120.104363","ug/mL","250","mg","1","0"
"2","Back_2018_fenofibrate","fenofibrate","0","0.25","56.398812","ug/mL","250","mg","1","0"
"2","Back_2018_fenofibrate","fenofibrate","0","0.5","49.040413","ug/mL","250","mg","1","0"
"2","Back_2018_fenofibrate","fenofibrate","0","1","70.068682","ug/mL","250","mg","1","0"
"2","Back_2018_fenofibrate","fenofibrate","0","2","73.316983","ug/mL","250","mg","1","0"
"2","Back_2018_fenofibrate","fenofibrate","0","4","34.792768","ug/mL","250","mg","1","0"
"2","Back_2018_fenofibrate","fenofibrate","0","6","12.664752","ug/mL","250","mg","1","0"
"2","Back_2018_fenofibrate","fenofibrate","0","8","2.355724","ug/mL","250","mg","1","0"
"2","Back_2018_fenofibrate","fenofibrate","0","12","4.309071","ug/mL","250","mg","1","0"
"2","Back_2018_fenofibrate","fenofibrate","0","13","2.212771","ug/mL","250","mg","1","0"
"3","Back_2018_fenofibrate","fenofibrate","1","0",".","ug/mL","250","mg","1","."
"3","Back_2018_fenofibrate","fenofibrate","0","0","3.633331","ug/mL","250","mg","1","0"
"3","Back_2018_fenofibrate","fenofibrate","0","0.25","3.508838","ug/mL","250","mg","1","0"
"3","Back_2018_fenofibrate","fenofibrate","0","0.5","5.372548","ug/mL","250","mg","1","0"
"3","Back_2018_fenofibrate","fenofibrate","0","1","3.601821","ug/mL","250","mg","1","0"
"3","Back_2018_fenofibrate","fenofibrate","0","2","2.800324","ug/mL","250","mg","1","0"
"3","Back_2018_fenofibrate","fenofibrate","0","4","1.039657","ug/mL","250","mg","1","0"
"3","Back_2018_fenofibrate","fenofibrate","0","6","0.46484","ug/mL","250","mg","1","0"
"3","Back_2018_fenofibrate","fenofibrate","0","8","0.148316","ug/mL","250","mg","1","0"
"3","Back_2018_fenofibrate","fenofibrate","0","12","0.021196","ug/mL","250","mg","1","0"
"3","Back_2018_fenofibrate","fenofibrate","0","13","0.017028","ug/mL","250","mg","1","0"
"4","Back_2018_fenofibrate","fenofibrate","1","0",".","ug/mL","250","mg","1","."
"4","Back_2018_fenofibrate","fenofibrate","0","0","17.741637","ug/mL","250","mg","1","0"
"4","Back_2018_fenofibrate","fenofibrate","0","0.25","37.509635","ug/mL","250","mg","1","0"
"4","Back_2018_fenofibrate","fenofibrate","0","0.5","17.079707","ug/mL","250","mg","1","0"
"4","Back_2018_fenofibrate","fenofibrate","0","1","15.698386","ug/mL","250","mg","1","0"
"4","Back_2018_fenofibrate","fenofibrate","0","2","5.632609","ug/mL","250","mg","1","0"
"4","Back_2018_fenofibrate","fenofibrate","0","4","5.437686","ug/mL","250","mg","1","0"
"4","Back_2018_fenofibrate","fenofibrate","0","6","1.888902","ug/mL","250","mg","1","0"
"4","Back_2018_fenofibrate","fenofibrate","0","8","0.401277","ug/mL","250","mg","1","0"
"4","Back_2018_fenofibrate","fenofibrate","0","12","0.085293","ug/mL","250","mg","1","0"
"4","Back_2018_fenofibrate","fenofibrate","0","13","0.064889","ug/mL","250","mg","1","0"
"5","Back_2018_fenofibrate","fenofibrate","1","0",".","ug/mL","250","mg","1","."
"5","Back_2018_fenofibrate","fenofibrate","0","0","0.744476","ug/mL","250","mg","1","0"
"5","Back_2018_fenofibrate","fenofibrate","0","0.25","19.698352","ug/mL","250","mg","1","0"
"5","Back_2018_fenofibrate","fenofibrate","0","0.5","13.744834","ug/mL","250","mg","1","0"
"5","Back_2018_fenofibrate","fenofibrate","0","1","25.806487","ug/mL","250","mg","1","0"
"5","Back_2018_fenofibrate","fenofibrate","0","2","4.872182","ug/mL","250","mg","1","0"
"5","Back_2018_fenofibrate","fenofibrate","0","4","13.044722","ug/mL","250","mg","1","0"
"5","Back_2018_fenofibrate","fenofibrate","0","6","3.010564","ug/mL","250","mg","1","0"
"5","Back_2018_fenofibrate","fenofibrate","0","8","1.847244","ug/mL","250","mg","1","0"
"5","Back_2018_fenofibrate","fenofibrate","0","12","0.202324","ug/mL","250","mg","1","0"
"5","Back_2018_fenofibrate","fenofibrate","0","13","0.146029","ug/mL","250","mg","1","0"
"6","Back_2018_fenofibrate","fenofibrate","1","0",".","ug/mL","250","mg","1","."
"6","Back_2018_fenofibrate","fenofibrate","0","0","34.630642","ug/mL","250","mg","1","0"
"6","Back_2018_fenofibrate","fenofibrate","0","0.25","14.708238","ug/mL","250","mg","1","0"
"6","Back_2018_fenofibrate","fenofibrate","0","0.5","2.255855","ug/mL","250","mg","1","0"
"6","Back_2018_fenofibrate","fenofibrate","0","1","61.100158","ug/mL","250","mg","1","0"
"6","Back_2018_fenofibrate","fenofibrate","0","2","89.283809","ug/mL","250","mg","1","0"
"6","Back_2018_fenofibrate","fenofibrate","0","4","23.811262","ug/mL","250","mg","1","0"
"6","Back_2018_fenofibrate","fenofibrate","0","6","16.368306","ug/mL","250","mg","1","0"
"6","Back_2018_fenofibrate","fenofibrate","0","8","25.732169","ug/mL","250","mg","1","0"
"6","Back_2018_fenofibrate","fenofibrate","0","12","0","ug/mL","250","mg","1","1"
"6","Back_2018_fenofibrate","fenofibrate","0","13","13.101228","ug/mL","250","mg","1","0"
"7","Back_2018_fenofibrate","fenofibrate","1","0",".","ug/mL","250","mg","1","."
"7","Back_2018_fenofibrate","fenofibrate","0","0","25.94465","ug/mL","250","mg","1","0"
"7","Back_2018_fenofibrate","fenofibrate","0","0.25","27.244546","ug/mL","250","mg","1","0"
"7","Back_2018_fenofibrate","fenofibrate","0","0.5","40.457453","ug/mL","250","mg","1","0"
"7","Back_2018_fenofibrate","fenofibrate","0","1","17.226806","ug/mL","250","mg","1","0"
"7","Back_2018_fenofibrate","fenofibrate","0","2","20.072582","ug/mL","250","mg","1","0"
"7","Back_2018_fenofibrate","fenofibrate","0","4","2.219294","ug/mL","250","mg","1","0"
"7","Back_2018_fenofibrate","fenofibrate","0","6","1.595243","ug/mL","250","mg","1","0"
"7","Back_2018_fenofibrate","fenofibrate","0","8","0.241684","ug/mL","250","mg","1","0"
"7","Back_2018_fenofibrate","fenofibrate","0","12","0.052556","ug/mL","250","mg","1","0"
"7","Back_2018_fenofibrate","fenofibrate","0","13","0.073271","ug/mL","250","mg","1","0"
"8","Back_2018_fenofibrate","fenofibrate","1","0",".","ug/mL","250","mg","1","."
"8","Back_2018_fenofibrate","fenofibrate","0","0","17.049714","ug/mL","250","mg","1","0"
"8","Back_2018_fenofibrate","fenofibrate","0","0.25","17.035309","ug/mL","250","mg","1","0"
"8","Back_2018_fenofibrate","fenofibrate","0","0.5","28.666985","ug/mL","250","mg","1","0"
"8","Back_2018_fenofibrate","fenofibrate","0","1","10.06485","ug/mL","250","mg","1","0"
"8","Back_2018_fenofibrate","fenofibrate","0","2","10.139854","ug/mL","250","mg","1","0"
"8","Back_2018_fenofibrate","fenofibrate","0","4","2.355556","ug/mL","250","mg","1","0"
"8","Back_2018_fenofibrate","fenofibrate","0","6","0.628351","ug/mL","250","mg","1","0"
"8","Back_2018_fenofibrate","fenofibrate","0","8","0.186966","ug/mL","250","mg","1","0"
"8","Back_2018_fenofibrate","fenofibrate","0","12","0.010784","ug/mL","250","mg","1","0"
"8","Back_2018_fenofibrate","fenofibrate","0","13","0.009308","ug/mL","250","mg","1","0"
"9","Back_2018_fenofibrate","fenofibrate","1","0",".","ug/mL","250","mg","1","."
"9","Back_2018_fenofibrate","fenofibrate","0","0","38.65821","ug/mL","250","mg","1","0"
"9","Back_2018_fenofibrate","fenofibrate","0","0.25","32.421394","ug/mL","250","mg","1","0"
"9","Back_2018_fenofibrate","fenofibrate","0","0.5","24.83255","ug/mL","250","mg","1","0"
"9","Back_2018_fenofibrate","fenofibrate","0","1","1.499225","ug/mL","250","mg","1","0"
"9","Back_2018_fenofibrate","fenofibrate","0","2","2.319549","ug/mL","250","mg","1","0"
"9","Back_2018_fenofibrate","fenofibrate","0","4","0","ug/mL","250","mg","1","1"
"9","Back_2018_fenofibrate","fenofibrate","0","6","0.012239","ug/mL","250","mg","1","0"
"9","Back_2018_fenofibrate","fenofibrate","0","8","0.001541","ug/mL","250","mg","1","0"
"9","Back_2018_fenofibrate","fenofibrate","0","12","7e-06","ug/mL","250","mg","1","0"
"9","Back_2018_fenofibrate","fenofibrate","0","13","2e-06","ug/mL","250","mg","1","0"
"10","Back_2018_fenofibrate","fenofibrate","1","0",".","ug/mL","250","mg","1","."
"10","Back_2018_fenofibrate","fenofibrate","0","0","12.988605","ug/mL","250","mg","1","0"
"10","Back_2018_fenofibrate","fenofibrate","0","0.25","18.002906","ug/mL","250","mg","1","0"
"10","Back_2018_fenofibrate","fenofibrate","0","0.5","13.879989","ug/mL","250","mg","1","0"
"10","Back_2018_fenofibrate","fenofibrate","0","1","2.668544","ug/mL","250","mg","1","0"
"10","Back_2018_fenofibrate","fenofibrate","0","2","5.813736","ug/mL","250","mg","1","0"
"10","Back_2018_fenofibrate","fenofibrate","0","4","1.439734","ug/mL","250","mg","1","0"
"10","Back_2018_fenofibrate","fenofibrate","0","6","0.064843","ug/mL","250","mg","1","0"
"10","Back_2018_fenofibrate","fenofibrate","0","8","0.194475","ug/mL","250","mg","1","0"
"10","Back_2018_fenofibrate","fenofibrate","0","12","0.002082","ug/mL","250","mg","1","0"
"10","Back_2018_fenofibrate","fenofibrate","0","13","0.003161","ug/mL","250","mg","1","0"
"1","Rose_2016_follitropin_delta","follitropin_delta","1","0",".","ug/L","100","mg","2","."
"1","Rose_2016_follitropin_delta","follitropin_delta","0","0","0","ug/L","100","mg","2","0"
"1","Rose_2016_follitropin_delta","follitropin_delta","0","1","0.224599","ug/L","100","mg","2","0"
"1","Rose_2016_follitropin_delta","follitropin_delta","0","2","0.669554","ug/L","100","mg","2","0"
"1","Rose_2016_follitropin_delta","follitropin_delta","0","4","1.588153","ug/L","100","mg","2","0"
"1","Rose_2016_follitropin_delta","follitropin_delta","0","8","3.011964","ug/L","100","mg","2","0"
"1","Rose_2016_follitropin_delta","follitropin_delta","0","24","3.036971","ug/L","100","mg","2","0"
"1","Rose_2016_follitropin_delta","follitropin_delta","0","48","1.783311","ug/L","100","mg","2","0"
"1","Rose_2016_follitropin_delta","follitropin_delta","0","72","0.938734","ug/L","100","mg","2","0"
"1","Rose_2016_follitropin_delta","follitropin_delta","0","96","0.507634","ug/L","100","mg","2","0"
"1","Rose_2016_follitropin_delta","follitropin_delta","0","120","0.208964","ug/L","100","mg","2","0"
"1","Rose_2016_follitropin_delta","follitropin_delta","0","168","0.075291","ug/L","100","mg","2","0"
"1","Rose_2016_follitropin_delta","follitropin_delta","0","230","0.038969","ug/L","100","mg","2","0"
"2","Rose_2016_follitropin_delta","follitropin_delta","1","0",".","ug/L","100","mg","2","."
"2","Rose_2016_follitropin_delta","follitropin_delta","0","0","0","ug/L","100","mg","2","0"
"2","Rose_2016_follitropin_delta","follitropin_delta","0","1","0.243487","ug/L","100","mg","2","0"
"2","Rose_2016_follitropin_delta","follitropin_delta","0","2","0.797769","ug/L","100","mg","2","0"
"2","Rose_2016_follitropin_delta","follitropin_delta","0","4","1.846795","ug/L","100","mg","2","0"
"2","Rose_2016_follitropin_delta","follitropin_delta","0","8","3.58501","ug/L","100","mg","2","0"
"2","Rose_2016_follitropin_delta","follitropin_delta","0","24","3.507136","ug/L","100","mg","2","0"
"2","Rose_2016_follitropin_delta","follitropin_delta","0","48","2.079577","ug/L","100","mg","2","0"
"2","Rose_2016_follitropin_delta","follitropin_delta","0","72","1.296091","ug/L","100","mg","2","0"
"2","Rose_2016_follitropin_delta","follitropin_delta","0","96","0.708064","ug/L","100","mg","2","0"
"2","Rose_2016_follitropin_delta","follitropin_delta","0","120","0.475095","ug/L","100","mg","2","0"
"2","Rose_2016_follitropin_delta","follitropin_delta","0","168","0.125053","ug/L","100","mg","2","0"
"2","Rose_2016_follitropin_delta","follitropin_delta","0","230","0.088099","ug/L","100","mg","2","0"
"3","Rose_2016_follitropin_delta","follitropin_delta","1","0",".","ug/L","100","mg","2","."
"3","Rose_2016_follitropin_delta","follitropin_delta","0","0","0","ug/L","100","mg","2","0"
"3","Rose_2016_follitropin_delta","follitropin_delta","0","1","0.000283","ug/L","100","mg","2","0"
"3","Rose_2016_follitropin_delta","follitropin_delta","0","2","0.231106","ug/L","100","mg","2","0"
"3","Rose_2016_follitropin_delta","follitropin_delta","0","4","0.584905","ug/L","100","mg","2","0"
"3","Rose_2016_follitropin_delta","follitropin_delta","0","8","1.162691","ug/L","100","mg","2","0"
"3","Rose_2016_follitropin_delta","follitropin_delta","0","24","1.803363","ug/L","100","mg","2","0"
"3","Rose_2016_follitropin_delta","follitropin_delta","0","48","1.345557","ug/L","100","mg","2","0"
"3","Rose_2016_follitropin_delta","follitropin_delta","0","72","1.047469","ug/L","100","mg","2","0"
"3","Rose_2016_follitropin_delta","follitropin_delta","0","96","0.670282","ug/L","100","mg","2","0"
"3","Rose_2016_follitropin_delta","follitropin_delta","0","120","0.517803","ug/L","100","mg","2","0"
"3","Rose_2016_follitropin_delta","follitropin_delta","0","168","0.320913","ug/L","100","mg","2","0"
"3","Rose_2016_follitropin_delta","follitropin_delta","0","230","0.12834","ug/L","100","mg","2","0"
"4","Rose_2016_follitropin_delta","follitropin_delta","1","0",".","ug/L","100","mg","2","."
"4","Rose_2016_follitropin_delta","follitropin_delta","0","0","0","ug/L","100","mg","2","0"
"4","Rose_2016_follitropin_delta","follitropin_delta","0","1","0.116","ug/L","100","mg","2","0"
"4","Rose_2016_follitropin_delta","follitropin_delta","0","2","0.348421","ug/L","100","mg","2","0"
"4","Rose_2016_follitropin_delta","follitropin_delta","0","4","0.890681","ug/L","100","mg","2","0"
"4","Rose_2016_follitropin_delta","follitropin_delta","0","8","1.740419","ug/L","100","mg","2","0"
"4","Rose_2016_follitropin_delta","follitropin_delta","0","24","2.487556","ug/L","100","mg","2","0"
"4","Rose_2016_follitropin_delta","follitropin_delta","0","48","2.052563","ug/L","100","mg","2","0"
"4","Rose_2016_follitropin_delta","follitropin_delta","0","72","1.622599","ug/L","100","mg","2","0"
"4","Rose_2016_follitropin_delta","follitropin_delta","0","96","1.292621","ug/L","100","mg","2","0"
"4","Rose_2016_follitropin_delta","follitropin_delta","0","120","0.997986","ug/L","100","mg","2","0"
"4","Rose_2016_follitropin_delta","follitropin_delta","0","168","0.575094","ug/L","100","mg","2","0"
"4","Rose_2016_follitropin_delta","follitropin_delta","0","230","0.198184","ug/L","100","mg","2","0"
"5","Rose_2016_follitropin_delta","follitropin_delta","1","0",".","ug/L","100","mg","2","."
"5","Rose_2016_follitropin_delta","follitropin_delta","0","0","0","ug/L","100","mg","2","0"
"5","Rose_2016_follitropin_delta","follitropin_delta","0","1","0.178239","ug/L","100","mg","2","0"
"5","Rose_2016_follitropin_delta","follitropin_delta","0","2","0.563903","ug/L","100","mg","2","0"
"5","Rose_2016_follitropin_delta","follitropin_delta","0","4","1.37497","ug/L","100","mg","2","0"
"5","Rose_2016_follitropin_delta","follitropin_delta","0","8","2.79472","ug/L","100","mg","2","0"
"5","Rose_2016_follitropin_delta","follitropin_delta","0","24","3.463712","ug/L","100","mg","2","0"
"5","Rose_2016_follitropin_delta","follitropin_delta","0","48","1.894692","ug/L","100","mg","2","0"
"5","Rose_2016_follitropin_delta","follitropin_delta","0","72","1.141109","ug/L","100","mg","2","0"
"5","Rose_2016_follitropin_delta","follitropin_delta","0","96","0.631458","ug/L","100","mg","2","0"
"5","Rose_2016_follitropin_delta","follitropin_delta","0","120","0.316329","ug/L","100","mg","2","0"
"5","Rose_2016_follitropin_delta","follitropin_delta","0","168","0.127465","ug/L","100","mg","2","0"
"5","Rose_2016_follitropin_delta","follitropin_delta","0","230","0.067135","ug/L","100","mg","2","0"
"6","Rose_2016_follitropin_delta","follitropin_delta","1","0",".","ug/L","100","mg","2","."
"6","Rose_2016_follitropin_delta","follitropin_delta","0","0","0","ug/L","100","mg","2","0"
"6","Rose_2016_follitropin_delta","follitropin_delta","0","1","0.248851","ug/L","100","mg","2","0"
"6","Rose_2016_follitropin_delta","follitropin_delta","0","2","0.528721","ug/L","100","mg","2","0"
"6","Rose_2016_follitropin_delta","follitropin_delta","0","4","1.467712","ug/L","100","mg","2","0"
"6","Rose_2016_follitropin_delta","follitropin_delta","0","8","2.680977","ug/L","100","mg","2","0"
"6","Rose_2016_follitropin_delta","follitropin_delta","0","24","3.246921","ug/L","100","mg","2","0"
"6","Rose_2016_follitropin_delta","follitropin_delta","0","48","2.584156","ug/L","100","mg","2","0"
"6","Rose_2016_follitropin_delta","follitropin_delta","0","72","2.138871","ug/L","100","mg","2","0"
"6","Rose_2016_follitropin_delta","follitropin_delta","0","96","1.701703","ug/L","100","mg","2","0"
"6","Rose_2016_follitropin_delta","follitropin_delta","0","120","1.340396","ug/L","100","mg","2","0"
"6","Rose_2016_follitropin_delta","follitropin_delta","0","168","0.993218","ug/L","100","mg","2","0"
"6","Rose_2016_follitropin_delta","follitropin_delta","0","230","0.501801","ug/L","100","mg","2","0"
"7","Rose_2016_follitropin_delta","follitropin_delta","1","0",".","ug/L","100","mg","2","."
"7","Rose_2016_follitropin_delta","follitropin_delta","0","0","0","ug/L","100","mg","2","0"
"7","Rose_2016_follitropin_delta","follitropin_delta","0","1","0.331385","ug/L","100","mg","2","0"
"7","Rose_2016_follitropin_delta","follitropin_delta","0","2","0.998131","ug/L","100","mg","2","0"
"7","Rose_2016_follitropin_delta","follitropin_delta","0","4","2.613695","ug/L","100","mg","2","0"
"7","Rose_2016_follitropin_delta","follitropin_delta","0","8","4.6205","ug/L","100","mg","2","0"
"7","Rose_2016_follitropin_delta","follitropin_delta","0","24","3.72025","ug/L","100","mg","2","0"
"7","Rose_2016_follitropin_delta","follitropin_delta","0","48","1.382314","ug/L","100","mg","2","0"
"7","Rose_2016_follitropin_delta","follitropin_delta","0","72","0.568973","ug/L","100","mg","2","0"
"7","Rose_2016_follitropin_delta","follitropin_delta","0","96","0.191275","ug/L","100","mg","2","0"
"7","Rose_2016_follitropin_delta","follitropin_delta","0","120","0.059919","ug/L","100","mg","2","0"
"7","Rose_2016_follitropin_delta","follitropin_delta","0","168","0","ug/L","100","mg","2","1"
"7","Rose_2016_follitropin_delta","follitropin_delta","0","230","0.011577","ug/L","100","mg","2","0"
"8","Rose_2016_follitropin_delta","follitropin_delta","1","0",".","ug/L","100","mg","2","."
"8","Rose_2016_follitropin_delta","follitropin_delta","0","0","0","ug/L","100","mg","2","0"
"8","Rose_2016_follitropin_delta","follitropin_delta","0","1","0.107676","ug/L","100","mg","2","0"
"8","Rose_2016_follitropin_delta","follitropin_delta","0","2","0.393392","ug/L","100","mg","2","0"
"8","Rose_2016_follitropin_delta","follitropin_delta","0","4","1.108525","ug/L","100","mg","2","0"
"8","Rose_2016_follitropin_delta","follitropin_delta","0","8","2.018993","ug/L","100","mg","2","0"
"8","Rose_2016_follitropin_delta","follitropin_delta","0","24","2.206066","ug/L","100","mg","2","0"
"8","Rose_2016_follitropin_delta","follitropin_delta","0","48","1.608382","ug/L","100","mg","2","0"
"8","Rose_2016_follitropin_delta","follitropin_delta","0","72","1.074113","ug/L","100","mg","2","0"
"8","Rose_2016_follitropin_delta","follitropin_delta","0","96","0.812371","ug/L","100","mg","2","0"
"8","Rose_2016_follitropin_delta","follitropin_delta","0","120","0.47031","ug/L","100","mg","2","0"
"8","Rose_2016_follitropin_delta","follitropin_delta","0","168","0.271726","ug/L","100","mg","2","0"
"8","Rose_2016_follitropin_delta","follitropin_delta","0","230","0.158034","ug/L","100","mg","2","0"
"9","Rose_2016_follitropin_delta","follitropin_delta","1","0",".","ug/L","100","mg","2","."
"9","Rose_2016_follitropin_delta","follitropin_delta","0","0","0","ug/L","100","mg","2","0"
"9","Rose_2016_follitropin_delta","follitropin_delta","0","1","0.066837","ug/L","100","mg","2","0"
"9","Rose_2016_follitropin_delta","follitropin_delta","0","2","0.058347","ug/L","100","mg","2","0"
"9","Rose_2016_follitropin_delta","follitropin_delta","0","4","0.517692","ug/L","100","mg","2","0"
"9","Rose_2016_follitropin_delta","follitropin_delta","0","8","1.083286","ug/L","100","mg","2","0"
"9","Rose_2016_follitropin_delta","follitropin_delta","0","24","1.640113","ug/L","100","mg","2","0"
"9","Rose_2016_follitropin_delta","follitropin_delta","0","48","1.534352","ug/L","100","mg","2","0"
"9","Rose_2016_follitropin_delta","follitropin_delta","0","72","1.369893","ug/L","100","mg","2","0"
"9","Rose_2016_follitropin_delta","follitropin_delta","0","96","1.255979","ug/L","100","mg","2","0"
"9","Rose_2016_follitropin_delta","follitropin_delta","0","120","1.071649","ug/L","100","mg","2","0"
"9","Rose_2016_follitropin_delta","follitropin_delta","0","168","0.742056","ug/L","100","mg","2","0"
"9","Rose_2016_follitropin_delta","follitropin_delta","0","230","0.455523","ug/L","100","mg","2","0"
"10","Rose_2016_follitropin_delta","follitropin_delta","1","0",".","ug/L","100","mg","2","."
"10","Rose_2016_follitropin_delta","follitropin_delta","0","0","0","ug/L","100","mg","2","0"
"10","Rose_2016_follitropin_delta","follitropin_delta","0","1","0.28699","ug/L","100","mg","2","0"
"10","Rose_2016_follitropin_delta","follitropin_delta","0","2","0.898492","ug/L","100","mg","2","0"
"10","Rose_2016_follitropin_delta","follitropin_delta","0","4","2.190018","ug/L","100","mg","2","0"
"10","Rose_2016_follitropin_delta","follitropin_delta","0","8","3.796643","ug/L","100","mg","2","0"
"10","Rose_2016_follitropin_delta","follitropin_delta","0","24","4.1392","ug/L","100","mg","2","0"
"10","Rose_2016_follitropin_delta","follitropin_delta","0","48","2.049177","ug/L","100","mg","2","0"
"10","Rose_2016_follitropin_delta","follitropin_delta","0","72","1.211321","ug/L","100","mg","2","0"
"10","Rose_2016_follitropin_delta","follitropin_delta","0","96","0.770606","ug/L","100","mg","2","0"
"10","Rose_2016_follitropin_delta","follitropin_delta","0","120","0.353151","ug/L","100","mg","2","0"
"10","Rose_2016_follitropin_delta","follitropin_delta","0","168","0.118725","ug/L","100","mg","2","0"
"10","Rose_2016_follitropin_delta","follitropin_delta","0","230","0.087847","ug/L","100","mg","2","0"
"1","Llanos-Paez_2020_gentamicin","gentamicin","1","0",".","mg/L","525","mg","1","."
"1","Llanos-Paez_2020_gentamicin","gentamicin","0","0","31.672131","mg/L","525","mg","1","0"
"1","Llanos-Paez_2020_gentamicin","gentamicin","0","0.25","25.234792","mg/L","525","mg","1","0"
"1","Llanos-Paez_2020_gentamicin","gentamicin","0","0.5","42.798735","mg/L","525","mg","1","0"
"1","Llanos-Paez_2020_gentamicin","gentamicin","0","1","16.350337","mg/L","525","mg","1","0"
"1","Llanos-Paez_2020_gentamicin","gentamicin","0","2","19.968185","mg/L","525","mg","1","0"
"1","Llanos-Paez_2020_gentamicin","gentamicin","0","4","8.313388","mg/L","525","mg","1","0"
"1","Llanos-Paez_2020_gentamicin","gentamicin","0","6","8.155007","mg/L","525","mg","1","0"
"1","Llanos-Paez_2020_gentamicin","gentamicin","0","8","4.173758","mg/L","525","mg","1","0"
"1","Llanos-Paez_2020_gentamicin","gentamicin","0","12","1.754711","mg/L","525","mg","1","0"
"1","Llanos-Paez_2020_gentamicin","gentamicin","0","24","0.766882","mg/L","525","mg","1","0"
"1","Llanos-Paez_2020_gentamicin","gentamicin","0","36","0.05184","mg/L","525","mg","1","0"
"1","Llanos-Paez_2020_gentamicin","gentamicin","0","48","0.092346","mg/L","525","mg","1","0"
"1","Llanos-Paez_2020_gentamicin","gentamicin","0","60","0.083561","mg/L","525","mg","1","0"
"1","Llanos-Paez_2020_gentamicin","gentamicin","0","72","0","mg/L","525","mg","1","1"
"1","Llanos-Paez_2020_gentamicin","gentamicin","0","89","0","mg/L","525","mg","1","1"
"2","Llanos-Paez_2020_gentamicin","gentamicin","1","0",".","mg/L","525","mg","1","."
"2","Llanos-Paez_2020_gentamicin","gentamicin","0","0","23.180295","mg/L","525","mg","1","0"
"2","Llanos-Paez_2020_gentamicin","gentamicin","0","0.25","12.592509","mg/L","525","mg","1","0"
"2","Llanos-Paez_2020_gentamicin","gentamicin","0","0.5","12.624142","mg/L","525","mg","1","0"
"2","Llanos-Paez_2020_gentamicin","gentamicin","0","1","9.803721","mg/L","525","mg","1","0"
"2","Llanos-Paez_2020_gentamicin","gentamicin","0","2","13.332234","mg/L","525","mg","1","0"
"2","Llanos-Paez_2020_gentamicin","gentamicin","0","4","6.31642","mg/L","525","mg","1","0"
"2","Llanos-Paez_2020_gentamicin","gentamicin","0","6","2.854837","mg/L","525","mg","1","0"
"2","Llanos-Paez_2020_gentamicin","gentamicin","0","8","2.637603","mg/L","525","mg","1","0"
"2","Llanos-Paez_2020_gentamicin","gentamicin","0","12","1.479019","mg/L","525","mg","1","0"
"2","Llanos-Paez_2020_gentamicin","gentamicin","0","24","0.724303","mg/L","525","mg","1","0"
"2","Llanos-Paez_2020_gentamicin","gentamicin","0","36","0.390018","mg/L","525","mg","1","0"
"2","Llanos-Paez_2020_gentamicin","gentamicin","0","48","0.160536","mg/L","525","mg","1","0"
"2","Llanos-Paez_2020_gentamicin","gentamicin","0","60","0.079934","mg/L","525","mg","1","0"
"2","Llanos-Paez_2020_gentamicin","gentamicin","0","72","0.070138","mg/L","525","mg","1","0"
"2","Llanos-Paez_2020_gentamicin","gentamicin","0","89","0","mg/L","525","mg","1","1"
"3","Llanos-Paez_2020_gentamicin","gentamicin","1","0",".","mg/L","525","mg","1","."
"3","Llanos-Paez_2020_gentamicin","gentamicin","0","0","29.687502","mg/L","525","mg","1","0"
"3","Llanos-Paez_2020_gentamicin","gentamicin","0","0.25","42.81307","mg/L","525","mg","1","0"
"3","Llanos-Paez_2020_gentamicin","gentamicin","0","0.5","31.315797","mg/L","525","mg","1","0"
"3","Llanos-Paez_2020_gentamicin","gentamicin","0","1","28.634996","mg/L","525","mg","1","0"
"3","Llanos-Paez_2020_gentamicin","gentamicin","0","2","16.575334","mg/L","525","mg","1","0"
"3","Llanos-Paez_2020_gentamicin","gentamicin","0","4","10.24341","mg/L","525","mg","1","0"
"3","Llanos-Paez_2020_gentamicin","gentamicin","0","6","4.540864","mg/L","525","mg","1","0"
"3","Llanos-Paez_2020_gentamicin","gentamicin","0","8","5.363911","mg/L","525","mg","1","0"
"3","Llanos-Paez_2020_gentamicin","gentamicin","0","12","1.720932","mg/L","525","mg","1","0"
"3","Llanos-Paez_2020_gentamicin","gentamicin","0","24","0.999434","mg/L","525","mg","1","0"
"3","Llanos-Paez_2020_gentamicin","gentamicin","0","36","0.24251","mg/L","525","mg","1","0"
"3","Llanos-Paez_2020_gentamicin","gentamicin","0","48","0.226868","mg/L","525","mg","1","0"
"3","Llanos-Paez_2020_gentamicin","gentamicin","0","60","0.044898","mg/L","525","mg","1","0"
"3","Llanos-Paez_2020_gentamicin","gentamicin","0","72","0.073182","mg/L","525","mg","1","0"
"3","Llanos-Paez_2020_gentamicin","gentamicin","0","89","0.024385","mg/L","525","mg","1","0"
"4","Llanos-Paez_2020_gentamicin","gentamicin","1","0",".","mg/L","525","mg","1","."
"4","Llanos-Paez_2020_gentamicin","gentamicin","0","0","34.017299","mg/L","525","mg","1","0"
"4","Llanos-Paez_2020_gentamicin","gentamicin","0","0.25","24.671089","mg/L","525","mg","1","0"
"4","Llanos-Paez_2020_gentamicin","gentamicin","0","0.5","24.931015","mg/L","525","mg","1","0"
"4","Llanos-Paez_2020_gentamicin","gentamicin","0","1","13.939036","mg/L","525","mg","1","0"
"4","Llanos-Paez_2020_gentamicin","gentamicin","0","2","13.998209","mg/L","525","mg","1","0"
"4","Llanos-Paez_2020_gentamicin","gentamicin","0","4","7.725404","mg/L","525","mg","1","0"
"4","Llanos-Paez_2020_gentamicin","gentamicin","0","6","7.255567","mg/L","525","mg","1","0"
"4","Llanos-Paez_2020_gentamicin","gentamicin","0","8","4.354583","mg/L","525","mg","1","0"
"4","Llanos-Paez_2020_gentamicin","gentamicin","0","12","2.094337","mg/L","525","mg","1","0"
"4","Llanos-Paez_2020_gentamicin","gentamicin","0","24","0.416325","mg/L","525","mg","1","0"
"4","Llanos-Paez_2020_gentamicin","gentamicin","0","36","0.019615","mg/L","525","mg","1","0"
"4","Llanos-Paez_2020_gentamicin","gentamicin","0","48","0.002225","mg/L","525","mg","1","0"
"4","Llanos-Paez_2020_gentamicin","gentamicin","0","60","0.025465","mg/L","525","mg","1","0"
"4","Llanos-Paez_2020_gentamicin","gentamicin","0","72","0.016987","mg/L","525","mg","1","0"
"4","Llanos-Paez_2020_gentamicin","gentamicin","0","89","0","mg/L","525","mg","1","1"
"5","Llanos-Paez_2020_gentamicin","gentamicin","1","0",".","mg/L","525","mg","1","."
"5","Llanos-Paez_2020_gentamicin","gentamicin","0","0","28.385957","mg/L","525","mg","1","0"
"5","Llanos-Paez_2020_gentamicin","gentamicin","0","0.25","41.092739","mg/L","525","mg","1","0"
"5","Llanos-Paez_2020_gentamicin","gentamicin","0","0.5","34.614761","mg/L","525","mg","1","0"
"5","Llanos-Paez_2020_gentamicin","gentamicin","0","1","33.582903","mg/L","525","mg","1","0"
"5","Llanos-Paez_2020_gentamicin","gentamicin","0","2","16.776125","mg/L","525","mg","1","0"
"5","Llanos-Paez_2020_gentamicin","gentamicin","0","4","7.459927","mg/L","525","mg","1","0"
"5","Llanos-Paez_2020_gentamicin","gentamicin","0","6","3.466687","mg/L","525","mg","1","0"
"5","Llanos-Paez_2020_gentamicin","gentamicin","0","8","2.200218","mg/L","525","mg","1","0"
"5","Llanos-Paez_2020_gentamicin","gentamicin","0","12","0.950135","mg/L","525","mg","1","0"
"5","Llanos-Paez_2020_gentamicin","gentamicin","0","24","0.254092","mg/L","525","mg","1","0"
"5","Llanos-Paez_2020_gentamicin","gentamicin","0","36","0.166072","mg/L","525","mg","1","0"
"5","Llanos-Paez_2020_gentamicin","gentamicin","0","48","0.052728","mg/L","525","mg","1","0"
"5","Llanos-Paez_2020_gentamicin","gentamicin","0","60","0","mg/L","525","mg","1","1"
"5","Llanos-Paez_2020_gentamicin","gentamicin","0","72","0","mg/L","525","mg","1","1"
"5","Llanos-Paez_2020_gentamicin","gentamicin","0","89","0.053532","mg/L","525","mg","1","0"
"6","Llanos-Paez_2020_gentamicin","gentamicin","1","0",".","mg/L","525","mg","1","."
"6","Llanos-Paez_2020_gentamicin","gentamicin","0","0","44.218374","mg/L","525","mg","1","0"
"6","Llanos-Paez_2020_gentamicin","gentamicin","0","0.25","35.711244","mg/L","525","mg","1","0"
"6","Llanos-Paez_2020_gentamicin","gentamicin","0","0.5","17.964028","mg/L","525","mg","1","0"
"6","Llanos-Paez_2020_gentamicin","gentamicin","0","1","43.930234","mg/L","525","mg","1","0"
"6","Llanos-Paez_2020_gentamicin","gentamicin","0","2","17.37217","mg/L","525","mg","1","0"
"6","Llanos-Paez_2020_gentamicin","gentamicin","0","4","14.181147","mg/L","525","mg","1","0"
"6","Llanos-Paez_2020_gentamicin","gentamicin","0","6","6.080359","mg/L","525","mg","1","0"
"6","Llanos-Paez_2020_gentamicin","gentamicin","0","8","0.997764","mg/L","525","mg","1","0"
"6","Llanos-Paez_2020_gentamicin","gentamicin","0","12","1.674366","mg/L","525","mg","1","0"
"6","Llanos-Paez_2020_gentamicin","gentamicin","0","24","0.166586","mg/L","525","mg","1","0"
"6","Llanos-Paez_2020_gentamicin","gentamicin","0","36","0.295055","mg/L","525","mg","1","0"
"6","Llanos-Paez_2020_gentamicin","gentamicin","0","48","0.298239","mg/L","525","mg","1","0"
"6","Llanos-Paez_2020_gentamicin","gentamicin","0","60","0.137076","mg/L","525","mg","1","0"
"6","Llanos-Paez_2020_gentamicin","gentamicin","0","72","0.108616","mg/L","525","mg","1","0"
"6","Llanos-Paez_2020_gentamicin","gentamicin","0","89","0.103389","mg/L","525","mg","1","0"
"7","Llanos-Paez_2020_gentamicin","gentamicin","1","0",".","mg/L","525","mg","1","."
"7","Llanos-Paez_2020_gentamicin","gentamicin","0","0","6.904699","mg/L","525","mg","1","0"
"7","Llanos-Paez_2020_gentamicin","gentamicin","0","0.25","18.262657","mg/L","525","mg","1","0"
"7","Llanos-Paez_2020_gentamicin","gentamicin","0","0.5","12.972899","mg/L","525","mg","1","0"
"7","Llanos-Paez_2020_gentamicin","gentamicin","0","1","24.60666","mg/L","525","mg","1","0"
"7","Llanos-Paez_2020_gentamicin","gentamicin","0","2","18.263167","mg/L","525","mg","1","0"
"7","Llanos-Paez_2020_gentamicin","gentamicin","0","4","8.665782","mg/L","525","mg","1","0"
"7","Llanos-Paez_2020_gentamicin","gentamicin","0","6","1.196009","mg/L","525","mg","1","0"
"7","Llanos-Paez_2020_gentamicin","gentamicin","0","8","3.333705","mg/L","525","mg","1","0"
"7","Llanos-Paez_2020_gentamicin","gentamicin","0","12","0.912085","mg/L","525","mg","1","0"
"7","Llanos-Paez_2020_gentamicin","gentamicin","0","24","0.383269","mg/L","525","mg","1","0"
"7","Llanos-Paez_2020_gentamicin","gentamicin","0","36","0.216495","mg/L","525","mg","1","0"
"7","Llanos-Paez_2020_gentamicin","gentamicin","0","48","0.10616","mg/L","525","mg","1","0"
"7","Llanos-Paez_2020_gentamicin","gentamicin","0","60","0.031908","mg/L","525","mg","1","0"
"7","Llanos-Paez_2020_gentamicin","gentamicin","0","72","0.084669","mg/L","525","mg","1","0"
"7","Llanos-Paez_2020_gentamicin","gentamicin","0","89","0.058413","mg/L","525","mg","1","0"
"8","Llanos-Paez_2020_gentamicin","gentamicin","1","0",".","mg/L","525","mg","1","."
"8","Llanos-Paez_2020_gentamicin","gentamicin","0","0","23.601972","mg/L","525","mg","1","0"
"8","Llanos-Paez_2020_gentamicin","gentamicin","0","0.25","29.273473","mg/L","525","mg","1","0"
"8","Llanos-Paez_2020_gentamicin","gentamicin","0","0.5","28.591936","mg/L","525","mg","1","0"
"8","Llanos-Paez_2020_gentamicin","gentamicin","0","1","28.174458","mg/L","525","mg","1","0"
"8","Llanos-Paez_2020_gentamicin","gentamicin","0","2","6.853541","mg/L","525","mg","1","0"
"8","Llanos-Paez_2020_gentamicin","gentamicin","0","4","8.231121","mg/L","525","mg","1","0"
"8","Llanos-Paez_2020_gentamicin","gentamicin","0","6","4.654956","mg/L","525","mg","1","0"
"8","Llanos-Paez_2020_gentamicin","gentamicin","0","8","1.863886","mg/L","525","mg","1","0"
"8","Llanos-Paez_2020_gentamicin","gentamicin","0","12","0.703755","mg/L","525","mg","1","0"
"8","Llanos-Paez_2020_gentamicin","gentamicin","0","24","0.245344","mg/L","525","mg","1","0"
"8","Llanos-Paez_2020_gentamicin","gentamicin","0","36","0.097576","mg/L","525","mg","1","0"
"8","Llanos-Paez_2020_gentamicin","gentamicin","0","48","0.064911","mg/L","525","mg","1","0"
"8","Llanos-Paez_2020_gentamicin","gentamicin","0","60","0.059242","mg/L","525","mg","1","0"
"8","Llanos-Paez_2020_gentamicin","gentamicin","0","72","0.004525","mg/L","525","mg","1","0"
"8","Llanos-Paez_2020_gentamicin","gentamicin","0","89","0.067507","mg/L","525","mg","1","0"
"9","Llanos-Paez_2020_gentamicin","gentamicin","1","0",".","mg/L","525","mg","1","."
"9","Llanos-Paez_2020_gentamicin","gentamicin","0","0","20.080702","mg/L","525","mg","1","0"
"9","Llanos-Paez_2020_gentamicin","gentamicin","0","0.25","19.87469","mg/L","525","mg","1","0"
"9","Llanos-Paez_2020_gentamicin","gentamicin","0","0.5","12.516461","mg/L","525","mg","1","0"
"9","Llanos-Paez_2020_gentamicin","gentamicin","0","1","17.557335","mg/L","525","mg","1","0"
"9","Llanos-Paez_2020_gentamicin","gentamicin","0","2","16.015303","mg/L","525","mg","1","0"
"9","Llanos-Paez_2020_gentamicin","gentamicin","0","4","9.507532","mg/L","525","mg","1","0"
"9","Llanos-Paez_2020_gentamicin","gentamicin","0","6","6.947566","mg/L","525","mg","1","0"
"9","Llanos-Paez_2020_gentamicin","gentamicin","0","8","1.395158","mg/L","525","mg","1","0"
"9","Llanos-Paez_2020_gentamicin","gentamicin","0","12","2.339928","mg/L","525","mg","1","0"
"9","Llanos-Paez_2020_gentamicin","gentamicin","0","24","0.34911","mg/L","525","mg","1","0"
"9","Llanos-Paez_2020_gentamicin","gentamicin","0","36","0.341822","mg/L","525","mg","1","0"
"9","Llanos-Paez_2020_gentamicin","gentamicin","0","48","0.237765","mg/L","525","mg","1","0"
"9","Llanos-Paez_2020_gentamicin","gentamicin","0","60","0.10469","mg/L","525","mg","1","0"
"9","Llanos-Paez_2020_gentamicin","gentamicin","0","72","0","mg/L","525","mg","1","1"
"9","Llanos-Paez_2020_gentamicin","gentamicin","0","89","0","mg/L","525","mg","1","1"
"10","Llanos-Paez_2020_gentamicin","gentamicin","1","0",".","mg/L","525","mg","1","."
"10","Llanos-Paez_2020_gentamicin","gentamicin","0","0","24.672763","mg/L","525","mg","1","0"
"10","Llanos-Paez_2020_gentamicin","gentamicin","0","0.25","20.714652","mg/L","525","mg","1","0"
"10","Llanos-Paez_2020_gentamicin","gentamicin","0","0.5","27.46533","mg/L","525","mg","1","0"
"10","Llanos-Paez_2020_gentamicin","gentamicin","0","1","24.330577","mg/L","525","mg","1","0"
"10","Llanos-Paez_2020_gentamicin","gentamicin","0","2","13.43053","mg/L","525","mg","1","0"
"10","Llanos-Paez_2020_gentamicin","gentamicin","0","4","9.851553","mg/L","525","mg","1","0"
"10","Llanos-Paez_2020_gentamicin","gentamicin","0","6","4.181571","mg/L","525","mg","1","0"
"10","Llanos-Paez_2020_gentamicin","gentamicin","0","8","3.018005","mg/L","525","mg","1","0"
"10","Llanos-Paez_2020_gentamicin","gentamicin","0","12","1.060673","mg/L","525","mg","1","0"
"10","Llanos-Paez_2020_gentamicin","gentamicin","0","24","0.207739","mg/L","525","mg","1","0"
"10","Llanos-Paez_2020_gentamicin","gentamicin","0","36","0.307433","mg/L","525","mg","1","0"
"10","Llanos-Paez_2020_gentamicin","gentamicin","0","48","0.239323","mg/L","525","mg","1","0"
"10","Llanos-Paez_2020_gentamicin","gentamicin","0","60","0.031377","mg/L","525","mg","1","0"
"10","Llanos-Paez_2020_gentamicin","gentamicin","0","72","0.09502","mg/L","525","mg","1","0"
"10","Llanos-Paez_2020_gentamicin","gentamicin","0","89","0.008195","mg/L","525","mg","1","0"
"1","Rambiritch_2016_glibenclamide","glibenclamide","1","0",".","ng/mL","20","mg","2","."
"1","Rambiritch_2016_glibenclamide","glibenclamide","0","0","0","ng/mL","20","mg","2","0"
"1","Rambiritch_2016_glibenclamide","glibenclamide","0","1","631.137916","ng/mL","20","mg","2","0"
"1","Rambiritch_2016_glibenclamide","glibenclamide","0","2","712.167484","ng/mL","20","mg","2","0"
"1","Rambiritch_2016_glibenclamide","glibenclamide","0","4","761.797019","ng/mL","20","mg","2","0"
"1","Rambiritch_2016_glibenclamide","glibenclamide","0","8","526.340288","ng/mL","20","mg","2","0"
"1","Rambiritch_2016_glibenclamide","glibenclamide","0","24","166.447305","ng/mL","20","mg","2","0"
"1","Rambiritch_2016_glibenclamide","glibenclamide","0","48","44.959984","ng/mL","20","mg","2","0"
"1","Rambiritch_2016_glibenclamide","glibenclamide","0","72","60.369876","ng/mL","20","mg","2","0"
"1","Rambiritch_2016_glibenclamide","glibenclamide","0","96","42.560424","ng/mL","20","mg","2","0"
"1","Rambiritch_2016_glibenclamide","glibenclamide","0","120","36.857187","ng/mL","20","mg","2","0"
"1","Rambiritch_2016_glibenclamide","glibenclamide","0","168","8.359472","ng/mL","20","mg","2","0"
"1","Rambiritch_2016_glibenclamide","glibenclamide","0","184","6.521492","ng/mL","20","mg","2","0"
"2","Rambiritch_2016_glibenclamide","glibenclamide","1","0",".","ng/mL","20","mg","2","."
"2","Rambiritch_2016_glibenclamide","glibenclamide","0","0","0","ng/mL","20","mg","2","0"
"2","Rambiritch_2016_glibenclamide","glibenclamide","0","1","730.881491","ng/mL","20","mg","2","0"
"2","Rambiritch_2016_glibenclamide","glibenclamide","0","2","399.876099","ng/mL","20","mg","2","0"
"2","Rambiritch_2016_glibenclamide","glibenclamide","0","4","137.588034","ng/mL","20","mg","2","0"
"2","Rambiritch_2016_glibenclamide","glibenclamide","0","8","252.229818","ng/mL","20","mg","2","0"
"2","Rambiritch_2016_glibenclamide","glibenclamide","0","24","0","ng/mL","20","mg","2","1"
"2","Rambiritch_2016_glibenclamide","glibenclamide","0","48","68.866356","ng/mL","20","mg","2","0"
"2","Rambiritch_2016_glibenclamide","glibenclamide","0","72","24.265511","ng/mL","20","mg","2","0"
"2","Rambiritch_2016_glibenclamide","glibenclamide","0","96","16.799224","ng/mL","20","mg","2","0"
"2","Rambiritch_2016_glibenclamide","glibenclamide","0","120","10.67931","ng/mL","20","mg","2","0"
"2","Rambiritch_2016_glibenclamide","glibenclamide","0","168","9.873949","ng/mL","20","mg","2","0"
"2","Rambiritch_2016_glibenclamide","glibenclamide","0","184","3.883662","ng/mL","20","mg","2","0"
"3","Rambiritch_2016_glibenclamide","glibenclamide","1","0",".","ng/mL","20","mg","2","."
"3","Rambiritch_2016_glibenclamide","glibenclamide","0","0","0","ng/mL","20","mg","2","0"
"3","Rambiritch_2016_glibenclamide","glibenclamide","0","1","421.328543","ng/mL","20","mg","2","0"
"3","Rambiritch_2016_glibenclamide","glibenclamide","0","2","577.165965","ng/mL","20","mg","2","0"
"3","Rambiritch_2016_glibenclamide","glibenclamide","0","4","378.721542","ng/mL","20","mg","2","0"
"3","Rambiritch_2016_glibenclamide","glibenclamide","0","8","274.186351","ng/mL","20","mg","2","0"
"3","Rambiritch_2016_glibenclamide","glibenclamide","0","24","57.956629","ng/mL","20","mg","2","0"
"3","Rambiritch_2016_glibenclamide","glibenclamide","0","48","76.325831","ng/mL","20","mg","2","0"
"3","Rambiritch_2016_glibenclamide","glibenclamide","0","72","80.491272","ng/mL","20","mg","2","0"
"3","Rambiritch_2016_glibenclamide","glibenclamide","0","96","23.603566","ng/mL","20","mg","2","0"
"3","Rambiritch_2016_glibenclamide","glibenclamide","0","120","15.702194","ng/mL","20","mg","2","0"
"3","Rambiritch_2016_glibenclamide","glibenclamide","0","168","3.538236","ng/mL","20","mg","2","0"
"3","Rambiritch_2016_glibenclamide","glibenclamide","0","184","16.152144","ng/mL","20","mg","2","0"
"4","Rambiritch_2016_glibenclamide","glibenclamide","1","0",".","ng/mL","20","mg","2","."
"4","Rambiritch_2016_glibenclamide","glibenclamide","0","0","0","ng/mL","20","mg","2","0"
"4","Rambiritch_2016_glibenclamide","glibenclamide","0","1","365.202839","ng/mL","20","mg","2","0"
"4","Rambiritch_2016_glibenclamide","glibenclamide","0","2","190.882237","ng/mL","20","mg","2","0"
"4","Rambiritch_2016_glibenclamide","glibenclamide","0","4","221.309876","ng/mL","20","mg","2","0"
"4","Rambiritch_2016_glibenclamide","glibenclamide","0","8","294.661083","ng/mL","20","mg","2","0"
"4","Rambiritch_2016_glibenclamide","glibenclamide","0","24","105.668555","ng/mL","20","mg","2","0"
"4","Rambiritch_2016_glibenclamide","glibenclamide","0","48","139.615316","ng/mL","20","mg","2","0"
"4","Rambiritch_2016_glibenclamide","glibenclamide","0","72","72.03472","ng/mL","20","mg","2","0"
"4","Rambiritch_2016_glibenclamide","glibenclamide","0","96","50.602297","ng/mL","20","mg","2","0"
"4","Rambiritch_2016_glibenclamide","glibenclamide","0","120","1.794194","ng/mL","20","mg","2","0"
"4","Rambiritch_2016_glibenclamide","glibenclamide","0","168","8.913706","ng/mL","20","mg","2","0"
"4","Rambiritch_2016_glibenclamide","glibenclamide","0","184","13.920144","ng/mL","20","mg","2","0"
"5","Rambiritch_2016_glibenclamide","glibenclamide","1","0",".","ng/mL","20","mg","2","."
"5","Rambiritch_2016_glibenclamide","glibenclamide","0","0","0","ng/mL","20","mg","2","0"
"5","Rambiritch_2016_glibenclamide","glibenclamide","0","1","505.045446","ng/mL","20","mg","2","0"
"5","Rambiritch_2016_glibenclamide","glibenclamide","0","2","611.204253","ng/mL","20","mg","2","0"
"5","Rambiritch_2016_glibenclamide","glibenclamide","0","4","254.600866","ng/mL","20","mg","2","0"
"5","Rambiritch_2016_glibenclamide","glibenclamide","0","8","184.209481","ng/mL","20","mg","2","0"
"5","Rambiritch_2016_glibenclamide","glibenclamide","0","24","67.934788","ng/mL","20","mg","2","0"
"5","Rambiritch_2016_glibenclamide","glibenclamide","0","48","62.224096","ng/mL","20","mg","2","0"
"5","Rambiritch_2016_glibenclamide","glibenclamide","0","72","13.511676","ng/mL","20","mg","2","0"
"5","Rambiritch_2016_glibenclamide","glibenclamide","0","96","11.161153","ng/mL","20","mg","2","0"
"5","Rambiritch_2016_glibenclamide","glibenclamide","0","120","6.432098","ng/mL","20","mg","2","0"
"5","Rambiritch_2016_glibenclamide","glibenclamide","0","168","4.968328","ng/mL","20","mg","2","0"
"5","Rambiritch_2016_glibenclamide","glibenclamide","0","184","1.582468","ng/mL","20","mg","2","0"
"6","Rambiritch_2016_glibenclamide","glibenclamide","1","0",".","ng/mL","20","mg","2","."
"6","Rambiritch_2016_glibenclamide","glibenclamide","0","0","0","ng/mL","20","mg","2","0"
"6","Rambiritch_2016_glibenclamide","glibenclamide","0","1","104.153076","ng/mL","20","mg","2","0"
"6","Rambiritch_2016_glibenclamide","glibenclamide","0","2","604.150829","ng/mL","20","mg","2","0"
"6","Rambiritch_2016_glibenclamide","glibenclamide","0","4","440.412416","ng/mL","20","mg","2","0"
"6","Rambiritch_2016_glibenclamide","glibenclamide","0","8","270.824061","ng/mL","20","mg","2","0"
"6","Rambiritch_2016_glibenclamide","glibenclamide","0","24","46.104316","ng/mL","20","mg","2","0"
"6","Rambiritch_2016_glibenclamide","glibenclamide","0","48","42.528473","ng/mL","20","mg","2","0"
"6","Rambiritch_2016_glibenclamide","glibenclamide","0","72","20.36603","ng/mL","20","mg","2","0"
"6","Rambiritch_2016_glibenclamide","glibenclamide","0","96","13.610959","ng/mL","20","mg","2","0"
"6","Rambiritch_2016_glibenclamide","glibenclamide","0","120","4.376243","ng/mL","20","mg","2","0"
"6","Rambiritch_2016_glibenclamide","glibenclamide","0","168","2.08598","ng/mL","20","mg","2","0"
"6","Rambiritch_2016_glibenclamide","glibenclamide","0","184","0.63606","ng/mL","20","mg","2","0"
"7","Rambiritch_2016_glibenclamide","glibenclamide","1","0",".","ng/mL","20","mg","2","."
"7","Rambiritch_2016_glibenclamide","glibenclamide","0","0","0","ng/mL","20","mg","2","0"
"7","Rambiritch_2016_glibenclamide","glibenclamide","0","1","346.970772","ng/mL","20","mg","2","0"
"7","Rambiritch_2016_glibenclamide","glibenclamide","0","2","0","ng/mL","20","mg","2","1"
"7","Rambiritch_2016_glibenclamide","glibenclamide","0","4","632.008789","ng/mL","20","mg","2","0"
"7","Rambiritch_2016_glibenclamide","glibenclamide","0","8","575.768399","ng/mL","20","mg","2","0"
"7","Rambiritch_2016_glibenclamide","glibenclamide","0","24","158.405571","ng/mL","20","mg","2","0"
"7","Rambiritch_2016_glibenclamide","glibenclamide","0","48","103.391425","ng/mL","20","mg","2","0"
"7","Rambiritch_2016_glibenclamide","glibenclamide","0","72","12.851274","ng/mL","20","mg","2","0"
"7","Rambiritch_2016_glibenclamide","glibenclamide","0","96","33.013012","ng/mL","20","mg","2","0"
"7","Rambiritch_2016_glibenclamide","glibenclamide","0","120","9.665111","ng/mL","20","mg","2","0"
"7","Rambiritch_2016_glibenclamide","glibenclamide","0","168","0.959654","ng/mL","20","mg","2","0"
"7","Rambiritch_2016_glibenclamide","glibenclamide","0","184","19.521352","ng/mL","20","mg","2","0"
"8","Rambiritch_2016_glibenclamide","glibenclamide","1","0",".","ng/mL","20","mg","2","."
"8","Rambiritch_2016_glibenclamide","glibenclamide","0","0","0","ng/mL","20","mg","2","0"
"8","Rambiritch_2016_glibenclamide","glibenclamide","0","1","671.821246","ng/mL","20","mg","2","0"
"8","Rambiritch_2016_glibenclamide","glibenclamide","0","2","1052.376896","ng/mL","20","mg","2","0"
"8","Rambiritch_2016_glibenclamide","glibenclamide","0","4","254.99333","ng/mL","20","mg","2","0"
"8","Rambiritch_2016_glibenclamide","glibenclamide","0","8","69.216574","ng/mL","20","mg","2","0"
"8","Rambiritch_2016_glibenclamide","glibenclamide","0","24","60.053493","ng/mL","20","mg","2","0"
"8","Rambiritch_2016_glibenclamide","glibenclamide","0","48","8.862302","ng/mL","20","mg","2","0"
"8","Rambiritch_2016_glibenclamide","glibenclamide","0","72","49.956117","ng/mL","20","mg","2","0"
"8","Rambiritch_2016_glibenclamide","glibenclamide","0","96","6.788961","ng/mL","20","mg","2","0"
"8","Rambiritch_2016_glibenclamide","glibenclamide","0","120","8.456175","ng/mL","20","mg","2","0"
"8","Rambiritch_2016_glibenclamide","glibenclamide","0","168","9.12127","ng/mL","20","mg","2","0"
"8","Rambiritch_2016_glibenclamide","glibenclamide","0","184","3.077216","ng/mL","20","mg","2","0"
"9","Rambiritch_2016_glibenclamide","glibenclamide","1","0",".","ng/mL","20","mg","2","."
"9","Rambiritch_2016_glibenclamide","glibenclamide","0","0","0","ng/mL","20","mg","2","0"
"9","Rambiritch_2016_glibenclamide","glibenclamide","0","1","242.797094","ng/mL","20","mg","2","0"
"9","Rambiritch_2016_glibenclamide","glibenclamide","0","2","744.532882","ng/mL","20","mg","2","0"
"9","Rambiritch_2016_glibenclamide","glibenclamide","0","4","493.0616","ng/mL","20","mg","2","0"
"9","Rambiritch_2016_glibenclamide","glibenclamide","0","8","225.956629","ng/mL","20","mg","2","0"
"9","Rambiritch_2016_glibenclamide","glibenclamide","0","24","93.661872","ng/mL","20","mg","2","0"
"9","Rambiritch_2016_glibenclamide","glibenclamide","0","48","110.15101","ng/mL","20","mg","2","0"
"9","Rambiritch_2016_glibenclamide","glibenclamide","0","72","66.897742","ng/mL","20","mg","2","0"
"9","Rambiritch_2016_glibenclamide","glibenclamide","0","96","31.361251","ng/mL","20","mg","2","0"
"9","Rambiritch_2016_glibenclamide","glibenclamide","0","120","26.695029","ng/mL","20","mg","2","0"
"9","Rambiritch_2016_glibenclamide","glibenclamide","0","168","14.317745","ng/mL","20","mg","2","0"
"9","Rambiritch_2016_glibenclamide","glibenclamide","0","184","15.729605","ng/mL","20","mg","2","0"
"10","Rambiritch_2016_glibenclamide","glibenclamide","1","0",".","ng/mL","20","mg","2","."
"10","Rambiritch_2016_glibenclamide","glibenclamide","0","0","0","ng/mL","20","mg","2","0"
"10","Rambiritch_2016_glibenclamide","glibenclamide","0","1","263.426967","ng/mL","20","mg","2","0"
"10","Rambiritch_2016_glibenclamide","glibenclamide","0","2","469.258785","ng/mL","20","mg","2","0"
"10","Rambiritch_2016_glibenclamide","glibenclamide","0","4","193.265122","ng/mL","20","mg","2","0"
"10","Rambiritch_2016_glibenclamide","glibenclamide","0","8","451.473454","ng/mL","20","mg","2","0"
"10","Rambiritch_2016_glibenclamide","glibenclamide","0","24","138.178596","ng/mL","20","mg","2","0"
"10","Rambiritch_2016_glibenclamide","glibenclamide","0","48","76.303061","ng/mL","20","mg","2","0"
"10","Rambiritch_2016_glibenclamide","glibenclamide","0","72","0","ng/mL","20","mg","2","1"
"10","Rambiritch_2016_glibenclamide","glibenclamide","0","96","36.431275","ng/mL","20","mg","2","0"
"10","Rambiritch_2016_glibenclamide","glibenclamide","0","120","54.797157","ng/mL","20","mg","2","0"
"10","Rambiritch_2016_glibenclamide","glibenclamide","0","168","9.897489","ng/mL","20","mg","2","0"
"10","Rambiritch_2016_glibenclamide","glibenclamide","0","184","27.59702","ng/mL","20","mg","2","0"
"1","Faelens_2021_infliximab","infliximab","1","0",".","mg/L","700","mg","1","."
"1","Faelens_2021_infliximab","infliximab","0","0","56.926478","mg/L","700","mg","1","0"
"1","Faelens_2021_infliximab","infliximab","0","4","79.526403","mg/L","700","mg","1","0"
"1","Faelens_2021_infliximab","infliximab","0","24","80.873359","mg/L","700","mg","1","0"
"1","Faelens_2021_infliximab","infliximab","0","72","89.508308","mg/L","700","mg","1","0"
"1","Faelens_2021_infliximab","infliximab","0","168","37.489908","mg/L","700","mg","1","0"
"1","Faelens_2021_infliximab","infliximab","0","336","19.908285","mg/L","700","mg","1","0"
"1","Faelens_2021_infliximab","infliximab","0","504","35.140746","mg/L","700","mg","1","0"
"1","Faelens_2021_infliximab","infliximab","0","672","21.35832","mg/L","700","mg","1","0"
"1","Faelens_2021_infliximab","infliximab","0","840","7.326993","mg/L","700","mg","1","0"
"1","Faelens_2021_infliximab","infliximab","0","1008","10.097212","mg/L","700","mg","1","0"
"1","Faelens_2021_infliximab","infliximab","0","1176","4.938573","mg/L","700","mg","1","0"
"1","Faelens_2021_infliximab","infliximab","0","1512","4.437596","mg/L","700","mg","1","0"
"1","Faelens_2021_infliximab","infliximab","0","1797","2.233951","mg/L","700","mg","1","0"
"2","Faelens_2021_infliximab","infliximab","1","0",".","mg/L","700","mg","1","."
"2","Faelens_2021_infliximab","infliximab","0","0","178.33771","mg/L","700","mg","1","0"
"2","Faelens_2021_infliximab","infliximab","0","4","139.56922","mg/L","700","mg","1","0"
"2","Faelens_2021_infliximab","infliximab","0","24","156.138476","mg/L","700","mg","1","0"
"2","Faelens_2021_infliximab","infliximab","0","72","142.930414","mg/L","700","mg","1","0"
"2","Faelens_2021_infliximab","infliximab","0","168","97.739213","mg/L","700","mg","1","0"
"2","Faelens_2021_infliximab","infliximab","0","336","55.870678","mg/L","700","mg","1","0"
"2","Faelens_2021_infliximab","infliximab","0","504","45.992263","mg/L","700","mg","1","0"
"2","Faelens_2021_infliximab","infliximab","0","672","37.149709","mg/L","700","mg","1","0"
"2","Faelens_2021_infliximab","infliximab","0","840","34.07416","mg/L","700","mg","1","0"
"2","Faelens_2021_infliximab","infliximab","0","1008","25.553608","mg/L","700","mg","1","0"
"2","Faelens_2021_infliximab","infliximab","0","1176","8.25856","mg/L","700","mg","1","0"
"2","Faelens_2021_infliximab","infliximab","0","1512","9.209186","mg/L","700","mg","1","0"
"2","Faelens_2021_infliximab","infliximab","0","1797","2.71343","mg/L","700","mg","1","0"
"3","Faelens_2021_infliximab","infliximab","1","0",".","mg/L","700","mg","1","."
"3","Faelens_2021_infliximab","infliximab","0","0","90.908067","mg/L","700","mg","1","0"
"3","Faelens_2021_infliximab","infliximab","0","4","121.503593","mg/L","700","mg","1","0"
"3","Faelens_2021_infliximab","infliximab","0","24","83.331979","mg/L","700","mg","1","0"
"3","Faelens_2021_infliximab","infliximab","0","72","123.858412","mg/L","700","mg","1","0"
"3","Faelens_2021_infliximab","infliximab","0","168","83.291332","mg/L","700","mg","1","0"
"3","Faelens_2021_infliximab","infliximab","0","336","59.110248","mg/L","700","mg","1","0"
"3","Faelens_2021_infliximab","infliximab","0","504","35.591334","mg/L","700","mg","1","0"
"3","Faelens_2021_infliximab","infliximab","0","672","33.433323","mg/L","700","mg","1","0"
"3","Faelens_2021_infliximab","infliximab","0","840","18.407046","mg/L","700","mg","1","0"
"3","Faelens_2021_infliximab","infliximab","0","1008","11.579572","mg/L","700","mg","1","0"
"3","Faelens_2021_infliximab","infliximab","0","1176","7.027331","mg/L","700","mg","1","0"
"3","Faelens_2021_infliximab","infliximab","0","1512","5.655267","mg/L","700","mg","1","0"
"3","Faelens_2021_infliximab","infliximab","0","1797","2.506479","mg/L","700","mg","1","0"
"4","Faelens_2021_infliximab","infliximab","1","0",".","mg/L","700","mg","1","."
"4","Faelens_2021_infliximab","infliximab","0","0","88.381683","mg/L","700","mg","1","0"
"4","Faelens_2021_infliximab","infliximab","0","4","42.768471","mg/L","700","mg","1","0"
"4","Faelens_2021_infliximab","infliximab","0","24","32.13384","mg/L","700","mg","1","0"
"4","Faelens_2021_infliximab","infliximab","0","72","43.318191","mg/L","700","mg","1","0"
"4","Faelens_2021_infliximab","infliximab","0","168","32.603406","mg/L","700","mg","1","0"
"4","Faelens_2021_infliximab","infliximab","0","336","36.617585","mg/L","700","mg","1","0"
"4","Faelens_2021_infliximab","infliximab","0","504","35.362722","mg/L","700","mg","1","0"
"4","Faelens_2021_infliximab","infliximab","0","672","17.415602","mg/L","700","mg","1","0"
"4","Faelens_2021_infliximab","infliximab","0","840","13.8027","mg/L","700","mg","1","0"
"4","Faelens_2021_infliximab","infliximab","0","1008","10.690036","mg/L","700","mg","1","0"
"4","Faelens_2021_infliximab","infliximab","0","1176","9.044825","mg/L","700","mg","1","0"
"4","Faelens_2021_infliximab","infliximab","0","1512","4.016268","mg/L","700","mg","1","0"
"4","Faelens_2021_infliximab","infliximab","0","1797","2.760736","mg/L","700","mg","1","0"
"5","Faelens_2021_infliximab","infliximab","1","0",".","mg/L","700","mg","1","."
"5","Faelens_2021_infliximab","infliximab","0","0","153.886119","mg/L","700","mg","1","0"
"5","Faelens_2021_infliximab","infliximab","0","4","153.350836","mg/L","700","mg","1","0"
"5","Faelens_2021_infliximab","infliximab","0","24","110.966379","mg/L","700","mg","1","0"
"5","Faelens_2021_infliximab","infliximab","0","72","127.700594","mg/L","700","mg","1","0"
"5","Faelens_2021_infliximab","infliximab","0","168","82.726641","mg/L","700","mg","1","0"
"5","Faelens_2021_infliximab","infliximab","0","336","88.580947","mg/L","700","mg","1","0"
"5","Faelens_2021_infliximab","infliximab","0","504","53.194805","mg/L","700","mg","1","0"
"5","Faelens_2021_infliximab","infliximab","0","672","53.045058","mg/L","700","mg","1","0"
"5","Faelens_2021_infliximab","infliximab","0","840","19.454997","mg/L","700","mg","1","0"
"5","Faelens_2021_infliximab","infliximab","0","1008","20.04373","mg/L","700","mg","1","0"
"5","Faelens_2021_infliximab","infliximab","0","1176","14.641959","mg/L","700","mg","1","0"
"5","Faelens_2021_infliximab","infliximab","0","1512","6.05298","mg/L","700","mg","1","0"
"5","Faelens_2021_infliximab","infliximab","0","1797","2.440913","mg/L","700","mg","1","0"
"6","Faelens_2021_infliximab","infliximab","1","0",".","mg/L","700","mg","1","."
"6","Faelens_2021_infliximab","infliximab","0","0","67.04249","mg/L","700","mg","1","0"
"6","Faelens_2021_infliximab","infliximab","0","4","89.462904","mg/L","700","mg","1","0"
"6","Faelens_2021_infliximab","infliximab","0","24","63.244843","mg/L","700","mg","1","0"
"6","Faelens_2021_infliximab","infliximab","0","72","71.755844","mg/L","700","mg","1","0"
"6","Faelens_2021_infliximab","infliximab","0","168","94.753665","mg/L","700","mg","1","0"
"6","Faelens_2021_infliximab","infliximab","0","336","40.317899","mg/L","700","mg","1","0"
"6","Faelens_2021_infliximab","infliximab","0","504","25.398942","mg/L","700","mg","1","0"
"6","Faelens_2021_infliximab","infliximab","0","672","8.044846","mg/L","700","mg","1","0"
"6","Faelens_2021_infliximab","infliximab","0","840","12.954322","mg/L","700","mg","1","0"
"6","Faelens_2021_infliximab","infliximab","0","1008","9.497685","mg/L","700","mg","1","0"
"6","Faelens_2021_infliximab","infliximab","0","1176","7.662293","mg/L","700","mg","1","0"
"6","Faelens_2021_infliximab","infliximab","0","1512","2.648676","mg/L","700","mg","1","0"
"6","Faelens_2021_infliximab","infliximab","0","1797","0.565695","mg/L","700","mg","1","0"
"7","Faelens_2021_infliximab","infliximab","1","0",".","mg/L","700","mg","1","."
"7","Faelens_2021_infliximab","infliximab","0","0","113.273608","mg/L","700","mg","1","0"
"7","Faelens_2021_infliximab","infliximab","0","4","119.371939","mg/L","700","mg","1","0"
"7","Faelens_2021_infliximab","infliximab","0","24","66.659158","mg/L","700","mg","1","0"
"7","Faelens_2021_infliximab","infliximab","0","72","79.520339","mg/L","700","mg","1","0"
"7","Faelens_2021_infliximab","infliximab","0","168","46.516106","mg/L","700","mg","1","0"
"7","Faelens_2021_infliximab","infliximab","0","336","44.732664","mg/L","700","mg","1","0"
"7","Faelens_2021_infliximab","infliximab","0","504","26.779909","mg/L","700","mg","1","0"
"7","Faelens_2021_infliximab","infliximab","0","672","13.010889","mg/L","700","mg","1","0"
"7","Faelens_2021_infliximab","infliximab","0","840","6.098273","mg/L","700","mg","1","0"
"7","Faelens_2021_infliximab","infliximab","0","1008","5.386662","mg/L","700","mg","1","0"
"7","Faelens_2021_infliximab","infliximab","0","1176","6.965198","mg/L","700","mg","1","0"
"7","Faelens_2021_infliximab","infliximab","0","1512","2.336316","mg/L","700","mg","1","0"
"7","Faelens_2021_infliximab","infliximab","0","1797","0.961549","mg/L","700","mg","1","0"
"8","Faelens_2021_infliximab","infliximab","1","0",".","mg/L","700","mg","1","."
"8","Faelens_2021_infliximab","infliximab","0","0","74.825589","mg/L","700","mg","1","0"
"8","Faelens_2021_infliximab","infliximab","0","4","65.171586","mg/L","700","mg","1","0"
"8","Faelens_2021_infliximab","infliximab","0","24","118.552998","mg/L","700","mg","1","0"
"8","Faelens_2021_infliximab","infliximab","0","72","78.199692","mg/L","700","mg","1","0"
"8","Faelens_2021_infliximab","infliximab","0","168","56.230074","mg/L","700","mg","1","0"
"8","Faelens_2021_infliximab","infliximab","0","336","20.424739","mg/L","700","mg","1","0"
"8","Faelens_2021_infliximab","infliximab","0","504","10.099743","mg/L","700","mg","1","0"
"8","Faelens_2021_infliximab","infliximab","0","672","4.497295","mg/L","700","mg","1","0"
"8","Faelens_2021_infliximab","infliximab","0","840","2.936475","mg/L","700","mg","1","0"
"8","Faelens_2021_infliximab","infliximab","0","1008","1.000302","mg/L","700","mg","1","0"
"8","Faelens_2021_infliximab","infliximab","0","1176","0.472384","mg/L","700","mg","1","0"
"8","Faelens_2021_infliximab","infliximab","0","1512","0.363175","mg/L","700","mg","1","0"
"8","Faelens_2021_infliximab","infliximab","0","1797","0","mg/L","700","mg","1","1"
"9","Faelens_2021_infliximab","infliximab","1","0",".","mg/L","700","mg","1","."
"9","Faelens_2021_infliximab","infliximab","0","0","60.910488","mg/L","700","mg","1","0"
"9","Faelens_2021_infliximab","infliximab","0","4","48.179295","mg/L","700","mg","1","0"
"9","Faelens_2021_infliximab","infliximab","0","24","94.517077","mg/L","700","mg","1","0"
"9","Faelens_2021_infliximab","infliximab","0","72","117.752033","mg/L","700","mg","1","0"
"9","Faelens_2021_infliximab","infliximab","0","168","36.574345","mg/L","700","mg","1","0"
"9","Faelens_2021_infliximab","infliximab","0","336","55.94676","mg/L","700","mg","1","0"
"9","Faelens_2021_infliximab","infliximab","0","504","27.070379","mg/L","700","mg","1","0"
"9","Faelens_2021_infliximab","infliximab","0","672","26.136275","mg/L","700","mg","1","0"
"9","Faelens_2021_infliximab","infliximab","0","840","9.552455","mg/L","700","mg","1","0"
"9","Faelens_2021_infliximab","infliximab","0","1008","5.451559","mg/L","700","mg","1","0"
"9","Faelens_2021_infliximab","infliximab","0","1176","7.972862","mg/L","700","mg","1","0"
"9","Faelens_2021_infliximab","infliximab","0","1512","2.466476","mg/L","700","mg","1","0"
"9","Faelens_2021_infliximab","infliximab","0","1797","1.356161","mg/L","700","mg","1","0"
"10","Faelens_2021_infliximab","infliximab","1","0",".","mg/L","700","mg","1","."
"10","Faelens_2021_infliximab","infliximab","0","0","108.321642","mg/L","700","mg","1","0"
"10","Faelens_2021_infliximab","infliximab","0","4","93.54916","mg/L","700","mg","1","0"
"10","Faelens_2021_infliximab","infliximab","0","24","76.41016","mg/L","700","mg","1","0"
"10","Faelens_2021_infliximab","infliximab","0","72","70.407954","mg/L","700","mg","1","0"
"10","Faelens_2021_infliximab","infliximab","0","168","43.9009","mg/L","700","mg","1","0"
"10","Faelens_2021_infliximab","infliximab","0","336","38.845668","mg/L","700","mg","1","0"
"10","Faelens_2021_infliximab","infliximab","0","504","43.526069","mg/L","700","mg","1","0"
"10","Faelens_2021_infliximab","infliximab","0","672","32.73915","mg/L","700","mg","1","0"
"10","Faelens_2021_infliximab","infliximab","0","840","25.581666","mg/L","700","mg","1","0"
"10","Faelens_2021_infliximab","infliximab","0","1008","16.184831","mg/L","700","mg","1","0"
"10","Faelens_2021_infliximab","infliximab","0","1176","19.841337","mg/L","700","mg","1","0"
"10","Faelens_2021_infliximab","infliximab","0","1512","10.59704","mg/L","700","mg","1","0"
"10","Faelens_2021_infliximab","infliximab","0","1797","2.556936","mg/L","700","mg","1","0"
"1","Horita_2018_isoniazid","isoniazid","1","0",".","ug/mL","1050","mg","2","."
"1","Horita_2018_isoniazid","isoniazid","0","0","0","ug/mL","1050","mg","2","0"
"1","Horita_2018_isoniazid","isoniazid","0","0.25","8.123218","ug/mL","1050","mg","2","0"
"1","Horita_2018_isoniazid","isoniazid","0","0.5","9.518185","ug/mL","1050","mg","2","0"
"1","Horita_2018_isoniazid","isoniazid","0","1","8.337725","ug/mL","1050","mg","2","0"
"1","Horita_2018_isoniazid","isoniazid","0","2","5.081743","ug/mL","1050","mg","2","0"
"1","Horita_2018_isoniazid","isoniazid","0","4","2.970558","ug/mL","1050","mg","2","0"
"1","Horita_2018_isoniazid","isoniazid","0","6","1.778404","ug/mL","1050","mg","2","0"
"1","Horita_2018_isoniazid","isoniazid","0","8","0.844093","ug/mL","1050","mg","2","0"
"1","Horita_2018_isoniazid","isoniazid","0","12","0.241493","ug/mL","1050","mg","2","0"
"2","Horita_2018_isoniazid","isoniazid","1","0",".","ug/mL","1050","mg","2","."
"2","Horita_2018_isoniazid","isoniazid","0","0","0","ug/mL","1050","mg","2","0"
"2","Horita_2018_isoniazid","isoniazid","0","0.25","6.631376","ug/mL","1050","mg","2","0"
"2","Horita_2018_isoniazid","isoniazid","0","0.5","4.316739","ug/mL","1050","mg","2","0"
"2","Horita_2018_isoniazid","isoniazid","0","1","10.165407","ug/mL","1050","mg","2","0"
"2","Horita_2018_isoniazid","isoniazid","0","2","4.573304","ug/mL","1050","mg","2","0"
"2","Horita_2018_isoniazid","isoniazid","0","4","3.27342","ug/mL","1050","mg","2","0"
"2","Horita_2018_isoniazid","isoniazid","0","6","3.055387","ug/mL","1050","mg","2","0"
"2","Horita_2018_isoniazid","isoniazid","0","8","3.065261","ug/mL","1050","mg","2","0"
"2","Horita_2018_isoniazid","isoniazid","0","12","1.082253","ug/mL","1050","mg","2","0"
"3","Horita_2018_isoniazid","isoniazid","1","0",".","ug/mL","1050","mg","2","."
"3","Horita_2018_isoniazid","isoniazid","0","0","0","ug/mL","1050","mg","2","0"
"3","Horita_2018_isoniazid","isoniazid","0","0.25","8.522092","ug/mL","1050","mg","2","0"
"3","Horita_2018_isoniazid","isoniazid","0","0.5","12.375593","ug/mL","1050","mg","2","0"
"3","Horita_2018_isoniazid","isoniazid","0","1","8.06454","ug/mL","1050","mg","2","0"
"3","Horita_2018_isoniazid","isoniazid","0","2","3.632486","ug/mL","1050","mg","2","0"
"3","Horita_2018_isoniazid","isoniazid","0","4","1.005838","ug/mL","1050","mg","2","0"
"3","Horita_2018_isoniazid","isoniazid","0","6","0.924506","ug/mL","1050","mg","2","0"
"3","Horita_2018_isoniazid","isoniazid","0","8","1.01577","ug/mL","1050","mg","2","0"
"3","Horita_2018_isoniazid","isoniazid","0","12","0.945179","ug/mL","1050","mg","2","0"
"4","Horita_2018_isoniazid","isoniazid","1","0",".","ug/mL","1050","mg","2","."
"4","Horita_2018_isoniazid","isoniazid","0","0","0","ug/mL","1050","mg","2","0"
"4","Horita_2018_isoniazid","isoniazid","0","0.25","7.139845","ug/mL","1050","mg","2","0"
"4","Horita_2018_isoniazid","isoniazid","0","0.5","6.562545","ug/mL","1050","mg","2","0"
"4","Horita_2018_isoniazid","isoniazid","0","1","7.781118","ug/mL","1050","mg","2","0"
"4","Horita_2018_isoniazid","isoniazid","0","2","6.221912","ug/mL","1050","mg","2","0"
"4","Horita_2018_isoniazid","isoniazid","0","4","3.234878","ug/mL","1050","mg","2","0"
"4","Horita_2018_isoniazid","isoniazid","0","6","2.617188","ug/mL","1050","mg","2","0"
"4","Horita_2018_isoniazid","isoniazid","0","8","1.734306","ug/mL","1050","mg","2","0"
"4","Horita_2018_isoniazid","isoniazid","0","12","0.557356","ug/mL","1050","mg","2","0"
"5","Horita_2018_isoniazid","isoniazid","1","0",".","ug/mL","1050","mg","2","."
"5","Horita_2018_isoniazid","isoniazid","0","0","0","ug/mL","1050","mg","2","0"
"5","Horita_2018_isoniazid","isoniazid","0","0.25","13.562201","ug/mL","1050","mg","2","0"
"5","Horita_2018_isoniazid","isoniazid","0","0.5","8.489241","ug/mL","1050","mg","2","0"
"5","Horita_2018_isoniazid","isoniazid","0","1","9.01997","ug/mL","1050","mg","2","0"
"5","Horita_2018_isoniazid","isoniazid","0","2","5.965559","ug/mL","1050","mg","2","0"
"5","Horita_2018_isoniazid","isoniazid","0","4","3.387066","ug/mL","1050","mg","2","0"
"5","Horita_2018_isoniazid","isoniazid","0","6","1.545903","ug/mL","1050","mg","2","0"
"5","Horita_2018_isoniazid","isoniazid","0","8","0.501609","ug/mL","1050","mg","2","0"
"5","Horita_2018_isoniazid","isoniazid","0","12","0.255006","ug/mL","1050","mg","2","0"
"6","Horita_2018_isoniazid","isoniazid","1","0",".","ug/mL","1050","mg","2","."
"6","Horita_2018_isoniazid","isoniazid","0","0","0","ug/mL","1050","mg","2","0"
"6","Horita_2018_isoniazid","isoniazid","0","0.25","5.791258","ug/mL","1050","mg","2","0"
"6","Horita_2018_isoniazid","isoniazid","0","0.5","7.833719","ug/mL","1050","mg","2","0"
"6","Horita_2018_isoniazid","isoniazid","0","1","7.940665","ug/mL","1050","mg","2","0"
"6","Horita_2018_isoniazid","isoniazid","0","2","6.870639","ug/mL","1050","mg","2","0"
"6","Horita_2018_isoniazid","isoniazid","0","4","3.009398","ug/mL","1050","mg","2","0"
"6","Horita_2018_isoniazid","isoniazid","0","6","1.296224","ug/mL","1050","mg","2","0"
"6","Horita_2018_isoniazid","isoniazid","0","8","0.978143","ug/mL","1050","mg","2","0"
"6","Horita_2018_isoniazid","isoniazid","0","12","0.222653","ug/mL","1050","mg","2","0"
"7","Horita_2018_isoniazid","isoniazid","1","0",".","ug/mL","1050","mg","2","."
"7","Horita_2018_isoniazid","isoniazid","0","0","0","ug/mL","1050","mg","2","0"
"7","Horita_2018_isoniazid","isoniazid","0","0.25","8.35532","ug/mL","1050","mg","2","0"
"7","Horita_2018_isoniazid","isoniazid","0","0.5","11.395951","ug/mL","1050","mg","2","0"
"7","Horita_2018_isoniazid","isoniazid","0","1","10.504245","ug/mL","1050","mg","2","0"
"7","Horita_2018_isoniazid","isoniazid","0","2","4.645984","ug/mL","1050","mg","2","0"
"7","Horita_2018_isoniazid","isoniazid","0","4","3.006695","ug/mL","1050","mg","2","0"
"7","Horita_2018_isoniazid","isoniazid","0","6","1.862077","ug/mL","1050","mg","2","0"
"7","Horita_2018_isoniazid","isoniazid","0","8","1.010042","ug/mL","1050","mg","2","0"
"7","Horita_2018_isoniazid","isoniazid","0","12","0.192943","ug/mL","1050","mg","2","0"
"8","Horita_2018_isoniazid","isoniazid","1","0",".","ug/mL","1050","mg","2","."
"8","Horita_2018_isoniazid","isoniazid","0","0","0","ug/mL","1050","mg","2","0"
"8","Horita_2018_isoniazid","isoniazid","0","0.25","8.171885","ug/mL","1050","mg","2","0"
"8","Horita_2018_isoniazid","isoniazid","0","0.5","10.776723","ug/mL","1050","mg","2","0"
"8","Horita_2018_isoniazid","isoniazid","0","1","8.531958","ug/mL","1050","mg","2","0"
"8","Horita_2018_isoniazid","isoniazid","0","2","8.698771","ug/mL","1050","mg","2","0"
"8","Horita_2018_isoniazid","isoniazid","0","4","7.837299","ug/mL","1050","mg","2","0"
"8","Horita_2018_isoniazid","isoniazid","0","6","4.625361","ug/mL","1050","mg","2","0"
"8","Horita_2018_isoniazid","isoniazid","0","8","3.878713","ug/mL","1050","mg","2","0"
"8","Horita_2018_isoniazid","isoniazid","0","12","2.770876","ug/mL","1050","mg","2","0"
"9","Horita_2018_isoniazid","isoniazid","1","0",".","ug/mL","1050","mg","2","."
"9","Horita_2018_isoniazid","isoniazid","0","0","0","ug/mL","1050","mg","2","0"
"9","Horita_2018_isoniazid","isoniazid","0","0.25","9.245401","ug/mL","1050","mg","2","0"
"9","Horita_2018_isoniazid","isoniazid","0","0.5","6.587779","ug/mL","1050","mg","2","0"
"9","Horita_2018_isoniazid","isoniazid","0","1","5.918794","ug/mL","1050","mg","2","0"
"9","Horita_2018_isoniazid","isoniazid","0","2","2.909991","ug/mL","1050","mg","2","0"
"9","Horita_2018_isoniazid","isoniazid","0","4","1.028697","ug/mL","1050","mg","2","0"
"9","Horita_2018_isoniazid","isoniazid","0","6","0.293257","ug/mL","1050","mg","2","0"
"9","Horita_2018_isoniazid","isoniazid","0","8","0.141583","ug/mL","1050","mg","2","0"
"9","Horita_2018_isoniazid","isoniazid","0","12","0","ug/mL","1050","mg","2","1"
"10","Horita_2018_isoniazid","isoniazid","1","0",".","ug/mL","1050","mg","2","."
"10","Horita_2018_isoniazid","isoniazid","0","0","0","ug/mL","1050","mg","2","0"
"10","Horita_2018_isoniazid","isoniazid","0","0.25","7.768001","ug/mL","1050","mg","2","0"
"10","Horita_2018_isoniazid","isoniazid","0","0.5","8.197456","ug/mL","1050","mg","2","0"
"10","Horita_2018_isoniazid","isoniazid","0","1","5.888065","ug/mL","1050","mg","2","0"
"10","Horita_2018_isoniazid","isoniazid","0","2","4.994367","ug/mL","1050","mg","2","0"
"10","Horita_2018_isoniazid","isoniazid","0","4","4.254919","ug/mL","1050","mg","2","0"
"10","Horita_2018_isoniazid","isoniazid","0","6","2.22135","ug/mL","1050","mg","2","0"
"10","Horita_2018_isoniazid","isoniazid","0","8","1.31571","ug/mL","1050","mg","2","0"
"10","Horita_2018_isoniazid","isoniazid","0","12","0.632871","ug/mL","1050","mg","2","0"
"1","Gupta_2017_ixazomib","ixazomib","1","0",".","ng/mL","10.6","mg","2","."
"1","Gupta_2017_ixazomib","ixazomib","0","0","0","ng/mL","10.6","mg","2","0"
"1","Gupta_2017_ixazomib","ixazomib","0","1","43.524886","ng/mL","10.6","mg","2","0"
"1","Gupta_2017_ixazomib","ixazomib","0","2","20.782814","ng/mL","10.6","mg","2","0"
"1","Gupta_2017_ixazomib","ixazomib","0","4","3.523588","ng/mL","10.6","mg","2","0"
"1","Gupta_2017_ixazomib","ixazomib","0","8","8.667874","ng/mL","10.6","mg","2","0"
"1","Gupta_2017_ixazomib","ixazomib","0","24","4.695675","ng/mL","10.6","mg","2","0"
"1","Gupta_2017_ixazomib","ixazomib","0","48","4.879205","ng/mL","10.6","mg","2","0"
"1","Gupta_2017_ixazomib","ixazomib","0","72","0","ng/mL","10.6","mg","2","1"
"1","Gupta_2017_ixazomib","ixazomib","0","96","4.820233","ng/mL","10.6","mg","2","0"
"1","Gupta_2017_ixazomib","ixazomib","0","120","4.67854","ng/mL","10.6","mg","2","0"
"1","Gupta_2017_ixazomib","ixazomib","0","168","2.721027","ng/mL","10.6","mg","2","0"
"1","Gupta_2017_ixazomib","ixazomib","0","336","1.281983","ng/mL","10.6","mg","2","0"
"1","Gupta_2017_ixazomib","ixazomib","0","504","2.707875","ng/mL","10.6","mg","2","0"
"1","Gupta_2017_ixazomib","ixazomib","0","672","1.213891","ng/mL","10.6","mg","2","0"
"1","Gupta_2017_ixazomib","ixazomib","0","802","1.514166","ng/mL","10.6","mg","2","0"
"2","Gupta_2017_ixazomib","ixazomib","1","0",".","ng/mL","10.6","mg","2","."
"2","Gupta_2017_ixazomib","ixazomib","0","0","0","ng/mL","10.6","mg","2","0"
"2","Gupta_2017_ixazomib","ixazomib","0","1","83.820579","ng/mL","10.6","mg","2","0"
"2","Gupta_2017_ixazomib","ixazomib","0","2","45.567964","ng/mL","10.6","mg","2","0"
"2","Gupta_2017_ixazomib","ixazomib","0","4","17.921625","ng/mL","10.6","mg","2","0"
"2","Gupta_2017_ixazomib","ixazomib","0","8","13.090386","ng/mL","10.6","mg","2","0"
"2","Gupta_2017_ixazomib","ixazomib","0","24","12.763514","ng/mL","10.6","mg","2","0"
"2","Gupta_2017_ixazomib","ixazomib","0","48","3.477224","ng/mL","10.6","mg","2","0"
"2","Gupta_2017_ixazomib","ixazomib","0","72","4.715631","ng/mL","10.6","mg","2","0"
"2","Gupta_2017_ixazomib","ixazomib","0","96","6.910226","ng/mL","10.6","mg","2","0"
"2","Gupta_2017_ixazomib","ixazomib","0","120","6.192674","ng/mL","10.6","mg","2","0"
"2","Gupta_2017_ixazomib","ixazomib","0","168","3.780742","ng/mL","10.6","mg","2","0"
"2","Gupta_2017_ixazomib","ixazomib","0","336","1.428519","ng/mL","10.6","mg","2","0"
"2","Gupta_2017_ixazomib","ixazomib","0","504","1.496134","ng/mL","10.6","mg","2","0"
"2","Gupta_2017_ixazomib","ixazomib","0","672","0","ng/mL","10.6","mg","2","1"
"2","Gupta_2017_ixazomib","ixazomib","0","802","0.583324","ng/mL","10.6","mg","2","0"
"3","Gupta_2017_ixazomib","ixazomib","1","0",".","ng/mL","10.6","mg","2","."
"3","Gupta_2017_ixazomib","ixazomib","0","0","0","ng/mL","10.6","mg","2","0"
"3","Gupta_2017_ixazomib","ixazomib","0","1","49.298034","ng/mL","10.6","mg","2","0"
"3","Gupta_2017_ixazomib","ixazomib","0","2","89.653642","ng/mL","10.6","mg","2","0"
"3","Gupta_2017_ixazomib","ixazomib","0","4","0","ng/mL","10.6","mg","2","1"
"3","Gupta_2017_ixazomib","ixazomib","0","8","28.082341","ng/mL","10.6","mg","2","0"
"3","Gupta_2017_ixazomib","ixazomib","0","24","20.546855","ng/mL","10.6","mg","2","0"
"3","Gupta_2017_ixazomib","ixazomib","0","48","3.046131","ng/mL","10.6","mg","2","0"
"3","Gupta_2017_ixazomib","ixazomib","0","72","9.657331","ng/mL","10.6","mg","2","0"
"3","Gupta_2017_ixazomib","ixazomib","0","96","8.368587","ng/mL","10.6","mg","2","0"
"3","Gupta_2017_ixazomib","ixazomib","0","120","7.69834","ng/mL","10.6","mg","2","0"
"3","Gupta_2017_ixazomib","ixazomib","0","168","2.76801","ng/mL","10.6","mg","2","0"
"3","Gupta_2017_ixazomib","ixazomib","0","336","3.436319","ng/mL","10.6","mg","2","0"
"3","Gupta_2017_ixazomib","ixazomib","0","504","2.122881","ng/mL","10.6","mg","2","0"
"3","Gupta_2017_ixazomib","ixazomib","0","672","3.210565","ng/mL","10.6","mg","2","0"
"3","Gupta_2017_ixazomib","ixazomib","0","802","0.348503","ng/mL","10.6","mg","2","0"
"4","Gupta_2017_ixazomib","ixazomib","1","0",".","ng/mL","10.6","mg","2","."
"4","Gupta_2017_ixazomib","ixazomib","0","0","0","ng/mL","10.6","mg","2","0"
"4","Gupta_2017_ixazomib","ixazomib","0","1","0","ng/mL","10.6","mg","2","1"
"4","Gupta_2017_ixazomib","ixazomib","0","2","8.131129","ng/mL","10.6","mg","2","0"
"4","Gupta_2017_ixazomib","ixazomib","0","4","20.122885","ng/mL","10.6","mg","2","0"
"4","Gupta_2017_ixazomib","ixazomib","0","8","13.029628","ng/mL","10.6","mg","2","0"
"4","Gupta_2017_ixazomib","ixazomib","0","24","8.146471","ng/mL","10.6","mg","2","0"
"4","Gupta_2017_ixazomib","ixazomib","0","48","6.446244","ng/mL","10.6","mg","2","0"
"4","Gupta_2017_ixazomib","ixazomib","0","72","2.952493","ng/mL","10.6","mg","2","0"
"4","Gupta_2017_ixazomib","ixazomib","0","96","4.256849","ng/mL","10.6","mg","2","0"
"4","Gupta_2017_ixazomib","ixazomib","0","120","4.850897","ng/mL","10.6","mg","2","0"
"4","Gupta_2017_ixazomib","ixazomib","0","168","1.57082","ng/mL","10.6","mg","2","0"
"4","Gupta_2017_ixazomib","ixazomib","0","336","1.152611","ng/mL","10.6","mg","2","0"
"4","Gupta_2017_ixazomib","ixazomib","0","504","1.833439","ng/mL","10.6","mg","2","0"
"4","Gupta_2017_ixazomib","ixazomib","0","672","1.893539","ng/mL","10.6","mg","2","0"
"4","Gupta_2017_ixazomib","ixazomib","0","802","1.9438","ng/mL","10.6","mg","2","0"
"5","Gupta_2017_ixazomib","ixazomib","1","0",".","ng/mL","10.6","mg","2","."
"5","Gupta_2017_ixazomib","ixazomib","0","0","0","ng/mL","10.6","mg","2","0"
"5","Gupta_2017_ixazomib","ixazomib","0","1","0","ng/mL","10.6","mg","2","1"
"5","Gupta_2017_ixazomib","ixazomib","0","2","19.437041","ng/mL","10.6","mg","2","0"
"5","Gupta_2017_ixazomib","ixazomib","0","4","11.584075","ng/mL","10.6","mg","2","0"
"5","Gupta_2017_ixazomib","ixazomib","0","8","16.789727","ng/mL","10.6","mg","2","0"
"5","Gupta_2017_ixazomib","ixazomib","0","24","9.372572","ng/mL","10.6","mg","2","0"
"5","Gupta_2017_ixazomib","ixazomib","0","48","5.920667","ng/mL","10.6","mg","2","0"
"5","Gupta_2017_ixazomib","ixazomib","0","72","5.826373","ng/mL","10.6","mg","2","0"
"5","Gupta_2017_ixazomib","ixazomib","0","96","3.813804","ng/mL","10.6","mg","2","0"
"5","Gupta_2017_ixazomib","ixazomib","0","120","0.006564","ng/mL","10.6","mg","2","0"
"5","Gupta_2017_ixazomib","ixazomib","0","168","4.15403","ng/mL","10.6","mg","2","0"
"5","Gupta_2017_ixazomib","ixazomib","0","336","2.090503","ng/mL","10.6","mg","2","0"
"5","Gupta_2017_ixazomib","ixazomib","0","504","0","ng/mL","10.6","mg","2","1"
"5","Gupta_2017_ixazomib","ixazomib","0","672","1.819788","ng/mL","10.6","mg","2","0"
"5","Gupta_2017_ixazomib","ixazomib","0","802","0.540911","ng/mL","10.6","mg","2","0"
"6","Gupta_2017_ixazomib","ixazomib","1","0",".","ng/mL","10.6","mg","2","."
"6","Gupta_2017_ixazomib","ixazomib","0","0","0","ng/mL","10.6","mg","2","0"
"6","Gupta_2017_ixazomib","ixazomib","0","1","35.028529","ng/mL","10.6","mg","2","0"
"6","Gupta_2017_ixazomib","ixazomib","0","2","212.798273","ng/mL","10.6","mg","2","0"
"6","Gupta_2017_ixazomib","ixazomib","0","4","88.14656","ng/mL","10.6","mg","2","0"
"6","Gupta_2017_ixazomib","ixazomib","0","8","24.340135","ng/mL","10.6","mg","2","0"
"6","Gupta_2017_ixazomib","ixazomib","0","24","32.851793","ng/mL","10.6","mg","2","0"
"6","Gupta_2017_ixazomib","ixazomib","0","48","13.344183","ng/mL","10.6","mg","2","0"
"6","Gupta_2017_ixazomib","ixazomib","0","72","9.171943","ng/mL","10.6","mg","2","0"
"6","Gupta_2017_ixazomib","ixazomib","0","96","12.749756","ng/mL","10.6","mg","2","0"
"6","Gupta_2017_ixazomib","ixazomib","0","120","9.89182","ng/mL","10.6","mg","2","0"
"6","Gupta_2017_ixazomib","ixazomib","0","168","5.641163","ng/mL","10.6","mg","2","0"
"6","Gupta_2017_ixazomib","ixazomib","0","336","2.946506","ng/mL","10.6","mg","2","0"
"6","Gupta_2017_ixazomib","ixazomib","0","504","1.486746","ng/mL","10.6","mg","2","0"
"6","Gupta_2017_ixazomib","ixazomib","0","672","0.295959","ng/mL","10.6","mg","2","0"
"6","Gupta_2017_ixazomib","ixazomib","0","802","0.333681","ng/mL","10.6","mg","2","0"
"7","Gupta_2017_ixazomib","ixazomib","1","0",".","ng/mL","10.6","mg","2","."
"7","Gupta_2017_ixazomib","ixazomib","0","0","0","ng/mL","10.6","mg","2","0"
"7","Gupta_2017_ixazomib","ixazomib","0","1","0","ng/mL","10.6","mg","2","1"
"7","Gupta_2017_ixazomib","ixazomib","0","2","90.921438","ng/mL","10.6","mg","2","0"
"7","Gupta_2017_ixazomib","ixazomib","0","4","67.356414","ng/mL","10.6","mg","2","0"
"7","Gupta_2017_ixazomib","ixazomib","0","8","51.81688","ng/mL","10.6","mg","2","0"
"7","Gupta_2017_ixazomib","ixazomib","0","24","22.312973","ng/mL","10.6","mg","2","0"
"7","Gupta_2017_ixazomib","ixazomib","0","48","10.388181","ng/mL","10.6","mg","2","0"
"7","Gupta_2017_ixazomib","ixazomib","0","72","9.916052","ng/mL","10.6","mg","2","0"
"7","Gupta_2017_ixazomib","ixazomib","0","96","4.320283","ng/mL","10.6","mg","2","0"
"7","Gupta_2017_ixazomib","ixazomib","0","120","13.532901","ng/mL","10.6","mg","2","0"
"7","Gupta_2017_ixazomib","ixazomib","0","168","8.612592","ng/mL","10.6","mg","2","0"
"7","Gupta_2017_ixazomib","ixazomib","0","336","4.345713","ng/mL","10.6","mg","2","0"
"7","Gupta_2017_ixazomib","ixazomib","0","504","2.306163","ng/mL","10.6","mg","2","0"
"7","Gupta_2017_ixazomib","ixazomib","0","672","1.191766","ng/mL","10.6","mg","2","0"
"7","Gupta_2017_ixazomib","ixazomib","0","802","0.882726","ng/mL","10.6","mg","2","0"
"8","Gupta_2017_ixazomib","ixazomib","1","0",".","ng/mL","10.6","mg","2","."
"8","Gupta_2017_ixazomib","ixazomib","0","0","0","ng/mL","10.6","mg","2","0"
"8","Gupta_2017_ixazomib","ixazomib","0","1","19.59882","ng/mL","10.6","mg","2","0"
"8","Gupta_2017_ixazomib","ixazomib","0","2","14.237544","ng/mL","10.6","mg","2","0"
"8","Gupta_2017_ixazomib","ixazomib","0","4","83.696373","ng/mL","10.6","mg","2","0"
"8","Gupta_2017_ixazomib","ixazomib","0","8","14.77226","ng/mL","10.6","mg","2","0"
"8","Gupta_2017_ixazomib","ixazomib","0","24","13.43588","ng/mL","10.6","mg","2","0"
"8","Gupta_2017_ixazomib","ixazomib","0","48","10.759767","ng/mL","10.6","mg","2","0"
"8","Gupta_2017_ixazomib","ixazomib","0","72","2.493844","ng/mL","10.6","mg","2","0"
"8","Gupta_2017_ixazomib","ixazomib","0","96","6.8834","ng/mL","10.6","mg","2","0"
"8","Gupta_2017_ixazomib","ixazomib","0","120","12.096229","ng/mL","10.6","mg","2","0"
"8","Gupta_2017_ixazomib","ixazomib","0","168","15.422505","ng/mL","10.6","mg","2","0"
"8","Gupta_2017_ixazomib","ixazomib","0","336","4.16104","ng/mL","10.6","mg","2","0"
"8","Gupta_2017_ixazomib","ixazomib","0","504","7.225719","ng/mL","10.6","mg","2","0"
"8","Gupta_2017_ixazomib","ixazomib","0","672","1.453182","ng/mL","10.6","mg","2","0"
"8","Gupta_2017_ixazomib","ixazomib","0","802","1.983524","ng/mL","10.6","mg","2","0"
"9","Gupta_2017_ixazomib","ixazomib","1","0",".","ng/mL","10.6","mg","2","."
"9","Gupta_2017_ixazomib","ixazomib","0","0","0","ng/mL","10.6","mg","2","0"
"9","Gupta_2017_ixazomib","ixazomib","0","1","111.272417","ng/mL","10.6","mg","2","0"
"9","Gupta_2017_ixazomib","ixazomib","0","2","99.039634","ng/mL","10.6","mg","2","0"
"9","Gupta_2017_ixazomib","ixazomib","0","4","114.056248","ng/mL","10.6","mg","2","0"
"9","Gupta_2017_ixazomib","ixazomib","0","8","50.087381","ng/mL","10.6","mg","2","0"
"9","Gupta_2017_ixazomib","ixazomib","0","24","25.927509","ng/mL","10.6","mg","2","0"
"9","Gupta_2017_ixazomib","ixazomib","0","48","14.370445","ng/mL","10.6","mg","2","0"
"9","Gupta_2017_ixazomib","ixazomib","0","72","3.634413","ng/mL","10.6","mg","2","0"
"9","Gupta_2017_ixazomib","ixazomib","0","96","7.833059","ng/mL","10.6","mg","2","0"
"9","Gupta_2017_ixazomib","ixazomib","0","120","10.8852","ng/mL","10.6","mg","2","0"
"9","Gupta_2017_ixazomib","ixazomib","0","168","8.68826","ng/mL","10.6","mg","2","0"
"9","Gupta_2017_ixazomib","ixazomib","0","336","1.867021","ng/mL","10.6","mg","2","0"
"9","Gupta_2017_ixazomib","ixazomib","0","504","0.949836","ng/mL","10.6","mg","2","0"
"9","Gupta_2017_ixazomib","ixazomib","0","672","0.547975","ng/mL","10.6","mg","2","0"
"9","Gupta_2017_ixazomib","ixazomib","0","802","0.321595","ng/mL","10.6","mg","2","0"
"10","Gupta_2017_ixazomib","ixazomib","1","0",".","ng/mL","10.6","mg","2","."
"10","Gupta_2017_ixazomib","ixazomib","0","0","0","ng/mL","10.6","mg","2","0"
"10","Gupta_2017_ixazomib","ixazomib","0","1","10.233818","ng/mL","10.6","mg","2","0"
"10","Gupta_2017_ixazomib","ixazomib","0","2","66.380984","ng/mL","10.6","mg","2","0"
"10","Gupta_2017_ixazomib","ixazomib","0","4","78.019713","ng/mL","10.6","mg","2","0"
"10","Gupta_2017_ixazomib","ixazomib","0","8","89.676928","ng/mL","10.6","mg","2","0"
"10","Gupta_2017_ixazomib","ixazomib","0","24","9.714435","ng/mL","10.6","mg","2","0"
"10","Gupta_2017_ixazomib","ixazomib","0","48","0","ng/mL","10.6","mg","2","1"
"10","Gupta_2017_ixazomib","ixazomib","0","72","12.800763","ng/mL","10.6","mg","2","0"
"10","Gupta_2017_ixazomib","ixazomib","0","96","18.93453","ng/mL","10.6","mg","2","0"
"10","Gupta_2017_ixazomib","ixazomib","0","120","1.519613","ng/mL","10.6","mg","2","0"
"10","Gupta_2017_ixazomib","ixazomib","0","168","12.071371","ng/mL","10.6","mg","2","0"
"10","Gupta_2017_ixazomib","ixazomib","0","336","8.332118","ng/mL","10.6","mg","2","0"
"10","Gupta_2017_ixazomib","ixazomib","0","504","1.085393","ng/mL","10.6","mg","2","0"
"10","Gupta_2017_ixazomib","ixazomib","0","672","1.954899","ng/mL","10.6","mg","2","0"
"10","Gupta_2017_ixazomib","ixazomib","0","802","0.458954","ng/mL","10.6","mg","2","0"
"1","Gupta_2016_lenvatinib","lenvatinib","1","0",".","ng/mL","32","mg","2","."
"1","Gupta_2016_lenvatinib","lenvatinib","0","0","0","ng/mL","32","mg","2","0"
"1","Gupta_2016_lenvatinib","lenvatinib","0","1","147.988988","ng/mL","32","mg","2","0"
"1","Gupta_2016_lenvatinib","lenvatinib","0","2","184.133523","ng/mL","32","mg","2","0"
"1","Gupta_2016_lenvatinib","lenvatinib","0","4","85.843567","ng/mL","32","mg","2","0"
"1","Gupta_2016_lenvatinib","lenvatinib","0","8","88.309182","ng/mL","32","mg","2","0"
"1","Gupta_2016_lenvatinib","lenvatinib","0","24","47.817472","ng/mL","32","mg","2","0"
"1","Gupta_2016_lenvatinib","lenvatinib","0","48","9.885905","ng/mL","32","mg","2","0"
"1","Gupta_2016_lenvatinib","lenvatinib","0","72","2.978289","ng/mL","32","mg","2","0"
"1","Gupta_2016_lenvatinib","lenvatinib","0","96","9.702325","ng/mL","32","mg","2","0"
"1","Gupta_2016_lenvatinib","lenvatinib","0","120","0","ng/mL","32","mg","2","1"
"1","Gupta_2016_lenvatinib","lenvatinib","0","168","0","ng/mL","32","mg","2","1"
"1","Gupta_2016_lenvatinib","lenvatinib","0","189","0","ng/mL","32","mg","2","1"
"2","Gupta_2016_lenvatinib","lenvatinib","1","0",".","ng/mL","32","mg","2","."
"2","Gupta_2016_lenvatinib","lenvatinib","0","0","0","ng/mL","32","mg","2","0"
"2","Gupta_2016_lenvatinib","lenvatinib","0","1","154.865429","ng/mL","32","mg","2","0"
"2","Gupta_2016_lenvatinib","lenvatinib","0","2","147.268401","ng/mL","32","mg","2","0"
"2","Gupta_2016_lenvatinib","lenvatinib","0","4","180.98804","ng/mL","32","mg","2","0"
"2","Gupta_2016_lenvatinib","lenvatinib","0","8","120.828876","ng/mL","32","mg","2","0"
"2","Gupta_2016_lenvatinib","lenvatinib","0","24","51.041059","ng/mL","32","mg","2","0"
"2","Gupta_2016_lenvatinib","lenvatinib","0","48","19.29122","ng/mL","32","mg","2","0"
"2","Gupta_2016_lenvatinib","lenvatinib","0","72","22.504327","ng/mL","32","mg","2","0"
"2","Gupta_2016_lenvatinib","lenvatinib","0","96","4.573102","ng/mL","32","mg","2","0"
"2","Gupta_2016_lenvatinib","lenvatinib","0","120","0.766533","ng/mL","32","mg","2","0"
"2","Gupta_2016_lenvatinib","lenvatinib","0","168","6.000722","ng/mL","32","mg","2","0"
"2","Gupta_2016_lenvatinib","lenvatinib","0","189","0","ng/mL","32","mg","2","1"
"3","Gupta_2016_lenvatinib","lenvatinib","1","0",".","ng/mL","32","mg","2","."
"3","Gupta_2016_lenvatinib","lenvatinib","0","0","0","ng/mL","32","mg","2","0"
"3","Gupta_2016_lenvatinib","lenvatinib","0","1","201.884072","ng/mL","32","mg","2","0"
"3","Gupta_2016_lenvatinib","lenvatinib","0","2","127.675608","ng/mL","32","mg","2","0"
"3","Gupta_2016_lenvatinib","lenvatinib","0","4","158.687684","ng/mL","32","mg","2","0"
"3","Gupta_2016_lenvatinib","lenvatinib","0","8","83.475879","ng/mL","32","mg","2","0"
"3","Gupta_2016_lenvatinib","lenvatinib","0","24","0","ng/mL","32","mg","2","1"
"3","Gupta_2016_lenvatinib","lenvatinib","0","48","3.958668","ng/mL","32","mg","2","0"
"3","Gupta_2016_lenvatinib","lenvatinib","0","72","3.544073","ng/mL","32","mg","2","0"
"3","Gupta_2016_lenvatinib","lenvatinib","0","96","0.934761","ng/mL","32","mg","2","0"
"3","Gupta_2016_lenvatinib","lenvatinib","0","120","0.813368","ng/mL","32","mg","2","0"
"3","Gupta_2016_lenvatinib","lenvatinib","0","168","0","ng/mL","32","mg","2","1"
"3","Gupta_2016_lenvatinib","lenvatinib","0","189","0","ng/mL","32","mg","2","1"
"4","Gupta_2016_lenvatinib","lenvatinib","1","0",".","ng/mL","32","mg","2","."
"4","Gupta_2016_lenvatinib","lenvatinib","0","0","0","ng/mL","32","mg","2","0"
"4","Gupta_2016_lenvatinib","lenvatinib","0","1","344.036339","ng/mL","32","mg","2","0"
"4","Gupta_2016_lenvatinib","lenvatinib","0","2","338.606991","ng/mL","32","mg","2","0"
"4","Gupta_2016_lenvatinib","lenvatinib","0","4","179.080938","ng/mL","32","mg","2","0"
"4","Gupta_2016_lenvatinib","lenvatinib","0","8","80.767082","ng/mL","32","mg","2","0"
"4","Gupta_2016_lenvatinib","lenvatinib","0","24","17.728102","ng/mL","32","mg","2","0"
"4","Gupta_2016_lenvatinib","lenvatinib","0","48","13.012089","ng/mL","32","mg","2","0"
"4","Gupta_2016_lenvatinib","lenvatinib","0","72","2.517254","ng/mL","32","mg","2","0"
"4","Gupta_2016_lenvatinib","lenvatinib","0","96","0","ng/mL","32","mg","2","1"
"4","Gupta_2016_lenvatinib","lenvatinib","0","120","3.248651","ng/mL","32","mg","2","0"
"4","Gupta_2016_lenvatinib","lenvatinib","0","168","0","ng/mL","32","mg","2","1"
"4","Gupta_2016_lenvatinib","lenvatinib","0","189","0","ng/mL","32","mg","2","1"
"5","Gupta_2016_lenvatinib","lenvatinib","1","0",".","ng/mL","32","mg","2","."
"5","Gupta_2016_lenvatinib","lenvatinib","0","0","0","ng/mL","32","mg","2","0"
"5","Gupta_2016_lenvatinib","lenvatinib","0","1","141.734529","ng/mL","32","mg","2","0"
"5","Gupta_2016_lenvatinib","lenvatinib","0","2","161.270578","ng/mL","32","mg","2","0"
"5","Gupta_2016_lenvatinib","lenvatinib","0","4","240.125662","ng/mL","32","mg","2","0"
"5","Gupta_2016_lenvatinib","lenvatinib","0","8","146.112298","ng/mL","32","mg","2","0"
"5","Gupta_2016_lenvatinib","lenvatinib","0","24","30.701749","ng/mL","32","mg","2","0"
"5","Gupta_2016_lenvatinib","lenvatinib","0","48","8.251663","ng/mL","32","mg","2","0"
"5","Gupta_2016_lenvatinib","lenvatinib","0","72","7.970026","ng/mL","32","mg","2","0"
"5","Gupta_2016_lenvatinib","lenvatinib","0","96","1.379025","ng/mL","32","mg","2","0"
"5","Gupta_2016_lenvatinib","lenvatinib","0","120","1.337059","ng/mL","32","mg","2","0"
"5","Gupta_2016_lenvatinib","lenvatinib","0","168","0.040841","ng/mL","32","mg","2","0"
"5","Gupta_2016_lenvatinib","lenvatinib","0","189","0","ng/mL","32","mg","2","1"
"6","Gupta_2016_lenvatinib","lenvatinib","1","0",".","ng/mL","32","mg","2","."
"6","Gupta_2016_lenvatinib","lenvatinib","0","0","0","ng/mL","32","mg","2","0"
"6","Gupta_2016_lenvatinib","lenvatinib","0","1","270.56937","ng/mL","32","mg","2","0"
"6","Gupta_2016_lenvatinib","lenvatinib","0","2","166.459992","ng/mL","32","mg","2","0"
"6","Gupta_2016_lenvatinib","lenvatinib","0","4","219.658436","ng/mL","32","mg","2","0"
"6","Gupta_2016_lenvatinib","lenvatinib","0","8","72.591322","ng/mL","32","mg","2","0"
"6","Gupta_2016_lenvatinib","lenvatinib","0","24","30.466673","ng/mL","32","mg","2","0"
"6","Gupta_2016_lenvatinib","lenvatinib","0","48","20.322248","ng/mL","32","mg","2","0"
"6","Gupta_2016_lenvatinib","lenvatinib","0","72","0","ng/mL","32","mg","2","1"
"6","Gupta_2016_lenvatinib","lenvatinib","0","96","0","ng/mL","32","mg","2","1"
"6","Gupta_2016_lenvatinib","lenvatinib","0","120","7.123396","ng/mL","32","mg","2","0"
"6","Gupta_2016_lenvatinib","lenvatinib","0","168","3.009572","ng/mL","32","mg","2","0"
"6","Gupta_2016_lenvatinib","lenvatinib","0","189","0","ng/mL","32","mg","2","1"
"7","Gupta_2016_lenvatinib","lenvatinib","1","0",".","ng/mL","32","mg","2","."
"7","Gupta_2016_lenvatinib","lenvatinib","0","0","0","ng/mL","32","mg","2","0"
"7","Gupta_2016_lenvatinib","lenvatinib","0","1","174.617161","ng/mL","32","mg","2","0"
"7","Gupta_2016_lenvatinib","lenvatinib","0","2","300.401341","ng/mL","32","mg","2","0"
"7","Gupta_2016_lenvatinib","lenvatinib","0","4","112.022974","ng/mL","32","mg","2","0"
"7","Gupta_2016_lenvatinib","lenvatinib","0","8","26.817357","ng/mL","32","mg","2","0"
"7","Gupta_2016_lenvatinib","lenvatinib","0","24","0","ng/mL","32","mg","2","1"
"7","Gupta_2016_lenvatinib","lenvatinib","0","48","0","ng/mL","32","mg","2","1"
"7","Gupta_2016_lenvatinib","lenvatinib","0","72","8.763412","ng/mL","32","mg","2","0"
"7","Gupta_2016_lenvatinib","lenvatinib","0","96","0","ng/mL","32","mg","2","1"
"7","Gupta_2016_lenvatinib","lenvatinib","0","120","6.852729","ng/mL","32","mg","2","0"
"7","Gupta_2016_lenvatinib","lenvatinib","0","168","1.222874","ng/mL","32","mg","2","0"
"7","Gupta_2016_lenvatinib","lenvatinib","0","189","0","ng/mL","32","mg","2","1"
"8","Gupta_2016_lenvatinib","lenvatinib","1","0",".","ng/mL","32","mg","2","."
"8","Gupta_2016_lenvatinib","lenvatinib","0","0","0","ng/mL","32","mg","2","0"
"8","Gupta_2016_lenvatinib","lenvatinib","0","1","214.393708","ng/mL","32","mg","2","0"
"8","Gupta_2016_lenvatinib","lenvatinib","0","2","202.284244","ng/mL","32","mg","2","0"
"8","Gupta_2016_lenvatinib","lenvatinib","0","4","26.898404","ng/mL","32","mg","2","0"
"8","Gupta_2016_lenvatinib","lenvatinib","0","8","181.160648","ng/mL","32","mg","2","0"
"8","Gupta_2016_lenvatinib","lenvatinib","0","24","11.017838","ng/mL","32","mg","2","0"
"8","Gupta_2016_lenvatinib","lenvatinib","0","48","1.992312","ng/mL","32","mg","2","0"
"8","Gupta_2016_lenvatinib","lenvatinib","0","72","5.903368","ng/mL","32","mg","2","0"
"8","Gupta_2016_lenvatinib","lenvatinib","0","96","3.519275","ng/mL","32","mg","2","0"
"8","Gupta_2016_lenvatinib","lenvatinib","0","120","0","ng/mL","32","mg","2","1"
"8","Gupta_2016_lenvatinib","lenvatinib","0","168","10.257346","ng/mL","32","mg","2","0"
"8","Gupta_2016_lenvatinib","lenvatinib","0","189","6.95341","ng/mL","32","mg","2","0"
"9","Gupta_2016_lenvatinib","lenvatinib","1","0",".","ng/mL","32","mg","2","."
"9","Gupta_2016_lenvatinib","lenvatinib","0","0","0","ng/mL","32","mg","2","0"
"9","Gupta_2016_lenvatinib","lenvatinib","0","1","153.406422","ng/mL","32","mg","2","0"
"9","Gupta_2016_lenvatinib","lenvatinib","0","2","197.86837","ng/mL","32","mg","2","0"
"9","Gupta_2016_lenvatinib","lenvatinib","0","4","143.423768","ng/mL","32","mg","2","0"
"9","Gupta_2016_lenvatinib","lenvatinib","0","8","129.616424","ng/mL","32","mg","2","0"
"9","Gupta_2016_lenvatinib","lenvatinib","0","24","9.400938","ng/mL","32","mg","2","0"
"9","Gupta_2016_lenvatinib","lenvatinib","0","48","10.868786","ng/mL","32","mg","2","0"
"9","Gupta_2016_lenvatinib","lenvatinib","0","72","0.573931","ng/mL","32","mg","2","0"
"9","Gupta_2016_lenvatinib","lenvatinib","0","96","2.82437","ng/mL","32","mg","2","0"
"9","Gupta_2016_lenvatinib","lenvatinib","0","120","0","ng/mL","32","mg","2","1"
"9","Gupta_2016_lenvatinib","lenvatinib","0","168","5.681371","ng/mL","32","mg","2","0"
"9","Gupta_2016_lenvatinib","lenvatinib","0","189","5.207302","ng/mL","32","mg","2","0"
"10","Gupta_2016_lenvatinib","lenvatinib","1","0",".","ng/mL","32","mg","2","."
"10","Gupta_2016_lenvatinib","lenvatinib","0","0","0","ng/mL","32","mg","2","0"
"10","Gupta_2016_lenvatinib","lenvatinib","0","1","162.007941","ng/mL","32","mg","2","0"
"10","Gupta_2016_lenvatinib","lenvatinib","0","2","214.118459","ng/mL","32","mg","2","0"
"10","Gupta_2016_lenvatinib","lenvatinib","0","4","196.68348","ng/mL","32","mg","2","0"
"10","Gupta_2016_lenvatinib","lenvatinib","0","8","116.374375","ng/mL","32","mg","2","0"
"10","Gupta_2016_lenvatinib","lenvatinib","0","24","11.556196","ng/mL","32","mg","2","0"
"10","Gupta_2016_lenvatinib","lenvatinib","0","48","0","ng/mL","32","mg","2","1"
"10","Gupta_2016_lenvatinib","lenvatinib","0","72","5.810838","ng/mL","32","mg","2","0"
"10","Gupta_2016_lenvatinib","lenvatinib","0","96","0","ng/mL","32","mg","2","1"
"10","Gupta_2016_lenvatinib","lenvatinib","0","120","0","ng/mL","32","mg","2","1"
"10","Gupta_2016_lenvatinib","lenvatinib","0","168","14.116116","ng/mL","32","mg","2","0"
"10","Gupta_2016_lenvatinib","lenvatinib","0","189","0","ng/mL","32","mg","2","1"
"1","Denti_2018_levofloxacin","levofloxacin","1","0",".","mg/L","100","mg","2","."
"1","Denti_2018_levofloxacin","levofloxacin","0","0","0","mg/L","100","mg","2","0"
"1","Denti_2018_levofloxacin","levofloxacin","0","0.25","0","mg/L","100","mg","2","0"
"1","Denti_2018_levofloxacin","levofloxacin","0","0.5","0.362644","mg/L","100","mg","2","0"
"1","Denti_2018_levofloxacin","levofloxacin","0","1","0.668106","mg/L","100","mg","2","0"
"1","Denti_2018_levofloxacin","levofloxacin","0","2","0.697981","mg/L","100","mg","2","0"
"1","Denti_2018_levofloxacin","levofloxacin","0","4","0.514022","mg/L","100","mg","2","0"
"1","Denti_2018_levofloxacin","levofloxacin","0","6","0.306704","mg/L","100","mg","2","0"
"1","Denti_2018_levofloxacin","levofloxacin","0","8","0.143394","mg/L","100","mg","2","0"
"1","Denti_2018_levofloxacin","levofloxacin","0","12","0.083359","mg/L","100","mg","2","0"
"1","Denti_2018_levofloxacin","levofloxacin","0","24","0.032835","mg/L","100","mg","2","0"
"1","Denti_2018_levofloxacin","levofloxacin","0","34","0.016051","mg/L","100","mg","2","0"
"2","Denti_2018_levofloxacin","levofloxacin","1","0",".","mg/L","100","mg","2","."
"2","Denti_2018_levofloxacin","levofloxacin","0","0","0","mg/L","100","mg","2","0"
"2","Denti_2018_levofloxacin","levofloxacin","0","0.25","0","mg/L","100","mg","2","0"
"2","Denti_2018_levofloxacin","levofloxacin","0","0.5","0","mg/L","100","mg","2","0"
"2","Denti_2018_levofloxacin","levofloxacin","0","1","0.190412","mg/L","100","mg","2","0"
"2","Denti_2018_levofloxacin","levofloxacin","0","2","0.388364","mg/L","100","mg","2","0"
"2","Denti_2018_levofloxacin","levofloxacin","0","4","0.520916","mg/L","100","mg","2","0"
"2","Denti_2018_levofloxacin","levofloxacin","0","6","0.339573","mg/L","100","mg","2","0"
"2","Denti_2018_levofloxacin","levofloxacin","0","8","0.281692","mg/L","100","mg","2","0"
"2","Denti_2018_levofloxacin","levofloxacin","0","12","0.170255","mg/L","100","mg","2","0"
"2","Denti_2018_levofloxacin","levofloxacin","0","24","0","mg/L","100","mg","2","1"
"2","Denti_2018_levofloxacin","levofloxacin","0","34","0.001262","mg/L","100","mg","2","0"
"3","Denti_2018_levofloxacin","levofloxacin","1","0",".","mg/L","100","mg","2","."
"3","Denti_2018_levofloxacin","levofloxacin","0","0","0","mg/L","100","mg","2","0"
"3","Denti_2018_levofloxacin","levofloxacin","0","0.25","0","mg/L","100","mg","2","0"
"3","Denti_2018_levofloxacin","levofloxacin","0","0.5","0.144766","mg/L","100","mg","2","0"
"3","Denti_2018_levofloxacin","levofloxacin","0","1","0.43182","mg/L","100","mg","2","0"
"3","Denti_2018_levofloxacin","levofloxacin","0","2","0.494787","mg/L","100","mg","2","0"
"3","Denti_2018_levofloxacin","levofloxacin","0","4","0.407896","mg/L","100","mg","2","0"
"3","Denti_2018_levofloxacin","levofloxacin","0","6","0.263777","mg/L","100","mg","2","0"
"3","Denti_2018_levofloxacin","levofloxacin","0","8","0.155395","mg/L","100","mg","2","0"
"3","Denti_2018_levofloxacin","levofloxacin","0","12","0.083117","mg/L","100","mg","2","0"
"3","Denti_2018_levofloxacin","levofloxacin","0","24","0.026393","mg/L","100","mg","2","0"
"3","Denti_2018_levofloxacin","levofloxacin","0","34","0.012834","mg/L","100","mg","2","0"
"4","Denti_2018_levofloxacin","levofloxacin","1","0",".","mg/L","100","mg","2","."
"4","Denti_2018_levofloxacin","levofloxacin","0","0","0","mg/L","100","mg","2","0"
"4","Denti_2018_levofloxacin","levofloxacin","0","0.25","0","mg/L","100","mg","2","0"
"4","Denti_2018_levofloxacin","levofloxacin","0","0.5","0","mg/L","100","mg","2","0"
"4","Denti_2018_levofloxacin","levofloxacin","0","1","0","mg/L","100","mg","2","0"
"4","Denti_2018_levofloxacin","levofloxacin","0","2","0.484329","mg/L","100","mg","2","0"
"4","Denti_2018_levofloxacin","levofloxacin","0","4","0.591299","mg/L","100","mg","2","0"
"4","Denti_2018_levofloxacin","levofloxacin","0","6","0.454233","mg/L","100","mg","2","0"
"4","Denti_2018_levofloxacin","levofloxacin","0","8","0.289068","mg/L","100","mg","2","0"
"4","Denti_2018_levofloxacin","levofloxacin","0","12","0.169726","mg/L","100","mg","2","0"
"4","Denti_2018_levofloxacin","levofloxacin","0","24","0.044822","mg/L","100","mg","2","0"
"4","Denti_2018_levofloxacin","levofloxacin","0","34","0.025933","mg/L","100","mg","2","0"
"5","Denti_2018_levofloxacin","levofloxacin","1","0",".","mg/L","100","mg","2","."
"5","Denti_2018_levofloxacin","levofloxacin","0","0","0","mg/L","100","mg","2","0"
"5","Denti_2018_levofloxacin","levofloxacin","0","0.25","0.0313","mg/L","100","mg","2","0"
"5","Denti_2018_levofloxacin","levofloxacin","0","0.5","0.163012","mg/L","100","mg","2","0"
"5","Denti_2018_levofloxacin","levofloxacin","0","1","0.441643","mg/L","100","mg","2","0"
"5","Denti_2018_levofloxacin","levofloxacin","0","2","0.566433","mg/L","100","mg","2","0"
"5","Denti_2018_levofloxacin","levofloxacin","0","4","0.564505","mg/L","100","mg","2","0"
"5","Denti_2018_levofloxacin","levofloxacin","0","6","0.414989","mg/L","100","mg","2","0"
"5","Denti_2018_levofloxacin","levofloxacin","0","8","0.327341","mg/L","100","mg","2","0"
"5","Denti_2018_levofloxacin","levofloxacin","0","12","0.146798","mg/L","100","mg","2","0"
"5","Denti_2018_levofloxacin","levofloxacin","0","24","0.001766","mg/L","100","mg","2","0"
"5","Denti_2018_levofloxacin","levofloxacin","0","34","0.00067","mg/L","100","mg","2","0"
"6","Denti_2018_levofloxacin","levofloxacin","1","0",".","mg/L","100","mg","2","."
"6","Denti_2018_levofloxacin","levofloxacin","0","0","0","mg/L","100","mg","2","0"
"6","Denti_2018_levofloxacin","levofloxacin","0","0.25","0","mg/L","100","mg","2","0"
"6","Denti_2018_levofloxacin","levofloxacin","0","0.5","0","mg/L","100","mg","2","0"
"6","Denti_2018_levofloxacin","levofloxacin","0","1","0.543853","mg/L","100","mg","2","0"
"6","Denti_2018_levofloxacin","levofloxacin","0","2","0.859785","mg/L","100","mg","2","0"
"6","Denti_2018_levofloxacin","levofloxacin","0","4","0.47091","mg/L","100","mg","2","0"
"6","Denti_2018_levofloxacin","levofloxacin","0","6","0.400175","mg/L","100","mg","2","0"
"6","Denti_2018_levofloxacin","levofloxacin","0","8","0.280492","mg/L","100","mg","2","0"
"6","Denti_2018_levofloxacin","levofloxacin","0","12","0.184763","mg/L","100","mg","2","0"
"6","Denti_2018_levofloxacin","levofloxacin","0","24","0.024706","mg/L","100","mg","2","0"
"6","Denti_2018_levofloxacin","levofloxacin","0","34","0","mg/L","100","mg","2","1"
"7","Denti_2018_levofloxacin","levofloxacin","1","0",".","mg/L","100","mg","2","."
"7","Denti_2018_levofloxacin","levofloxacin","0","0","0","mg/L","100","mg","2","0"
"7","Denti_2018_levofloxacin","levofloxacin","0","0.25","0.117639","mg/L","100","mg","2","0"
"7","Denti_2018_levofloxacin","levofloxacin","0","0.5","0.276892","mg/L","100","mg","2","0"
"7","Denti_2018_levofloxacin","levofloxacin","0","1","0.425234","mg/L","100","mg","2","0"
"7","Denti_2018_levofloxacin","levofloxacin","0","2","0.597767","mg/L","100","mg","2","0"
"7","Denti_2018_levofloxacin","levofloxacin","0","4","0.517684","mg/L","100","mg","2","0"
"7","Denti_2018_levofloxacin","levofloxacin","0","6","0.496209","mg/L","100","mg","2","0"
"7","Denti_2018_levofloxacin","levofloxacin","0","8","0.29147","mg/L","100","mg","2","0"
"7","Denti_2018_levofloxacin","levofloxacin","0","12","0.20186","mg/L","100","mg","2","0"
"7","Denti_2018_levofloxacin","levofloxacin","0","24","0.015359","mg/L","100","mg","2","0"
"7","Denti_2018_levofloxacin","levofloxacin","0","34","0.024398","mg/L","100","mg","2","0"
"8","Denti_2018_levofloxacin","levofloxacin","1","0",".","mg/L","100","mg","2","."
"8","Denti_2018_levofloxacin","levofloxacin","0","0","0","mg/L","100","mg","2","0"
"8","Denti_2018_levofloxacin","levofloxacin","0","0.25","0.147994","mg/L","100","mg","2","0"
"8","Denti_2018_levofloxacin","levofloxacin","0","0.5","0.302228","mg/L","100","mg","2","0"
"8","Denti_2018_levofloxacin","levofloxacin","0","1","0.560987","mg/L","100","mg","2","0"
"8","Denti_2018_levofloxacin","levofloxacin","0","2","0.526546","mg/L","100","mg","2","0"
"8","Denti_2018_levofloxacin","levofloxacin","0","4","0.596344","mg/L","100","mg","2","0"
"8","Denti_2018_levofloxacin","levofloxacin","0","6","0.404797","mg/L","100","mg","2","0"
"8","Denti_2018_levofloxacin","levofloxacin","0","8","0.280166","mg/L","100","mg","2","0"
"8","Denti_2018_levofloxacin","levofloxacin","0","12","0.18063","mg/L","100","mg","2","0"
"8","Denti_2018_levofloxacin","levofloxacin","0","24","0.039399","mg/L","100","mg","2","0"
"8","Denti_2018_levofloxacin","levofloxacin","0","34","0.032172","mg/L","100","mg","2","0"
"9","Denti_2018_levofloxacin","levofloxacin","1","0",".","mg/L","100","mg","2","."
"9","Denti_2018_levofloxacin","levofloxacin","0","0","0","mg/L","100","mg","2","0"
"9","Denti_2018_levofloxacin","levofloxacin","0","0.25","0.09891","mg/L","100","mg","2","0"
"9","Denti_2018_levofloxacin","levofloxacin","0","0.5","0.248921","mg/L","100","mg","2","0"
"9","Denti_2018_levofloxacin","levofloxacin","0","1","0.525674","mg/L","100","mg","2","0"
"9","Denti_2018_levofloxacin","levofloxacin","0","2","0.706108","mg/L","100","mg","2","0"
"9","Denti_2018_levofloxacin","levofloxacin","0","4","0.496903","mg/L","100","mg","2","0"
"9","Denti_2018_levofloxacin","levofloxacin","0","6","0.469138","mg/L","100","mg","2","0"
"9","Denti_2018_levofloxacin","levofloxacin","0","8","0.429427","mg/L","100","mg","2","0"
"9","Denti_2018_levofloxacin","levofloxacin","0","12","0.213927","mg/L","100","mg","2","0"
"9","Denti_2018_levofloxacin","levofloxacin","0","24","0.098364","mg/L","100","mg","2","0"
"9","Denti_2018_levofloxacin","levofloxacin","0","34","0.026572","mg/L","100","mg","2","0"
"10","Denti_2018_levofloxacin","levofloxacin","1","0",".","mg/L","100","mg","2","."
"10","Denti_2018_levofloxacin","levofloxacin","0","0","0","mg/L","100","mg","2","0"
"10","Denti_2018_levofloxacin","levofloxacin","0","0.25","0.23503","mg/L","100","mg","2","0"
"10","Denti_2018_levofloxacin","levofloxacin","0","0.5","0.579584","mg/L","100","mg","2","0"
"10","Denti_2018_levofloxacin","levofloxacin","0","1","0.819863","mg/L","100","mg","2","0"
"10","Denti_2018_levofloxacin","levofloxacin","0","2","0.600547","mg/L","100","mg","2","0"
"10","Denti_2018_levofloxacin","levofloxacin","0","4","0.457704","mg/L","100","mg","2","0"
"10","Denti_2018_levofloxacin","levofloxacin","0","6","0.305136","mg/L","100","mg","2","0"
"10","Denti_2018_levofloxacin","levofloxacin","0","8","0.250828","mg/L","100","mg","2","0"
"10","Denti_2018_levofloxacin","levofloxacin","0","12","0.108345","mg/L","100","mg","2","0"
"10","Denti_2018_levofloxacin","levofloxacin","0","24","0.010264","mg/L","100","mg","2","0"
"10","Denti_2018_levofloxacin","levofloxacin","0","34","0.000895","mg/L","100","mg","2","0"
"1","CarlssonPetri_2021_liraglutide","liraglutide","1","0",".","nmol/L","3","mg","2","."
"1","CarlssonPetri_2021_liraglutide","liraglutide","0","0","0","nmol/L","3","mg","2","0"
"1","CarlssonPetri_2021_liraglutide","liraglutide","0","0.25","0.008255","nmol/L","3","mg","2","0"
"1","CarlssonPetri_2021_liraglutide","liraglutide","0","0.5","0.008971","nmol/L","3","mg","2","0"
"1","CarlssonPetri_2021_liraglutide","liraglutide","0","1","0.028662","nmol/L","3","mg","2","0"
"1","CarlssonPetri_2021_liraglutide","liraglutide","0","2","0.030055","nmol/L","3","mg","2","0"
"1","CarlssonPetri_2021_liraglutide","liraglutide","0","4","0.032132","nmol/L","3","mg","2","0"
"1","CarlssonPetri_2021_liraglutide","liraglutide","0","6","0.075332","nmol/L","3","mg","2","0"
"1","CarlssonPetri_2021_liraglutide","liraglutide","0","8","0.078054","nmol/L","3","mg","2","0"
"1","CarlssonPetri_2021_liraglutide","liraglutide","0","12","0.272953","nmol/L","3","mg","2","0"
"1","CarlssonPetri_2021_liraglutide","liraglutide","0","24","0.099008","nmol/L","3","mg","2","0"
"1","CarlssonPetri_2021_liraglutide","liraglutide","0","36","0.065472","nmol/L","3","mg","2","0"
"1","CarlssonPetri_2021_liraglutide","liraglutide","0","46","0.065138","nmol/L","3","mg","2","0"
"2","CarlssonPetri_2021_liraglutide","liraglutide","1","0",".","nmol/L","3","mg","2","."
"2","CarlssonPetri_2021_liraglutide","liraglutide","0","0","0","nmol/L","3","mg","2","0"
"2","CarlssonPetri_2021_liraglutide","liraglutide","0","0.25","0.008333","nmol/L","3","mg","2","0"
"2","CarlssonPetri_2021_liraglutide","liraglutide","0","0.5","0.00868","nmol/L","3","mg","2","0"
"2","CarlssonPetri_2021_liraglutide","liraglutide","0","1","0.035737","nmol/L","3","mg","2","0"
"2","CarlssonPetri_2021_liraglutide","liraglutide","0","2","0.007811","nmol/L","3","mg","2","0"
"2","CarlssonPetri_2021_liraglutide","liraglutide","0","4","0.087197","nmol/L","3","mg","2","0"
"2","CarlssonPetri_2021_liraglutide","liraglutide","0","6","0.02386","nmol/L","3","mg","2","0"
"2","CarlssonPetri_2021_liraglutide","liraglutide","0","8","0.139963","nmol/L","3","mg","2","0"
"2","CarlssonPetri_2021_liraglutide","liraglutide","0","12","0.034406","nmol/L","3","mg","2","0"
"2","CarlssonPetri_2021_liraglutide","liraglutide","0","24","0.068463","nmol/L","3","mg","2","0"
"2","CarlssonPetri_2021_liraglutide","liraglutide","0","36","0.004211","nmol/L","3","mg","2","0"
"2","CarlssonPetri_2021_liraglutide","liraglutide","0","46","0.025025","nmol/L","3","mg","2","0"
"3","CarlssonPetri_2021_liraglutide","liraglutide","1","0",".","nmol/L","3","mg","2","."
"3","CarlssonPetri_2021_liraglutide","liraglutide","0","0","0","nmol/L","3","mg","2","0"
"3","CarlssonPetri_2021_liraglutide","liraglutide","0","0.25","0.005541","nmol/L","3","mg","2","0"
"3","CarlssonPetri_2021_liraglutide","liraglutide","0","0.5","0.017265","nmol/L","3","mg","2","0"
"3","CarlssonPetri_2021_liraglutide","liraglutide","0","1","0.020621","nmol/L","3","mg","2","0"
"3","CarlssonPetri_2021_liraglutide","liraglutide","0","2","0.033727","nmol/L","3","mg","2","0"
"3","CarlssonPetri_2021_liraglutide","liraglutide","0","4","0.044966","nmol/L","3","mg","2","0"
"3","CarlssonPetri_2021_liraglutide","liraglutide","0","6","0.09824","nmol/L","3","mg","2","0"
"3","CarlssonPetri_2021_liraglutide","liraglutide","0","8","0.18533","nmol/L","3","mg","2","0"
"3","CarlssonPetri_2021_liraglutide","liraglutide","0","12","0.09593","nmol/L","3","mg","2","0"
"3","CarlssonPetri_2021_liraglutide","liraglutide","0","24","0.078458","nmol/L","3","mg","2","0"
"3","CarlssonPetri_2021_liraglutide","liraglutide","0","36","0.037391","nmol/L","3","mg","2","0"
"3","CarlssonPetri_2021_liraglutide","liraglutide","0","46","0.015275","nmol/L","3","mg","2","0"
"4","CarlssonPetri_2021_liraglutide","liraglutide","1","0",".","nmol/L","3","mg","2","."
"4","CarlssonPetri_2021_liraglutide","liraglutide","0","0","0","nmol/L","3","mg","2","0"
"4","CarlssonPetri_2021_liraglutide","liraglutide","0","0.25","0.00625","nmol/L","3","mg","2","0"
"4","CarlssonPetri_2021_liraglutide","liraglutide","0","0.5","0.015265","nmol/L","3","mg","2","0"
"4","CarlssonPetri_2021_liraglutide","liraglutide","0","1","0.002167","nmol/L","3","mg","2","0"
"4","CarlssonPetri_2021_liraglutide","liraglutide","0","2","0.028245","nmol/L","3","mg","2","0"
"4","CarlssonPetri_2021_liraglutide","liraglutide","0","4","0.041778","nmol/L","3","mg","2","0"
"4","CarlssonPetri_2021_liraglutide","liraglutide","0","6","0.082209","nmol/L","3","mg","2","0"
"4","CarlssonPetri_2021_liraglutide","liraglutide","0","8","0.083836","nmol/L","3","mg","2","0"
"4","CarlssonPetri_2021_liraglutide","liraglutide","0","12","0.061533","nmol/L","3","mg","2","0"
"4","CarlssonPetri_2021_liraglutide","liraglutide","0","24","0.09326","nmol/L","3","mg","2","0"
"4","CarlssonPetri_2021_liraglutide","liraglutide","0","36","0.026457","nmol/L","3","mg","2","0"
"4","CarlssonPetri_2021_liraglutide","liraglutide","0","46","0.048904","nmol/L","3","mg","2","0"
"5","CarlssonPetri_2021_liraglutide","liraglutide","1","0",".","nmol/L","3","mg","2","."
"5","CarlssonPetri_2021_liraglutide","liraglutide","0","0","0","nmol/L","3","mg","2","0"
"5","CarlssonPetri_2021_liraglutide","liraglutide","0","0.25","0.004342","nmol/L","3","mg","2","0"
"5","CarlssonPetri_2021_liraglutide","liraglutide","0","0.5","0.004364","nmol/L","3","mg","2","0"
"5","CarlssonPetri_2021_liraglutide","liraglutide","0","1","0.014608","nmol/L","3","mg","2","0"
"5","CarlssonPetri_2021_liraglutide","liraglutide","0","2","0.005014","nmol/L","3","mg","2","0"
"5","CarlssonPetri_2021_liraglutide","liraglutide","0","4","0.005859","nmol/L","3","mg","2","0"
"5","CarlssonPetri_2021_liraglutide","liraglutide","0","6","0.080327","nmol/L","3","mg","2","0"
"5","CarlssonPetri_2021_liraglutide","liraglutide","0","8","0.078642","nmol/L","3","mg","2","0"
"5","CarlssonPetri_2021_liraglutide","liraglutide","0","12","0.078968","nmol/L","3","mg","2","0"
"5","CarlssonPetri_2021_liraglutide","liraglutide","0","24","0.043609","nmol/L","3","mg","2","0"
"5","CarlssonPetri_2021_liraglutide","liraglutide","0","36","0.030259","nmol/L","3","mg","2","0"
"5","CarlssonPetri_2021_liraglutide","liraglutide","0","46","0.024156","nmol/L","3","mg","2","0"
"6","CarlssonPetri_2021_liraglutide","liraglutide","1","0",".","nmol/L","3","mg","2","."
"6","CarlssonPetri_2021_liraglutide","liraglutide","0","0","0","nmol/L","3","mg","2","0"
"6","CarlssonPetri_2021_liraglutide","liraglutide","0","0.25","0.008982","nmol/L","3","mg","2","0"
"6","CarlssonPetri_2021_liraglutide","liraglutide","0","0.5","0.013696","nmol/L","3","mg","2","0"
"6","CarlssonPetri_2021_liraglutide","liraglutide","0","1","0.008807","nmol/L","3","mg","2","0"
"6","CarlssonPetri_2021_liraglutide","liraglutide","0","2","0.051785","nmol/L","3","mg","2","0"
"6","CarlssonPetri_2021_liraglutide","liraglutide","0","4","0.115941","nmol/L","3","mg","2","0"
"6","CarlssonPetri_2021_liraglutide","liraglutide","0","6","0.123375","nmol/L","3","mg","2","0"
"6","CarlssonPetri_2021_liraglutide","liraglutide","0","8","0.015272","nmol/L","3","mg","2","0"
"6","CarlssonPetri_2021_liraglutide","liraglutide","0","12","0.09472","nmol/L","3","mg","2","0"
"6","CarlssonPetri_2021_liraglutide","liraglutide","0","24","0.052514","nmol/L","3","mg","2","0"
"6","CarlssonPetri_2021_liraglutide","liraglutide","0","36","0.014634","nmol/L","3","mg","2","0"
"6","CarlssonPetri_2021_liraglutide","liraglutide","0","46","0.008106","nmol/L","3","mg","2","0"
"7","CarlssonPetri_2021_liraglutide","liraglutide","1","0",".","nmol/L","3","mg","2","."
"7","CarlssonPetri_2021_liraglutide","liraglutide","0","0","0","nmol/L","3","mg","2","0"
"7","CarlssonPetri_2021_liraglutide","liraglutide","0","0.25","0.005062","nmol/L","3","mg","2","0"
"7","CarlssonPetri_2021_liraglutide","liraglutide","0","0.5","0.005057","nmol/L","3","mg","2","0"
"7","CarlssonPetri_2021_liraglutide","liraglutide","0","1","0.021472","nmol/L","3","mg","2","0"
"7","CarlssonPetri_2021_liraglutide","liraglutide","0","2","0.050881","nmol/L","3","mg","2","0"
"7","CarlssonPetri_2021_liraglutide","liraglutide","0","4","0.073659","nmol/L","3","mg","2","0"
"7","CarlssonPetri_2021_liraglutide","liraglutide","0","6","0.030301","nmol/L","3","mg","2","0"
"7","CarlssonPetri_2021_liraglutide","liraglutide","0","8","0.174546","nmol/L","3","mg","2","0"
"7","CarlssonPetri_2021_liraglutide","liraglutide","0","12","0.106954","nmol/L","3","mg","2","0"
"7","CarlssonPetri_2021_liraglutide","liraglutide","0","24","0.065445","nmol/L","3","mg","2","0"
"7","CarlssonPetri_2021_liraglutide","liraglutide","0","36","0.095686","nmol/L","3","mg","2","0"
"7","CarlssonPetri_2021_liraglutide","liraglutide","0","46","0.023423","nmol/L","3","mg","2","0"
"8","CarlssonPetri_2021_liraglutide","liraglutide","1","0",".","nmol/L","3","mg","2","."
"8","CarlssonPetri_2021_liraglutide","liraglutide","0","0","0","nmol/L","3","mg","2","0"
"8","CarlssonPetri_2021_liraglutide","liraglutide","0","0.25","0.005578","nmol/L","3","mg","2","0"
"8","CarlssonPetri_2021_liraglutide","liraglutide","0","0.5","0.009732","nmol/L","3","mg","2","0"
"8","CarlssonPetri_2021_liraglutide","liraglutide","0","1","0.014548","nmol/L","3","mg","2","0"
"8","CarlssonPetri_2021_liraglutide","liraglutide","0","2","0.012674","nmol/L","3","mg","2","0"
"8","CarlssonPetri_2021_liraglutide","liraglutide","0","4","0.02644","nmol/L","3","mg","2","0"
"8","CarlssonPetri_2021_liraglutide","liraglutide","0","6","0.075941","nmol/L","3","mg","2","0"
"8","CarlssonPetri_2021_liraglutide","liraglutide","0","8","0.156218","nmol/L","3","mg","2","0"
"8","CarlssonPetri_2021_liraglutide","liraglutide","0","12","0.101528","nmol/L","3","mg","2","0"
"8","CarlssonPetri_2021_liraglutide","liraglutide","0","24","0.048361","nmol/L","3","mg","2","0"
"8","CarlssonPetri_2021_liraglutide","liraglutide","0","36","0.04553","nmol/L","3","mg","2","0"
"8","CarlssonPetri_2021_liraglutide","liraglutide","0","46","0.032892","nmol/L","3","mg","2","0"
"9","CarlssonPetri_2021_liraglutide","liraglutide","1","0",".","nmol/L","3","mg","2","."
"9","CarlssonPetri_2021_liraglutide","liraglutide","0","0","0","nmol/L","3","mg","2","0"
"9","CarlssonPetri_2021_liraglutide","liraglutide","0","0.25","0.005145","nmol/L","3","mg","2","0"
"9","CarlssonPetri_2021_liraglutide","liraglutide","0","0.5","0.013632","nmol/L","3","mg","2","0"
"9","CarlssonPetri_2021_liraglutide","liraglutide","0","1","0.02324","nmol/L","3","mg","2","0"
"9","CarlssonPetri_2021_liraglutide","liraglutide","0","2","0.031089","nmol/L","3","mg","2","0"
"9","CarlssonPetri_2021_liraglutide","liraglutide","0","4","0.028558","nmol/L","3","mg","2","0"
"9","CarlssonPetri_2021_liraglutide","liraglutide","0","6","0.102526","nmol/L","3","mg","2","0"
"9","CarlssonPetri_2021_liraglutide","liraglutide","0","8","0","nmol/L","3","mg","2","1"
"9","CarlssonPetri_2021_liraglutide","liraglutide","0","12","0.0289","nmol/L","3","mg","2","0"
"9","CarlssonPetri_2021_liraglutide","liraglutide","0","24","0.032835","nmol/L","3","mg","2","0"
"9","CarlssonPetri_2021_liraglutide","liraglutide","0","36","0.016313","nmol/L","3","mg","2","0"
"9","CarlssonPetri_2021_liraglutide","liraglutide","0","46","0.020147","nmol/L","3","mg","2","0"
"10","CarlssonPetri_2021_liraglutide","liraglutide","1","0",".","nmol/L","3","mg","2","."
"10","CarlssonPetri_2021_liraglutide","liraglutide","0","0","0","nmol/L","3","mg","2","0"
"10","CarlssonPetri_2021_liraglutide","liraglutide","0","0.25","0.011685","nmol/L","3","mg","2","0"
"10","CarlssonPetri_2021_liraglutide","liraglutide","0","0.5","0.021692","nmol/L","3","mg","2","0"
"10","CarlssonPetri_2021_liraglutide","liraglutide","0","1","0.05917","nmol/L","3","mg","2","0"
"10","CarlssonPetri_2021_liraglutide","liraglutide","0","2","0.069377","nmol/L","3","mg","2","0"
"10","CarlssonPetri_2021_liraglutide","liraglutide","0","4","0.072078","nmol/L","3","mg","2","0"
"10","CarlssonPetri_2021_liraglutide","liraglutide","0","6","0.083626","nmol/L","3","mg","2","0"
"10","CarlssonPetri_2021_liraglutide","liraglutide","0","8","0.099291","nmol/L","3","mg","2","0"
"10","CarlssonPetri_2021_liraglutide","liraglutide","0","12","0","nmol/L","3","mg","2","1"
"10","CarlssonPetri_2021_liraglutide","liraglutide","0","24","0.095622","nmol/L","3","mg","2","0"
"10","CarlssonPetri_2021_liraglutide","liraglutide","0","36","0.003319","nmol/L","3","mg","2","0"
"10","CarlssonPetri_2021_liraglutide","liraglutide","0","46","0.008871","nmol/L","3","mg","2","0"
"1","Shekar_2014_meropenem","meropenem","1","0",".","mg/L","100","mg","1","."
"1","Shekar_2014_meropenem","meropenem","0","0","3.056768","mg/L","100","mg","1","0"
"1","Shekar_2014_meropenem","meropenem","0","0.25","4.489005","mg/L","100","mg","1","0"
"1","Shekar_2014_meropenem","meropenem","0","0.5","4.604857","mg/L","100","mg","1","0"
"1","Shekar_2014_meropenem","meropenem","0","1","2.282976","mg/L","100","mg","1","0"
"1","Shekar_2014_meropenem","meropenem","0","2","2.582092","mg/L","100","mg","1","0"
"1","Shekar_2014_meropenem","meropenem","0","4","6.668342","mg/L","100","mg","1","0"
"1","Shekar_2014_meropenem","meropenem","0","6","0.639899","mg/L","100","mg","1","0"
"1","Shekar_2014_meropenem","meropenem","0","8","6.858602","mg/L","100","mg","1","0"
"1","Shekar_2014_meropenem","meropenem","0","12","4.247983","mg/L","100","mg","1","0"
"2","Shekar_2014_meropenem","meropenem","1","0",".","mg/L","100","mg","1","."
"2","Shekar_2014_meropenem","meropenem","0","0","3.108601","mg/L","100","mg","1","0"
"2","Shekar_2014_meropenem","meropenem","0","0.25","1.102482","mg/L","100","mg","1","0"
"2","Shekar_2014_meropenem","meropenem","0","0.5","1.713838","mg/L","100","mg","1","0"
"2","Shekar_2014_meropenem","meropenem","0","1","0","mg/L","100","mg","1","1"
"2","Shekar_2014_meropenem","meropenem","0","2","3.938021","mg/L","100","mg","1","0"
"2","Shekar_2014_meropenem","meropenem","0","4","4.156618","mg/L","100","mg","1","0"
"2","Shekar_2014_meropenem","meropenem","0","6","1.063861","mg/L","100","mg","1","0"
"2","Shekar_2014_meropenem","meropenem","0","8","2.787209","mg/L","100","mg","1","0"
"2","Shekar_2014_meropenem","meropenem","0","12","1.764769","mg/L","100","mg","1","0"
"3","Shekar_2014_meropenem","meropenem","1","0",".","mg/L","100","mg","1","."
"3","Shekar_2014_meropenem","meropenem","0","0","3.256714","mg/L","100","mg","1","0"
"3","Shekar_2014_meropenem","meropenem","0","0.25","4.389661","mg/L","100","mg","1","0"
"3","Shekar_2014_meropenem","meropenem","0","0.5","0","mg/L","100","mg","1","1"
"3","Shekar_2014_meropenem","meropenem","0","1","0.226842","mg/L","100","mg","1","0"
"3","Shekar_2014_meropenem","meropenem","0","2","4.888502","mg/L","100","mg","1","0"
"3","Shekar_2014_meropenem","meropenem","0","4","0","mg/L","100","mg","1","1"
"3","Shekar_2014_meropenem","meropenem","0","6","3.143279","mg/L","100","mg","1","0"
"3","Shekar_2014_meropenem","meropenem","0","8","0","mg/L","100","mg","1","1"
"3","Shekar_2014_meropenem","meropenem","0","12","0","mg/L","100","mg","1","1"
"4","Shekar_2014_meropenem","meropenem","1","0",".","mg/L","100","mg","1","."
"4","Shekar_2014_meropenem","meropenem","0","0","4.291428","mg/L","100","mg","1","0"
"4","Shekar_2014_meropenem","meropenem","0","0.25","0","mg/L","100","mg","1","1"
"4","Shekar_2014_meropenem","meropenem","0","0.5","1.956277","mg/L","100","mg","1","0"
"4","Shekar_2014_meropenem","meropenem","0","1","0","mg/L","100","mg","1","1"
"4","Shekar_2014_meropenem","meropenem","0","2","4.394713","mg/L","100","mg","1","0"
"4","Shekar_2014_meropenem","meropenem","0","4","0","mg/L","100","mg","1","1"
"4","Shekar_2014_meropenem","meropenem","0","6","0","mg/L","100","mg","1","1"
"4","Shekar_2014_meropenem","meropenem","0","8","0","mg/L","100","mg","1","1"
"4","Shekar_2014_meropenem","meropenem","0","12","0","mg/L","100","mg","1","1"
"5","Shekar_2014_meropenem","meropenem","1","0",".","mg/L","100","mg","1","."
"5","Shekar_2014_meropenem","meropenem","0","0","1.416431","mg/L","100","mg","1","0"
"5","Shekar_2014_meropenem","meropenem","0","0.25","2.567526","mg/L","100","mg","1","0"
"5","Shekar_2014_meropenem","meropenem","0","0.5","2.188463","mg/L","100","mg","1","0"
"5","Shekar_2014_meropenem","meropenem","0","1","0.706835","mg/L","100","mg","1","0"
"5","Shekar_2014_meropenem","meropenem","0","2","4.937123","mg/L","100","mg","1","0"
"5","Shekar_2014_meropenem","meropenem","0","4","0","mg/L","100","mg","1","1"
"5","Shekar_2014_meropenem","meropenem","0","6","5.415415","mg/L","100","mg","1","0"
"5","Shekar_2014_meropenem","meropenem","0","8","2.54224","mg/L","100","mg","1","0"
"5","Shekar_2014_meropenem","meropenem","0","12","4.914119","mg/L","100","mg","1","0"
"6","Shekar_2014_meropenem","meropenem","1","0",".","mg/L","100","mg","1","."
"6","Shekar_2014_meropenem","meropenem","0","0","7.966742","mg/L","100","mg","1","0"
"6","Shekar_2014_meropenem","meropenem","0","0.25","6.579938","mg/L","100","mg","1","0"
"6","Shekar_2014_meropenem","meropenem","0","0.5","2.629578","mg/L","100","mg","1","0"
"6","Shekar_2014_meropenem","meropenem","0","1","3.025438","mg/L","100","mg","1","0"
"6","Shekar_2014_meropenem","meropenem","0","2","0.205846","mg/L","100","mg","1","0"
"6","Shekar_2014_meropenem","meropenem","0","4","1.168092","mg/L","100","mg","1","0"
"6","Shekar_2014_meropenem","meropenem","0","6","0","mg/L","100","mg","1","1"
"6","Shekar_2014_meropenem","meropenem","0","8","0","mg/L","100","mg","1","1"
"6","Shekar_2014_meropenem","meropenem","0","12","0","mg/L","100","mg","1","1"
"7","Shekar_2014_meropenem","meropenem","1","0",".","mg/L","100","mg","1","."
"7","Shekar_2014_meropenem","meropenem","0","0","8.604034","mg/L","100","mg","1","0"
"7","Shekar_2014_meropenem","meropenem","0","0.25","6.290742","mg/L","100","mg","1","0"
"7","Shekar_2014_meropenem","meropenem","0","0.5","0.986619","mg/L","100","mg","1","0"
"7","Shekar_2014_meropenem","meropenem","0","1","0","mg/L","100","mg","1","1"
"7","Shekar_2014_meropenem","meropenem","0","2","0","mg/L","100","mg","1","1"
"7","Shekar_2014_meropenem","meropenem","0","4","1.590289","mg/L","100","mg","1","0"
"7","Shekar_2014_meropenem","meropenem","0","6","5.430926","mg/L","100","mg","1","0"
"7","Shekar_2014_meropenem","meropenem","0","8","2.835988","mg/L","100","mg","1","0"
"7","Shekar_2014_meropenem","meropenem","0","12","1.413272","mg/L","100","mg","1","0"
"8","Shekar_2014_meropenem","meropenem","1","0",".","mg/L","100","mg","1","."
"8","Shekar_2014_meropenem","meropenem","0","0","4.691863","mg/L","100","mg","1","0"
"8","Shekar_2014_meropenem","meropenem","0","0.25","3.11798","mg/L","100","mg","1","0"
"8","Shekar_2014_meropenem","meropenem","0","0.5","0","mg/L","100","mg","1","1"
"8","Shekar_2014_meropenem","meropenem","0","1","1.185172","mg/L","100","mg","1","0"
"8","Shekar_2014_meropenem","meropenem","0","2","3.119644","mg/L","100","mg","1","0"
"8","Shekar_2014_meropenem","meropenem","0","4","4.176453","mg/L","100","mg","1","0"
"8","Shekar_2014_meropenem","meropenem","0","6","0","mg/L","100","mg","1","1"
"8","Shekar_2014_meropenem","meropenem","0","8","0","mg/L","100","mg","1","1"
"8","Shekar_2014_meropenem","meropenem","0","12","3.962436","mg/L","100","mg","1","0"
"9","Shekar_2014_meropenem","meropenem","1","0",".","mg/L","100","mg","1","."
"9","Shekar_2014_meropenem","meropenem","0","0","1.917776","mg/L","100","mg","1","0"
"9","Shekar_2014_meropenem","meropenem","0","0.25","0.777054","mg/L","100","mg","1","0"
"9","Shekar_2014_meropenem","meropenem","0","0.5","6.477441","mg/L","100","mg","1","0"
"9","Shekar_2014_meropenem","meropenem","0","1","1.318221","mg/L","100","mg","1","0"
"9","Shekar_2014_meropenem","meropenem","0","2","3.025834","mg/L","100","mg","1","0"
"9","Shekar_2014_meropenem","meropenem","0","4","1.581212","mg/L","100","mg","1","0"
"9","Shekar_2014_meropenem","meropenem","0","6","3.900632","mg/L","100","mg","1","0"
"9","Shekar_2014_meropenem","meropenem","0","8","0.804331","mg/L","100","mg","1","0"
"9","Shekar_2014_meropenem","meropenem","0","12","0.87809","mg/L","100","mg","1","0"
"10","Shekar_2014_meropenem","meropenem","1","0",".","mg/L","100","mg","1","."
"10","Shekar_2014_meropenem","meropenem","0","0","4.013139","mg/L","100","mg","1","0"
"10","Shekar_2014_meropenem","meropenem","0","0.25","1.29613","mg/L","100","mg","1","0"
"10","Shekar_2014_meropenem","meropenem","0","0.5","4.766584","mg/L","100","mg","1","0"
"10","Shekar_2014_meropenem","meropenem","0","1","0.934317","mg/L","100","mg","1","0"
"10","Shekar_2014_meropenem","meropenem","0","2","0","mg/L","100","mg","1","1"
"10","Shekar_2014_meropenem","meropenem","0","4","0","mg/L","100","mg","1","1"
"10","Shekar_2014_meropenem","meropenem","0","6","0","mg/L","100","mg","1","1"
"10","Shekar_2014_meropenem","meropenem","0","8","0","mg/L","100","mg","1","1"
"10","Shekar_2014_meropenem","meropenem","0","12","2.509634","mg/L","100","mg","1","0"
"1","Teuscher_2015_methylphenidate","methylphenidate","1","0",".","ng/mL","40","mg","2","."
"1","Teuscher_2015_methylphenidate","methylphenidate","0","0","0","ng/mL","40","mg","2","0"
"1","Teuscher_2015_methylphenidate","methylphenidate","0","0.25","0","ng/mL","40","mg","2","1"
"1","Teuscher_2015_methylphenidate","methylphenidate","0","0.5","0","ng/mL","40","mg","2","1"
"1","Teuscher_2015_methylphenidate","methylphenidate","0","1","0","ng/mL","40","mg","2","1"
"1","Teuscher_2015_methylphenidate","methylphenidate","0","2","5.839653","ng/mL","40","mg","2","0"
"1","Teuscher_2015_methylphenidate","methylphenidate","0","4","0.005424","ng/mL","40","mg","2","0"
"1","Teuscher_2015_methylphenidate","methylphenidate","0","6","5.403316","ng/mL","40","mg","2","0"
"1","Teuscher_2015_methylphenidate","methylphenidate","0","8","2.196652","ng/mL","40","mg","2","0"
"1","Teuscher_2015_methylphenidate","methylphenidate","0","12","0","ng/mL","40","mg","2","1"
"1","Teuscher_2015_methylphenidate","methylphenidate","0","14","0.355782","ng/mL","40","mg","2","0"
"2","Teuscher_2015_methylphenidate","methylphenidate","1","0",".","ng/mL","40","mg","2","."
"2","Teuscher_2015_methylphenidate","methylphenidate","0","0","0","ng/mL","40","mg","2","0"
"2","Teuscher_2015_methylphenidate","methylphenidate","0","0.25","0","ng/mL","40","mg","2","1"
"2","Teuscher_2015_methylphenidate","methylphenidate","0","0.5","5.700052","ng/mL","40","mg","2","0"
"2","Teuscher_2015_methylphenidate","methylphenidate","0","1","10.560119","ng/mL","40","mg","2","0"
"2","Teuscher_2015_methylphenidate","methylphenidate","0","2","7.127507","ng/mL","40","mg","2","0"
"2","Teuscher_2015_methylphenidate","methylphenidate","0","4","0","ng/mL","40","mg","2","1"
"2","Teuscher_2015_methylphenidate","methylphenidate","0","6","1.293384","ng/mL","40","mg","2","0"
"2","Teuscher_2015_methylphenidate","methylphenidate","0","8","0","ng/mL","40","mg","2","1"
"2","Teuscher_2015_methylphenidate","methylphenidate","0","12","0.715596","ng/mL","40","mg","2","0"
"2","Teuscher_2015_methylphenidate","methylphenidate","0","14","0.160299","ng/mL","40","mg","2","0"
"3","Teuscher_2015_methylphenidate","methylphenidate","1","0",".","ng/mL","40","mg","2","."
"3","Teuscher_2015_methylphenidate","methylphenidate","0","0","0","ng/mL","40","mg","2","0"
"3","Teuscher_2015_methylphenidate","methylphenidate","0","0.25","7.680423","ng/mL","40","mg","2","0"
"3","Teuscher_2015_methylphenidate","methylphenidate","0","0.5","4.223944","ng/mL","40","mg","2","0"
"3","Teuscher_2015_methylphenidate","methylphenidate","0","1","10.103905","ng/mL","40","mg","2","0"
"3","Teuscher_2015_methylphenidate","methylphenidate","0","2","7.320201","ng/mL","40","mg","2","0"
"3","Teuscher_2015_methylphenidate","methylphenidate","0","4","0","ng/mL","40","mg","2","1"
"3","Teuscher_2015_methylphenidate","methylphenidate","0","6","1.997903","ng/mL","40","mg","2","0"
"3","Teuscher_2015_methylphenidate","methylphenidate","0","8","3.252451","ng/mL","40","mg","2","0"
"3","Teuscher_2015_methylphenidate","methylphenidate","0","12","1.065667","ng/mL","40","mg","2","0"
"3","Teuscher_2015_methylphenidate","methylphenidate","0","14","0.50348","ng/mL","40","mg","2","0"
"4","Teuscher_2015_methylphenidate","methylphenidate","1","0",".","ng/mL","40","mg","2","."
"4","Teuscher_2015_methylphenidate","methylphenidate","0","0","0","ng/mL","40","mg","2","0"
"4","Teuscher_2015_methylphenidate","methylphenidate","0","0.25","0","ng/mL","40","mg","2","1"
"4","Teuscher_2015_methylphenidate","methylphenidate","0","0.5","0","ng/mL","40","mg","2","1"
"4","Teuscher_2015_methylphenidate","methylphenidate","0","1","1.113737","ng/mL","40","mg","2","0"
"4","Teuscher_2015_methylphenidate","methylphenidate","0","2","0","ng/mL","40","mg","2","1"
"4","Teuscher_2015_methylphenidate","methylphenidate","0","4","0.028036","ng/mL","40","mg","2","0"
"4","Teuscher_2015_methylphenidate","methylphenidate","0","6","0","ng/mL","40","mg","2","1"
"4","Teuscher_2015_methylphenidate","methylphenidate","0","8","1.809658","ng/mL","40","mg","2","0"
"4","Teuscher_2015_methylphenidate","methylphenidate","0","12","1.025086","ng/mL","40","mg","2","0"
"4","Teuscher_2015_methylphenidate","methylphenidate","0","14","0","ng/mL","40","mg","2","1"
"5","Teuscher_2015_methylphenidate","methylphenidate","1","0",".","ng/mL","40","mg","2","."
"5","Teuscher_2015_methylphenidate","methylphenidate","0","0","0","ng/mL","40","mg","2","0"
"5","Teuscher_2015_methylphenidate","methylphenidate","0","0.25","0","ng/mL","40","mg","2","1"
"5","Teuscher_2015_methylphenidate","methylphenidate","0","0.5","1.523711","ng/mL","40","mg","2","0"
"5","Teuscher_2015_methylphenidate","methylphenidate","0","1","11.782432","ng/mL","40","mg","2","0"
"5","Teuscher_2015_methylphenidate","methylphenidate","0","2","8.640563","ng/mL","40","mg","2","0"
"5","Teuscher_2015_methylphenidate","methylphenidate","0","4","1.552814","ng/mL","40","mg","2","0"
"5","Teuscher_2015_methylphenidate","methylphenidate","0","6","3.896934","ng/mL","40","mg","2","0"
"5","Teuscher_2015_methylphenidate","methylphenidate","0","8","5.399941","ng/mL","40","mg","2","0"
"5","Teuscher_2015_methylphenidate","methylphenidate","0","12","2.106194","ng/mL","40","mg","2","0"
"5","Teuscher_2015_methylphenidate","methylphenidate","0","14","0.752743","ng/mL","40","mg","2","0"
"6","Teuscher_2015_methylphenidate","methylphenidate","1","0",".","ng/mL","40","mg","2","."
"6","Teuscher_2015_methylphenidate","methylphenidate","0","0","0","ng/mL","40","mg","2","0"
"6","Teuscher_2015_methylphenidate","methylphenidate","0","0.25","16.013526","ng/mL","40","mg","2","0"
"6","Teuscher_2015_methylphenidate","methylphenidate","0","0.5","25.185268","ng/mL","40","mg","2","0"
"6","Teuscher_2015_methylphenidate","methylphenidate","0","1","0","ng/mL","40","mg","2","1"
"6","Teuscher_2015_methylphenidate","methylphenidate","0","2","5.887648","ng/mL","40","mg","2","0"
"6","Teuscher_2015_methylphenidate","methylphenidate","0","4","0","ng/mL","40","mg","2","1"
"6","Teuscher_2015_methylphenidate","methylphenidate","0","6","8.560592","ng/mL","40","mg","2","0"
"6","Teuscher_2015_methylphenidate","methylphenidate","0","8","0","ng/mL","40","mg","2","1"
"6","Teuscher_2015_methylphenidate","methylphenidate","0","12","0.455807","ng/mL","40","mg","2","0"
"6","Teuscher_2015_methylphenidate","methylphenidate","0","14","0","ng/mL","40","mg","2","1"
"7","Teuscher_2015_methylphenidate","methylphenidate","1","0",".","ng/mL","40","mg","2","."
"7","Teuscher_2015_methylphenidate","methylphenidate","0","0","0","ng/mL","40","mg","2","0"
"7","Teuscher_2015_methylphenidate","methylphenidate","0","0.25","2.555092","ng/mL","40","mg","2","0"
"7","Teuscher_2015_methylphenidate","methylphenidate","0","0.5","3.421193","ng/mL","40","mg","2","0"
"7","Teuscher_2015_methylphenidate","methylphenidate","0","1","7.325998","ng/mL","40","mg","2","0"
"7","Teuscher_2015_methylphenidate","methylphenidate","0","2","12.183555","ng/mL","40","mg","2","0"
"7","Teuscher_2015_methylphenidate","methylphenidate","0","4","0.882548","ng/mL","40","mg","2","0"
"7","Teuscher_2015_methylphenidate","methylphenidate","0","6","0.540895","ng/mL","40","mg","2","0"
"7","Teuscher_2015_methylphenidate","methylphenidate","0","8","1.448732","ng/mL","40","mg","2","0"
"7","Teuscher_2015_methylphenidate","methylphenidate","0","12","1.021138","ng/mL","40","mg","2","0"
"7","Teuscher_2015_methylphenidate","methylphenidate","0","14","0.128321","ng/mL","40","mg","2","0"
"8","Teuscher_2015_methylphenidate","methylphenidate","1","0",".","ng/mL","40","mg","2","."
"8","Teuscher_2015_methylphenidate","methylphenidate","0","0","0","ng/mL","40","mg","2","0"
"8","Teuscher_2015_methylphenidate","methylphenidate","0","0.25","23.213606","ng/mL","40","mg","2","0"
"8","Teuscher_2015_methylphenidate","methylphenidate","0","0.5","37.576849","ng/mL","40","mg","2","0"
"8","Teuscher_2015_methylphenidate","methylphenidate","0","1","0","ng/mL","40","mg","2","1"
"8","Teuscher_2015_methylphenidate","methylphenidate","0","2","7.049043","ng/mL","40","mg","2","0"
"8","Teuscher_2015_methylphenidate","methylphenidate","0","4","0","ng/mL","40","mg","2","1"
"8","Teuscher_2015_methylphenidate","methylphenidate","0","6","0","ng/mL","40","mg","2","1"
"8","Teuscher_2015_methylphenidate","methylphenidate","0","8","0.167856","ng/mL","40","mg","2","0"
"8","Teuscher_2015_methylphenidate","methylphenidate","0","12","1.531733","ng/mL","40","mg","2","0"
"8","Teuscher_2015_methylphenidate","methylphenidate","0","14","0.018058","ng/mL","40","mg","2","0"
"9","Teuscher_2015_methylphenidate","methylphenidate","1","0",".","ng/mL","40","mg","2","."
"9","Teuscher_2015_methylphenidate","methylphenidate","0","0","0","ng/mL","40","mg","2","0"
"9","Teuscher_2015_methylphenidate","methylphenidate","0","0.25","4.469071","ng/mL","40","mg","2","0"
"9","Teuscher_2015_methylphenidate","methylphenidate","0","0.5","0","ng/mL","40","mg","2","1"
"9","Teuscher_2015_methylphenidate","methylphenidate","0","1","2.999681","ng/mL","40","mg","2","0"
"9","Teuscher_2015_methylphenidate","methylphenidate","0","2","0.44526","ng/mL","40","mg","2","0"
"9","Teuscher_2015_methylphenidate","methylphenidate","0","4","2.942302","ng/mL","40","mg","2","0"
"9","Teuscher_2015_methylphenidate","methylphenidate","0","6","0","ng/mL","40","mg","2","1"
"9","Teuscher_2015_methylphenidate","methylphenidate","0","8","0","ng/mL","40","mg","2","1"
"9","Teuscher_2015_methylphenidate","methylphenidate","0","12","0.735542","ng/mL","40","mg","2","0"
"9","Teuscher_2015_methylphenidate","methylphenidate","0","14","0.540449","ng/mL","40","mg","2","0"
"10","Teuscher_2015_methylphenidate","methylphenidate","1","0",".","ng/mL","40","mg","2","."
"10","Teuscher_2015_methylphenidate","methylphenidate","0","0","0","ng/mL","40","mg","2","0"
"10","Teuscher_2015_methylphenidate","methylphenidate","0","0.25","28.320727","ng/mL","40","mg","2","0"
"10","Teuscher_2015_methylphenidate","methylphenidate","0","0.5","27.259554","ng/mL","40","mg","2","0"
"10","Teuscher_2015_methylphenidate","methylphenidate","0","1","0","ng/mL","40","mg","2","1"
"10","Teuscher_2015_methylphenidate","methylphenidate","0","2","13.740213","ng/mL","40","mg","2","0"
"10","Teuscher_2015_methylphenidate","methylphenidate","0","4","6.788411","ng/mL","40","mg","2","0"
"10","Teuscher_2015_methylphenidate","methylphenidate","0","6","6.406854","ng/mL","40","mg","2","0"
"10","Teuscher_2015_methylphenidate","methylphenidate","0","8","1.561769","ng/mL","40","mg","2","0"
"10","Teuscher_2015_methylphenidate","methylphenidate","0","12","0.100295","ng/mL","40","mg","2","0"
"10","Teuscher_2015_methylphenidate","methylphenidate","0","14","0.041754","ng/mL","40","mg","2","0"
"1","Eugene_2016_metoprolol","metoprolol","1","0",".","ng/mL","50","mg","2","."
"1","Eugene_2016_metoprolol","metoprolol","0","0","0","ng/mL","50","mg","2","0"
"1","Eugene_2016_metoprolol","metoprolol","0","0.25","0","ng/mL","50","mg","2","0"
"1","Eugene_2016_metoprolol","metoprolol","0","0.5","0","ng/mL","50","mg","2","0"
"1","Eugene_2016_metoprolol","metoprolol","0","1","46.366498","ng/mL","50","mg","2","0"
"1","Eugene_2016_metoprolol","metoprolol","0","2","76.072717","ng/mL","50","mg","2","0"
"1","Eugene_2016_metoprolol","metoprolol","0","4","98.280719","ng/mL","50","mg","2","0"
"1","Eugene_2016_metoprolol","metoprolol","0","6","74.005233","ng/mL","50","mg","2","0"
"1","Eugene_2016_metoprolol","metoprolol","0","8","65.587758","ng/mL","50","mg","2","0"
"1","Eugene_2016_metoprolol","metoprolol","0","12","21.312989","ng/mL","50","mg","2","0"
"1","Eugene_2016_metoprolol","metoprolol","0","15","5.655543","ng/mL","50","mg","2","0"
"2","Eugene_2016_metoprolol","metoprolol","1","0",".","ng/mL","50","mg","2","."
"2","Eugene_2016_metoprolol","metoprolol","0","0","0","ng/mL","50","mg","2","0"
"2","Eugene_2016_metoprolol","metoprolol","0","0.25","0","ng/mL","50","mg","2","0"
"2","Eugene_2016_metoprolol","metoprolol","0","0.5","23.007555","ng/mL","50","mg","2","0"
"2","Eugene_2016_metoprolol","metoprolol","0","1","88.923002","ng/mL","50","mg","2","0"
"2","Eugene_2016_metoprolol","metoprolol","0","2","52.655309","ng/mL","50","mg","2","0"
"2","Eugene_2016_metoprolol","metoprolol","0","4","26.080958","ng/mL","50","mg","2","0"
"2","Eugene_2016_metoprolol","metoprolol","0","6","29.008348","ng/mL","50","mg","2","0"
"2","Eugene_2016_metoprolol","metoprolol","0","8","6.255838","ng/mL","50","mg","2","0"
"2","Eugene_2016_metoprolol","metoprolol","0","12","16.544723","ng/mL","50","mg","2","0"
"2","Eugene_2016_metoprolol","metoprolol","0","15","20.570891","ng/mL","50","mg","2","0"
"3","Eugene_2016_metoprolol","metoprolol","1","0",".","ng/mL","50","mg","2","."
"3","Eugene_2016_metoprolol","metoprolol","0","0","0","ng/mL","50","mg","2","0"
"3","Eugene_2016_metoprolol","metoprolol","0","0.25","0","ng/mL","50","mg","2","0"
"3","Eugene_2016_metoprolol","metoprolol","0","0.5","1.514746","ng/mL","50","mg","2","0"
"3","Eugene_2016_metoprolol","metoprolol","0","1","95.237747","ng/mL","50","mg","2","0"
"3","Eugene_2016_metoprolol","metoprolol","0","2","61.940391","ng/mL","50","mg","2","0"
"3","Eugene_2016_metoprolol","metoprolol","0","4","38.796997","ng/mL","50","mg","2","0"
"3","Eugene_2016_metoprolol","metoprolol","0","6","43.29773","ng/mL","50","mg","2","0"
"3","Eugene_2016_metoprolol","metoprolol","0","8","25.128448","ng/mL","50","mg","2","0"
"3","Eugene_2016_metoprolol","metoprolol","0","12","0","ng/mL","50","mg","2","1"
"3","Eugene_2016_metoprolol","metoprolol","0","15","0","ng/mL","50","mg","2","1"
"4","Eugene_2016_metoprolol","metoprolol","1","0",".","ng/mL","50","mg","2","."
"4","Eugene_2016_metoprolol","metoprolol","0","0","0","ng/mL","50","mg","2","0"
"4","Eugene_2016_metoprolol","metoprolol","0","0.25","0","ng/mL","50","mg","2","0"
"4","Eugene_2016_metoprolol","metoprolol","0","0.5","0","ng/mL","50","mg","2","0"
"4","Eugene_2016_metoprolol","metoprolol","0","1","0","ng/mL","50","mg","2","1"
"4","Eugene_2016_metoprolol","metoprolol","0","2","38.126945","ng/mL","50","mg","2","0"
"4","Eugene_2016_metoprolol","metoprolol","0","4","36.151033","ng/mL","50","mg","2","0"
"4","Eugene_2016_metoprolol","metoprolol","0","6","46.736605","ng/mL","50","mg","2","0"
"4","Eugene_2016_metoprolol","metoprolol","0","8","39.992512","ng/mL","50","mg","2","0"
"4","Eugene_2016_metoprolol","metoprolol","0","12","13.689572","ng/mL","50","mg","2","0"
"4","Eugene_2016_metoprolol","metoprolol","0","15","10.652838","ng/mL","50","mg","2","0"
"5","Eugene_2016_metoprolol","metoprolol","1","0",".","ng/mL","50","mg","2","."
"5","Eugene_2016_metoprolol","metoprolol","0","0","0","ng/mL","50","mg","2","0"
"5","Eugene_2016_metoprolol","metoprolol","0","0.25","0","ng/mL","50","mg","2","0"
"5","Eugene_2016_metoprolol","metoprolol","0","0.5","37.244638","ng/mL","50","mg","2","0"
"5","Eugene_2016_metoprolol","metoprolol","0","1","116.814896","ng/mL","50","mg","2","0"
"5","Eugene_2016_metoprolol","metoprolol","0","2","105.646111","ng/mL","50","mg","2","0"
"5","Eugene_2016_metoprolol","metoprolol","0","4","53.007155","ng/mL","50","mg","2","0"
"5","Eugene_2016_metoprolol","metoprolol","0","6","35.998092","ng/mL","50","mg","2","0"
"5","Eugene_2016_metoprolol","metoprolol","0","8","30.846313","ng/mL","50","mg","2","0"
"5","Eugene_2016_metoprolol","metoprolol","0","12","11.089387","ng/mL","50","mg","2","0"
"5","Eugene_2016_metoprolol","metoprolol","0","15","17.327071","ng/mL","50","mg","2","0"
"6","Eugene_2016_metoprolol","metoprolol","1","0",".","ng/mL","50","mg","2","."
"6","Eugene_2016_metoprolol","metoprolol","0","0","0","ng/mL","50","mg","2","0"
"6","Eugene_2016_metoprolol","metoprolol","0","0.25","0","ng/mL","50","mg","2","0"
"6","Eugene_2016_metoprolol","metoprolol","0","0.5","0","ng/mL","50","mg","2","0"
"6","Eugene_2016_metoprolol","metoprolol","0","1","53.494036","ng/mL","50","mg","2","0"
"6","Eugene_2016_metoprolol","metoprolol","0","2","60.989505","ng/mL","50","mg","2","0"
"6","Eugene_2016_metoprolol","metoprolol","0","4","38.30286","ng/mL","50","mg","2","0"
"6","Eugene_2016_metoprolol","metoprolol","0","6","22.781664","ng/mL","50","mg","2","0"
"6","Eugene_2016_metoprolol","metoprolol","0","8","9.884055","ng/mL","50","mg","2","0"
"6","Eugene_2016_metoprolol","metoprolol","0","12","20.295516","ng/mL","50","mg","2","0"
"6","Eugene_2016_metoprolol","metoprolol","0","15","0","ng/mL","50","mg","2","1"
"7","Eugene_2016_metoprolol","metoprolol","1","0",".","ng/mL","50","mg","2","."
"7","Eugene_2016_metoprolol","metoprolol","0","0","0","ng/mL","50","mg","2","0"
"7","Eugene_2016_metoprolol","metoprolol","0","0.25","0","ng/mL","50","mg","2","0"
"7","Eugene_2016_metoprolol","metoprolol","0","0.5","65.312761","ng/mL","50","mg","2","0"
"7","Eugene_2016_metoprolol","metoprolol","0","1","55.816411","ng/mL","50","mg","2","0"
"7","Eugene_2016_metoprolol","metoprolol","0","2","42.067009","ng/mL","50","mg","2","0"
"7","Eugene_2016_metoprolol","metoprolol","0","4","21.241824","ng/mL","50","mg","2","0"
"7","Eugene_2016_metoprolol","metoprolol","0","6","30.718607","ng/mL","50","mg","2","0"
"7","Eugene_2016_metoprolol","metoprolol","0","8","18.319027","ng/mL","50","mg","2","0"
"7","Eugene_2016_metoprolol","metoprolol","0","12","9.005728","ng/mL","50","mg","2","0"
"7","Eugene_2016_metoprolol","metoprolol","0","15","15.704478","ng/mL","50","mg","2","0"
"8","Eugene_2016_metoprolol","metoprolol","1","0",".","ng/mL","50","mg","2","."
"8","Eugene_2016_metoprolol","metoprolol","0","0","0","ng/mL","50","mg","2","0"
"8","Eugene_2016_metoprolol","metoprolol","0","0.25","0","ng/mL","50","mg","2","0"
"8","Eugene_2016_metoprolol","metoprolol","0","0.5","0","ng/mL","50","mg","2","0"
"8","Eugene_2016_metoprolol","metoprolol","0","1","29.979713","ng/mL","50","mg","2","0"
"8","Eugene_2016_metoprolol","metoprolol","0","2","45.138274","ng/mL","50","mg","2","0"
"8","Eugene_2016_metoprolol","metoprolol","0","4","60.401601","ng/mL","50","mg","2","0"
"8","Eugene_2016_metoprolol","metoprolol","0","6","49.706487","ng/mL","50","mg","2","0"
"8","Eugene_2016_metoprolol","metoprolol","0","8","3.041422","ng/mL","50","mg","2","0"
"8","Eugene_2016_metoprolol","metoprolol","0","12","22.626322","ng/mL","50","mg","2","0"
"8","Eugene_2016_metoprolol","metoprolol","0","15","13.302886","ng/mL","50","mg","2","0"
"9","Eugene_2016_metoprolol","metoprolol","1","0",".","ng/mL","50","mg","2","."
"9","Eugene_2016_metoprolol","metoprolol","0","0","0","ng/mL","50","mg","2","0"
"9","Eugene_2016_metoprolol","metoprolol","0","0.25","0","ng/mL","50","mg","2","0"
"9","Eugene_2016_metoprolol","metoprolol","0","0.5","0","ng/mL","50","mg","2","0"
"9","Eugene_2016_metoprolol","metoprolol","0","1","67.870204","ng/mL","50","mg","2","0"
"9","Eugene_2016_metoprolol","metoprolol","0","2","88.953662","ng/mL","50","mg","2","0"
"9","Eugene_2016_metoprolol","metoprolol","0","4","31.02751","ng/mL","50","mg","2","0"
"9","Eugene_2016_metoprolol","metoprolol","0","6","42.543736","ng/mL","50","mg","2","0"
"9","Eugene_2016_metoprolol","metoprolol","0","8","5.659987","ng/mL","50","mg","2","0"
"9","Eugene_2016_metoprolol","metoprolol","0","12","5.525922","ng/mL","50","mg","2","0"
"9","Eugene_2016_metoprolol","metoprolol","0","15","0","ng/mL","50","mg","2","1"
"10","Eugene_2016_metoprolol","metoprolol","1","0",".","ng/mL","50","mg","2","."
"10","Eugene_2016_metoprolol","metoprolol","0","0","0","ng/mL","50","mg","2","0"
"10","Eugene_2016_metoprolol","metoprolol","0","0.25","0","ng/mL","50","mg","2","0"
"10","Eugene_2016_metoprolol","metoprolol","0","0.5","35.124521","ng/mL","50","mg","2","0"
"10","Eugene_2016_metoprolol","metoprolol","0","1","90.524439","ng/mL","50","mg","2","0"
"10","Eugene_2016_metoprolol","metoprolol","0","2","127.932669","ng/mL","50","mg","2","0"
"10","Eugene_2016_metoprolol","metoprolol","0","4","84.524856","ng/mL","50","mg","2","0"
"10","Eugene_2016_metoprolol","metoprolol","0","6","47.530984","ng/mL","50","mg","2","0"
"10","Eugene_2016_metoprolol","metoprolol","0","8","34.430655","ng/mL","50","mg","2","0"
"10","Eugene_2016_metoprolol","metoprolol","0","12","5.668442","ng/mL","50","mg","2","0"
"10","Eugene_2016_metoprolol","metoprolol","0","15","0","ng/mL","50","mg","2","1"
"1","Wang_2013_morphine","morphine","1","0",".","ug/L","100","mg","1","."
"1","Wang_2013_morphine","morphine","0","0","0.493158","ug/L","100","mg","1","0"
"1","Wang_2013_morphine","morphine","0","0.25","0.303997","ug/L","100","mg","1","0"
"1","Wang_2013_morphine","morphine","0","0.5","0.291427","ug/L","100","mg","1","0"
"1","Wang_2013_morphine","morphine","0","1","0.274106","ug/L","100","mg","1","0"
"1","Wang_2013_morphine","morphine","0","2","0.096261","ug/L","100","mg","1","0"
"1","Wang_2013_morphine","morphine","0","4","0.104033","ug/L","100","mg","1","0"
"1","Wang_2013_morphine","morphine","0","6","0.015285","ug/L","100","mg","1","0"
"1","Wang_2013_morphine","morphine","0","8","0.045362","ug/L","100","mg","1","0"
"1","Wang_2013_morphine","morphine","0","11","0.010116","ug/L","100","mg","1","0"
"2","Wang_2013_morphine","morphine","1","0",".","ug/L","100","mg","1","."
"2","Wang_2013_morphine","morphine","0","0","1.150634","ug/L","100","mg","1","0"
"2","Wang_2013_morphine","morphine","0","0.25","0.325035","ug/L","100","mg","1","0"
"2","Wang_2013_morphine","morphine","0","0.5","0.541967","ug/L","100","mg","1","0"
"2","Wang_2013_morphine","morphine","0","1","0.298672","ug/L","100","mg","1","0"
"2","Wang_2013_morphine","morphine","0","2","0.323736","ug/L","100","mg","1","0"
"2","Wang_2013_morphine","morphine","0","4","0.118361","ug/L","100","mg","1","0"
"2","Wang_2013_morphine","morphine","0","6","0.128512","ug/L","100","mg","1","0"
"2","Wang_2013_morphine","morphine","0","8","0.085752","ug/L","100","mg","1","0"
"2","Wang_2013_morphine","morphine","0","11","0.049639","ug/L","100","mg","1","0"
"3","Wang_2013_morphine","morphine","1","0",".","ug/L","100","mg","1","."
"3","Wang_2013_morphine","morphine","0","0","1.012606","ug/L","100","mg","1","0"
"3","Wang_2013_morphine","morphine","0","0.25","0.408233","ug/L","100","mg","1","0"
"3","Wang_2013_morphine","morphine","0","0.5","0.382116","ug/L","100","mg","1","0"
"3","Wang_2013_morphine","morphine","0","1","0.275552","ug/L","100","mg","1","0"
"3","Wang_2013_morphine","morphine","0","2","0.114191","ug/L","100","mg","1","0"
"3","Wang_2013_morphine","morphine","0","4","0.005507","ug/L","100","mg","1","0"
"3","Wang_2013_morphine","morphine","0","6","0.037398","ug/L","100","mg","1","0"
"3","Wang_2013_morphine","morphine","0","8","0.017767","ug/L","100","mg","1","0"
"3","Wang_2013_morphine","morphine","0","11","0.005915","ug/L","100","mg","1","0"
"4","Wang_2013_morphine","morphine","1","0",".","ug/L","100","mg","1","."
"4","Wang_2013_morphine","morphine","0","0","0.4552","ug/L","100","mg","1","0"
"4","Wang_2013_morphine","morphine","0","0.25","1.187934","ug/L","100","mg","1","0"
"4","Wang_2013_morphine","morphine","0","0.5","0.468537","ug/L","100","mg","1","0"
"4","Wang_2013_morphine","morphine","0","1","0.414878","ug/L","100","mg","1","0"
"4","Wang_2013_morphine","morphine","0","2","0.221771","ug/L","100","mg","1","0"
"4","Wang_2013_morphine","morphine","0","4","0.022815","ug/L","100","mg","1","0"
"4","Wang_2013_morphine","morphine","0","6","0.051233","ug/L","100","mg","1","0"
"4","Wang_2013_morphine","morphine","0","8","0.041525","ug/L","100","mg","1","0"
"4","Wang_2013_morphine","morphine","0","11","0.008014","ug/L","100","mg","1","0"
"5","Wang_2013_morphine","morphine","1","0",".","ug/L","100","mg","1","."
"5","Wang_2013_morphine","morphine","0","0","0.572388","ug/L","100","mg","1","0"
"5","Wang_2013_morphine","morphine","0","0.25","0.401568","ug/L","100","mg","1","0"
"5","Wang_2013_morphine","morphine","0","0.5","0.719113","ug/L","100","mg","1","0"
"5","Wang_2013_morphine","morphine","0","1","0.170967","ug/L","100","mg","1","0"
"5","Wang_2013_morphine","morphine","0","2","0.138643","ug/L","100","mg","1","0"
"5","Wang_2013_morphine","morphine","0","4","0.120566","ug/L","100","mg","1","0"
"5","Wang_2013_morphine","morphine","0","6","0.055997","ug/L","100","mg","1","0"
"5","Wang_2013_morphine","morphine","0","8","0.066713","ug/L","100","mg","1","0"
"5","Wang_2013_morphine","morphine","0","11","0.049158","ug/L","100","mg","1","0"
"6","Wang_2013_morphine","morphine","1","0",".","ug/L","100","mg","1","."
"6","Wang_2013_morphine","morphine","0","0","1.166004","ug/L","100","mg","1","0"
"6","Wang_2013_morphine","morphine","0","0.25","0.87544","ug/L","100","mg","1","0"
"6","Wang_2013_morphine","morphine","0","0.5","0.652724","ug/L","100","mg","1","0"
"6","Wang_2013_morphine","morphine","0","1","0.414952","ug/L","100","mg","1","0"
"6","Wang_2013_morphine","morphine","0","2","0.068508","ug/L","100","mg","1","0"
"6","Wang_2013_morphine","morphine","0","4","0.144452","ug/L","100","mg","1","0"
"6","Wang_2013_morphine","morphine","0","6","0.074218","ug/L","100","mg","1","0"
"6","Wang_2013_morphine","morphine","0","8","0.075388","ug/L","100","mg","1","0"
"6","Wang_2013_morphine","morphine","0","11","0.041187","ug/L","100","mg","1","0"
"7","Wang_2013_morphine","morphine","1","0",".","ug/L","100","mg","1","."
"7","Wang_2013_morphine","morphine","0","0","0.839407","ug/L","100","mg","1","0"
"7","Wang_2013_morphine","morphine","0","0.25","0.532285","ug/L","100","mg","1","0"
"7","Wang_2013_morphine","morphine","0","0.5","0.257152","ug/L","100","mg","1","0"
"7","Wang_2013_morphine","morphine","0","1","0.098047","ug/L","100","mg","1","0"
"7","Wang_2013_morphine","morphine","0","2","0.076387","ug/L","100","mg","1","0"
"7","Wang_2013_morphine","morphine","0","4","0.050098","ug/L","100","mg","1","0"
"7","Wang_2013_morphine","morphine","0","6","0.027899","ug/L","100","mg","1","0"
"7","Wang_2013_morphine","morphine","0","8","0.016418","ug/L","100","mg","1","0"
"7","Wang_2013_morphine","morphine","0","11","0.0059","ug/L","100","mg","1","0"
"8","Wang_2013_morphine","morphine","1","0",".","ug/L","100","mg","1","."
"8","Wang_2013_morphine","morphine","0","0","0.297167","ug/L","100","mg","1","0"
"8","Wang_2013_morphine","morphine","0","0.25","0.679419","ug/L","100","mg","1","0"
"8","Wang_2013_morphine","morphine","0","0.5","0.378585","ug/L","100","mg","1","0"
"8","Wang_2013_morphine","morphine","0","1","0.224534","ug/L","100","mg","1","0"
"8","Wang_2013_morphine","morphine","0","2","0.330415","ug/L","100","mg","1","0"
"8","Wang_2013_morphine","morphine","0","4","0.105649","ug/L","100","mg","1","0"
"8","Wang_2013_morphine","morphine","0","6","0.144032","ug/L","100","mg","1","0"
"8","Wang_2013_morphine","morphine","0","8","0.060788","ug/L","100","mg","1","0"
"8","Wang_2013_morphine","morphine","0","11","0.040384","ug/L","100","mg","1","0"
"9","Wang_2013_morphine","morphine","1","0",".","ug/L","100","mg","1","."
"9","Wang_2013_morphine","morphine","0","0","0.84126","ug/L","100","mg","1","0"
"9","Wang_2013_morphine","morphine","0","0.25","0.22569","ug/L","100","mg","1","0"
"9","Wang_2013_morphine","morphine","0","0.5","0.300935","ug/L","100","mg","1","0"
"9","Wang_2013_morphine","morphine","0","1","0.083195","ug/L","100","mg","1","0"
"9","Wang_2013_morphine","morphine","0","2","0","ug/L","100","mg","1","1"
"9","Wang_2013_morphine","morphine","0","4","0.001114","ug/L","100","mg","1","0"
"9","Wang_2013_morphine","morphine","0","6","0.011667","ug/L","100","mg","1","0"
"9","Wang_2013_morphine","morphine","0","8","0.002353","ug/L","100","mg","1","0"
"9","Wang_2013_morphine","morphine","0","11","0.001413","ug/L","100","mg","1","0"
"10","Wang_2013_morphine","morphine","1","0",".","ug/L","100","mg","1","."
"10","Wang_2013_morphine","morphine","0","0","1.268948","ug/L","100","mg","1","0"
"10","Wang_2013_morphine","morphine","0","0.25","0.376227","ug/L","100","mg","1","0"
"10","Wang_2013_morphine","morphine","0","0.5","0.302236","ug/L","100","mg","1","0"
"10","Wang_2013_morphine","morphine","0","1","0.118116","ug/L","100","mg","1","0"
"10","Wang_2013_morphine","morphine","0","2","0.045159","ug/L","100","mg","1","0"
"10","Wang_2013_morphine","morphine","0","4","0.025358","ug/L","100","mg","1","0"
"10","Wang_2013_morphine","morphine","0","6","0.017141","ug/L","100","mg","1","0"
"10","Wang_2013_morphine","morphine","0","8","0.001871","ug/L","100","mg","1","0"
"10","Wang_2013_morphine","morphine","0","11","0.001231","ug/L","100","mg","1","0"
"1","Long_2017_necitumumab","necitumumab","1","0",".","mg/L","800","mg","1","."
"1","Long_2017_necitumumab","necitumumab","0","0","321.051114","mg/L","800","mg","1","0"
"1","Long_2017_necitumumab","necitumumab","0","1","175.495791","mg/L","800","mg","1","0"
"1","Long_2017_necitumumab","necitumumab","0","2","259.244675","mg/L","800","mg","1","0"
"1","Long_2017_necitumumab","necitumumab","0","4","199.37426","mg/L","800","mg","1","0"
"1","Long_2017_necitumumab","necitumumab","0","8","255.407756","mg/L","800","mg","1","0"
"1","Long_2017_necitumumab","necitumumab","0","24","232.170551","mg/L","800","mg","1","0"
"1","Long_2017_necitumumab","necitumumab","0","48","211.570033","mg/L","800","mg","1","0"
"1","Long_2017_necitumumab","necitumumab","0","72","176.333966","mg/L","800","mg","1","0"
"1","Long_2017_necitumumab","necitumumab","0","96","164.411238","mg/L","800","mg","1","0"
"1","Long_2017_necitumumab","necitumumab","0","120","91.866958","mg/L","800","mg","1","0"
"1","Long_2017_necitumumab","necitumumab","0","168","91.648019","mg/L","800","mg","1","0"
"1","Long_2017_necitumumab","necitumumab","0","336","85.145713","mg/L","800","mg","1","0"
"1","Long_2017_necitumumab","necitumumab","0","504","50.103439","mg/L","800","mg","1","0"
"1","Long_2017_necitumumab","necitumumab","0","672","36.526899","mg/L","800","mg","1","0"
"1","Long_2017_necitumumab","necitumumab","0","790","4.582685","mg/L","800","mg","1","0"
"2","Long_2017_necitumumab","necitumumab","1","0",".","mg/L","800","mg","1","."
"2","Long_2017_necitumumab","necitumumab","0","0","57.342312","mg/L","800","mg","1","0"
"2","Long_2017_necitumumab","necitumumab","0","1","147.424196","mg/L","800","mg","1","0"
"2","Long_2017_necitumumab","necitumumab","0","2","141.328653","mg/L","800","mg","1","0"
"2","Long_2017_necitumumab","necitumumab","0","4","170.854656","mg/L","800","mg","1","0"
"2","Long_2017_necitumumab","necitumumab","0","8","115.824741","mg/L","800","mg","1","0"
"2","Long_2017_necitumumab","necitumumab","0","24","155.087762","mg/L","800","mg","1","0"
"2","Long_2017_necitumumab","necitumumab","0","48","110.846673","mg/L","800","mg","1","0"
"2","Long_2017_necitumumab","necitumumab","0","72","62.042858","mg/L","800","mg","1","0"
"2","Long_2017_necitumumab","necitumumab","0","96","98.44096","mg/L","800","mg","1","0"
"2","Long_2017_necitumumab","necitumumab","0","120","66.797298","mg/L","800","mg","1","0"
"2","Long_2017_necitumumab","necitumumab","0","168","53.805228","mg/L","800","mg","1","0"
"2","Long_2017_necitumumab","necitumumab","0","336","21.941419","mg/L","800","mg","1","0"
"2","Long_2017_necitumumab","necitumumab","0","504","0","mg/L","800","mg","1","1"
"2","Long_2017_necitumumab","necitumumab","0","672","0","mg/L","800","mg","1","1"
"2","Long_2017_necitumumab","necitumumab","0","790","0","mg/L","800","mg","1","1"
"3","Long_2017_necitumumab","necitumumab","1","0",".","mg/L","800","mg","1","."
"3","Long_2017_necitumumab","necitumumab","0","0","258.025602","mg/L","800","mg","1","0"
"3","Long_2017_necitumumab","necitumumab","0","1","307.89496","mg/L","800","mg","1","0"
"3","Long_2017_necitumumab","necitumumab","0","2","208.234752","mg/L","800","mg","1","0"
"3","Long_2017_necitumumab","necitumumab","0","4","279.055856","mg/L","800","mg","1","0"
"3","Long_2017_necitumumab","necitumumab","0","8","146.19129","mg/L","800","mg","1","0"
"3","Long_2017_necitumumab","necitumumab","0","24","157.338003","mg/L","800","mg","1","0"
"3","Long_2017_necitumumab","necitumumab","0","48","224.362444","mg/L","800","mg","1","0"
"3","Long_2017_necitumumab","necitumumab","0","72","178.814772","mg/L","800","mg","1","0"
"3","Long_2017_necitumumab","necitumumab","0","96","93.692072","mg/L","800","mg","1","0"
"3","Long_2017_necitumumab","necitumumab","0","120","63.398049","mg/L","800","mg","1","0"
"3","Long_2017_necitumumab","necitumumab","0","168","98.928131","mg/L","800","mg","1","0"
"3","Long_2017_necitumumab","necitumumab","0","336","74.795088","mg/L","800","mg","1","0"
"3","Long_2017_necitumumab","necitumumab","0","504","28.559369","mg/L","800","mg","1","0"
"3","Long_2017_necitumumab","necitumumab","0","672","46.242324","mg/L","800","mg","1","0"
"3","Long_2017_necitumumab","necitumumab","0","790","26.118369","mg/L","800","mg","1","0"
"4","Long_2017_necitumumab","necitumumab","1","0",".","mg/L","800","mg","1","."
"4","Long_2017_necitumumab","necitumumab","0","0","223.224363","mg/L","800","mg","1","0"
"4","Long_2017_necitumumab","necitumumab","0","1","180.362921","mg/L","800","mg","1","0"
"4","Long_2017_necitumumab","necitumumab","0","2","236.7669","mg/L","800","mg","1","0"
"4","Long_2017_necitumumab","necitumumab","0","4","163.264628","mg/L","800","mg","1","0"
"4","Long_2017_necitumumab","necitumumab","0","8","139.085637","mg/L","800","mg","1","0"
"4","Long_2017_necitumumab","necitumumab","0","24","104.364025","mg/L","800","mg","1","0"
"4","Long_2017_necitumumab","necitumumab","0","48","143.373901","mg/L","800","mg","1","0"
"4","Long_2017_necitumumab","necitumumab","0","72","86.341566","mg/L","800","mg","1","0"
"4","Long_2017_necitumumab","necitumumab","0","96","111.653111","mg/L","800","mg","1","0"
"4","Long_2017_necitumumab","necitumumab","0","120","73.156272","mg/L","800","mg","1","0"
"4","Long_2017_necitumumab","necitumumab","0","168","83.063315","mg/L","800","mg","1","0"
"4","Long_2017_necitumumab","necitumumab","0","336","4.464976","mg/L","800","mg","1","0"
"4","Long_2017_necitumumab","necitumumab","0","504","10.761073","mg/L","800","mg","1","0"
"4","Long_2017_necitumumab","necitumumab","0","672","1.745378","mg/L","800","mg","1","0"
"4","Long_2017_necitumumab","necitumumab","0","790","11.595674","mg/L","800","mg","1","0"
"5","Long_2017_necitumumab","necitumumab","1","0",".","mg/L","800","mg","1","."
"5","Long_2017_necitumumab","necitumumab","0","0","218.247776","mg/L","800","mg","1","0"
"5","Long_2017_necitumumab","necitumumab","0","1","187.463587","mg/L","800","mg","1","0"
"5","Long_2017_necitumumab","necitumumab","0","2","228.329317","mg/L","800","mg","1","0"
"5","Long_2017_necitumumab","necitumumab","0","4","305.337777","mg/L","800","mg","1","0"
"5","Long_2017_necitumumab","necitumumab","0","8","238.505488","mg/L","800","mg","1","0"
"5","Long_2017_necitumumab","necitumumab","0","24","183.523921","mg/L","800","mg","1","0"
"5","Long_2017_necitumumab","necitumumab","0","48","168.77443","mg/L","800","mg","1","0"
"5","Long_2017_necitumumab","necitumumab","0","72","122.407265","mg/L","800","mg","1","0"
"5","Long_2017_necitumumab","necitumumab","0","96","77.703728","mg/L","800","mg","1","0"
"5","Long_2017_necitumumab","necitumumab","0","120","105.028445","mg/L","800","mg","1","0"
"5","Long_2017_necitumumab","necitumumab","0","168","64.000537","mg/L","800","mg","1","0"
"5","Long_2017_necitumumab","necitumumab","0","336","46.526836","mg/L","800","mg","1","0"
"5","Long_2017_necitumumab","necitumumab","0","504","20.662559","mg/L","800","mg","1","0"
"5","Long_2017_necitumumab","necitumumab","0","672","0","mg/L","800","mg","1","1"
"5","Long_2017_necitumumab","necitumumab","0","790","14.327233","mg/L","800","mg","1","0"
"6","Long_2017_necitumumab","necitumumab","1","0",".","mg/L","800","mg","1","."
"6","Long_2017_necitumumab","necitumumab","0","0","181.561906","mg/L","800","mg","1","0"
"6","Long_2017_necitumumab","necitumumab","0","1","247.183845","mg/L","800","mg","1","0"
"6","Long_2017_necitumumab","necitumumab","0","2","218.433655","mg/L","800","mg","1","0"
"6","Long_2017_necitumumab","necitumumab","0","4","256.616318","mg/L","800","mg","1","0"
"6","Long_2017_necitumumab","necitumumab","0","8","199.192325","mg/L","800","mg","1","0"
"6","Long_2017_necitumumab","necitumumab","0","24","237.180975","mg/L","800","mg","1","0"
"6","Long_2017_necitumumab","necitumumab","0","48","117.330402","mg/L","800","mg","1","0"
"6","Long_2017_necitumumab","necitumumab","0","72","96.156507","mg/L","800","mg","1","0"
"6","Long_2017_necitumumab","necitumumab","0","96","86.182641","mg/L","800","mg","1","0"
"6","Long_2017_necitumumab","necitumumab","0","120","59.933645","mg/L","800","mg","1","0"
"6","Long_2017_necitumumab","necitumumab","0","168","83.834618","mg/L","800","mg","1","0"
"6","Long_2017_necitumumab","necitumumab","0","336","19.010203","mg/L","800","mg","1","0"
"6","Long_2017_necitumumab","necitumumab","0","504","16.823361","mg/L","800","mg","1","0"
"6","Long_2017_necitumumab","necitumumab","0","672","11.713483","mg/L","800","mg","1","0"
"6","Long_2017_necitumumab","necitumumab","0","790","17.243283","mg/L","800","mg","1","0"
"7","Long_2017_necitumumab","necitumumab","1","0",".","mg/L","800","mg","1","."
"7","Long_2017_necitumumab","necitumumab","0","0","325.682346","mg/L","800","mg","1","0"
"7","Long_2017_necitumumab","necitumumab","0","1","261.540171","mg/L","800","mg","1","0"
"7","Long_2017_necitumumab","necitumumab","0","2","234.85389","mg/L","800","mg","1","0"
"7","Long_2017_necitumumab","necitumumab","0","4","166.081706","mg/L","800","mg","1","0"
"7","Long_2017_necitumumab","necitumumab","0","8","254.267725","mg/L","800","mg","1","0"
"7","Long_2017_necitumumab","necitumumab","0","24","218.844182","mg/L","800","mg","1","0"
"7","Long_2017_necitumumab","necitumumab","0","48","199.248984","mg/L","800","mg","1","0"
"7","Long_2017_necitumumab","necitumumab","0","72","178.143133","mg/L","800","mg","1","0"
"7","Long_2017_necitumumab","necitumumab","0","96","106.399337","mg/L","800","mg","1","0"
"7","Long_2017_necitumumab","necitumumab","0","120","91.944091","mg/L","800","mg","1","0"
"7","Long_2017_necitumumab","necitumumab","0","168","43.436922","mg/L","800","mg","1","0"
"7","Long_2017_necitumumab","necitumumab","0","336","22.484584","mg/L","800","mg","1","0"
"7","Long_2017_necitumumab","necitumumab","0","504","20.6942","mg/L","800","mg","1","0"
"7","Long_2017_necitumumab","necitumumab","0","672","0.8614","mg/L","800","mg","1","0"
"7","Long_2017_necitumumab","necitumumab","0","790","5.645163","mg/L","800","mg","1","0"
"8","Long_2017_necitumumab","necitumumab","1","0",".","mg/L","800","mg","1","."
"8","Long_2017_necitumumab","necitumumab","0","0","248.828317","mg/L","800","mg","1","0"
"8","Long_2017_necitumumab","necitumumab","0","1","245.408262","mg/L","800","mg","1","0"
"8","Long_2017_necitumumab","necitumumab","0","2","251.380385","mg/L","800","mg","1","0"
"8","Long_2017_necitumumab","necitumumab","0","4","188.110937","mg/L","800","mg","1","0"
"8","Long_2017_necitumumab","necitumumab","0","8","277.376245","mg/L","800","mg","1","0"
"8","Long_2017_necitumumab","necitumumab","0","24","214.300801","mg/L","800","mg","1","0"
"8","Long_2017_necitumumab","necitumumab","0","48","179.090021","mg/L","800","mg","1","0"
"8","Long_2017_necitumumab","necitumumab","0","72","105.182119","mg/L","800","mg","1","0"
"8","Long_2017_necitumumab","necitumumab","0","96","103.9985","mg/L","800","mg","1","0"
"8","Long_2017_necitumumab","necitumumab","0","120","130.582849","mg/L","800","mg","1","0"
"8","Long_2017_necitumumab","necitumumab","0","168","57.961454","mg/L","800","mg","1","0"
"8","Long_2017_necitumumab","necitumumab","0","336","13.656252","mg/L","800","mg","1","0"
"8","Long_2017_necitumumab","necitumumab","0","504","10.759818","mg/L","800","mg","1","0"
"8","Long_2017_necitumumab","necitumumab","0","672","19.44504","mg/L","800","mg","1","0"
"8","Long_2017_necitumumab","necitumumab","0","790","13.702368","mg/L","800","mg","1","0"
"9","Long_2017_necitumumab","necitumumab","1","0",".","mg/L","800","mg","1","."
"9","Long_2017_necitumumab","necitumumab","0","0","178.062232","mg/L","800","mg","1","0"
"9","Long_2017_necitumumab","necitumumab","0","1","213.414019","mg/L","800","mg","1","0"
"9","Long_2017_necitumumab","necitumumab","0","2","162.861624","mg/L","800","mg","1","0"
"9","Long_2017_necitumumab","necitumumab","0","4","198.061998","mg/L","800","mg","1","0"
"9","Long_2017_necitumumab","necitumumab","0","8","183.442669","mg/L","800","mg","1","0"
"9","Long_2017_necitumumab","necitumumab","0","24","67.684604","mg/L","800","mg","1","0"
"9","Long_2017_necitumumab","necitumumab","0","48","79.069001","mg/L","800","mg","1","0"
"9","Long_2017_necitumumab","necitumumab","0","72","66.961888","mg/L","800","mg","1","0"
"9","Long_2017_necitumumab","necitumumab","0","96","111.39609","mg/L","800","mg","1","0"
"9","Long_2017_necitumumab","necitumumab","0","120","88.308053","mg/L","800","mg","1","0"
"9","Long_2017_necitumumab","necitumumab","0","168","99.003826","mg/L","800","mg","1","0"
"9","Long_2017_necitumumab","necitumumab","0","336","26.682344","mg/L","800","mg","1","0"
"9","Long_2017_necitumumab","necitumumab","0","504","3.739961","mg/L","800","mg","1","0"
"9","Long_2017_necitumumab","necitumumab","0","672","2.173954","mg/L","800","mg","1","0"
"9","Long_2017_necitumumab","necitumumab","0","790","20.72854","mg/L","800","mg","1","0"
"10","Long_2017_necitumumab","necitumumab","1","0",".","mg/L","800","mg","1","."
"10","Long_2017_necitumumab","necitumumab","0","0","168.012187","mg/L","800","mg","1","0"
"10","Long_2017_necitumumab","necitumumab","0","1","211.450272","mg/L","800","mg","1","0"
"10","Long_2017_necitumumab","necitumumab","0","2","293.322595","mg/L","800","mg","1","0"
"10","Long_2017_necitumumab","necitumumab","0","4","225.770562","mg/L","800","mg","1","0"
"10","Long_2017_necitumumab","necitumumab","0","8","213.689602","mg/L","800","mg","1","0"
"10","Long_2017_necitumumab","necitumumab","0","24","161.71672","mg/L","800","mg","1","0"
"10","Long_2017_necitumumab","necitumumab","0","48","109.081181","mg/L","800","mg","1","0"
"10","Long_2017_necitumumab","necitumumab","0","72","83.897772","mg/L","800","mg","1","0"
"10","Long_2017_necitumumab","necitumumab","0","96","72.849097","mg/L","800","mg","1","0"
"10","Long_2017_necitumumab","necitumumab","0","120","36.969216","mg/L","800","mg","1","0"
"10","Long_2017_necitumumab","necitumumab","0","168","65.005556","mg/L","800","mg","1","0"
"10","Long_2017_necitumumab","necitumumab","0","336","18.366436","mg/L","800","mg","1","0"
"10","Long_2017_necitumumab","necitumumab","0","504","0","mg/L","800","mg","1","1"
"10","Long_2017_necitumumab","necitumumab","0","672","0","mg/L","800","mg","1","1"
"10","Long_2017_necitumumab","necitumumab","0","790","0","mg/L","800","mg","1","1"
"1","Bienczak_2016_nevirapine","nevirapine","1","0",".","mg/L","200","mg","2","."
"1","Bienczak_2016_nevirapine","nevirapine","0","0","0","mg/L","200","mg","2","0"
"1","Bienczak_2016_nevirapine","nevirapine","0","1","0.902029","mg/L","200","mg","2","0"
"1","Bienczak_2016_nevirapine","nevirapine","0","2","1.292428","mg/L","200","mg","2","0"
"1","Bienczak_2016_nevirapine","nevirapine","0","4","2.318302","mg/L","200","mg","2","0"
"1","Bienczak_2016_nevirapine","nevirapine","0","8","2.209056","mg/L","200","mg","2","0"
"1","Bienczak_2016_nevirapine","nevirapine","0","24","1.277619","mg/L","200","mg","2","0"
"1","Bienczak_2016_nevirapine","nevirapine","0","48","1.069933","mg/L","200","mg","2","0"
"1","Bienczak_2016_nevirapine","nevirapine","0","72","0.250004","mg/L","200","mg","2","0"
"1","Bienczak_2016_nevirapine","nevirapine","0","96","0.663256","mg/L","200","mg","2","0"
"1","Bienczak_2016_nevirapine","nevirapine","0","120","0.346798","mg/L","200","mg","2","0"
"1","Bienczak_2016_nevirapine","nevirapine","0","129","0.01793","mg/L","200","mg","2","0"
"2","Bienczak_2016_nevirapine","nevirapine","1","0",".","mg/L","200","mg","2","."
"2","Bienczak_2016_nevirapine","nevirapine","0","0","0","mg/L","200","mg","2","0"
"2","Bienczak_2016_nevirapine","nevirapine","0","1","0","mg/L","200","mg","2","1"
"2","Bienczak_2016_nevirapine","nevirapine","0","2","0.825426","mg/L","200","mg","2","0"
"2","Bienczak_2016_nevirapine","nevirapine","0","4","0.831995","mg/L","200","mg","2","0"
"2","Bienczak_2016_nevirapine","nevirapine","0","8","0.557246","mg/L","200","mg","2","0"
"2","Bienczak_2016_nevirapine","nevirapine","0","24","0.610117","mg/L","200","mg","2","0"
"2","Bienczak_2016_nevirapine","nevirapine","0","48","0.492769","mg/L","200","mg","2","0"
"2","Bienczak_2016_nevirapine","nevirapine","0","72","0.830705","mg/L","200","mg","2","0"
"2","Bienczak_2016_nevirapine","nevirapine","0","96","0.47574","mg/L","200","mg","2","0"
"2","Bienczak_2016_nevirapine","nevirapine","0","120","0","mg/L","200","mg","2","1"
"2","Bienczak_2016_nevirapine","nevirapine","0","129","0.717746","mg/L","200","mg","2","0"
"3","Bienczak_2016_nevirapine","nevirapine","1","0",".","mg/L","200","mg","2","."
"3","Bienczak_2016_nevirapine","nevirapine","0","0","0","mg/L","200","mg","2","0"
"3","Bienczak_2016_nevirapine","nevirapine","0","1","0.380568","mg/L","200","mg","2","0"
"3","Bienczak_2016_nevirapine","nevirapine","0","2","0.602294","mg/L","200","mg","2","0"
"3","Bienczak_2016_nevirapine","nevirapine","0","4","1.215716","mg/L","200","mg","2","0"
"3","Bienczak_2016_nevirapine","nevirapine","0","8","1.112606","mg/L","200","mg","2","0"
"3","Bienczak_2016_nevirapine","nevirapine","0","24","0.366631","mg/L","200","mg","2","0"
"3","Bienczak_2016_nevirapine","nevirapine","0","48","0.310378","mg/L","200","mg","2","0"
"3","Bienczak_2016_nevirapine","nevirapine","0","72","0","mg/L","200","mg","2","1"
"3","Bienczak_2016_nevirapine","nevirapine","0","96","0","mg/L","200","mg","2","1"
"3","Bienczak_2016_nevirapine","nevirapine","0","120","0.109901","mg/L","200","mg","2","0"
"3","Bienczak_2016_nevirapine","nevirapine","0","129","0","mg/L","200","mg","2","1"
"4","Bienczak_2016_nevirapine","nevirapine","1","0",".","mg/L","200","mg","2","."
"4","Bienczak_2016_nevirapine","nevirapine","0","0","0","mg/L","200","mg","2","0"
"4","Bienczak_2016_nevirapine","nevirapine","0","1","0.520618","mg/L","200","mg","2","0"
"4","Bienczak_2016_nevirapine","nevirapine","0","2","0.702068","mg/L","200","mg","2","0"
"4","Bienczak_2016_nevirapine","nevirapine","0","4","1.636287","mg/L","200","mg","2","0"
"4","Bienczak_2016_nevirapine","nevirapine","0","8","1.54176","mg/L","200","mg","2","0"
"4","Bienczak_2016_nevirapine","nevirapine","0","24","0.904822","mg/L","200","mg","2","0"
"4","Bienczak_2016_nevirapine","nevirapine","0","48","0.596532","mg/L","200","mg","2","0"
"4","Bienczak_2016_nevirapine","nevirapine","0","72","0.393383","mg/L","200","mg","2","0"
"4","Bienczak_2016_nevirapine","nevirapine","0","96","0.5108","mg/L","200","mg","2","0"
"4","Bienczak_2016_nevirapine","nevirapine","0","120","0","mg/L","200","mg","2","1"
"4","Bienczak_2016_nevirapine","nevirapine","0","129","0.102508","mg/L","200","mg","2","0"
"5","Bienczak_2016_nevirapine","nevirapine","1","0",".","mg/L","200","mg","2","."
"5","Bienczak_2016_nevirapine","nevirapine","0","0","0","mg/L","200","mg","2","0"
"5","Bienczak_2016_nevirapine","nevirapine","0","1","0","mg/L","200","mg","2","1"
"5","Bienczak_2016_nevirapine","nevirapine","0","2","0.617674","mg/L","200","mg","2","0"
"5","Bienczak_2016_nevirapine","nevirapine","0","4","1.823427","mg/L","200","mg","2","0"
"5","Bienczak_2016_nevirapine","nevirapine","0","8","1.491638","mg/L","200","mg","2","0"
"5","Bienczak_2016_nevirapine","nevirapine","0","24","0.3834","mg/L","200","mg","2","0"
"5","Bienczak_2016_nevirapine","nevirapine","0","48","0.232386","mg/L","200","mg","2","0"
"5","Bienczak_2016_nevirapine","nevirapine","0","72","0.762183","mg/L","200","mg","2","0"
"5","Bienczak_2016_nevirapine","nevirapine","0","96","0.464107","mg/L","200","mg","2","0"
"5","Bienczak_2016_nevirapine","nevirapine","0","120","0.416947","mg/L","200","mg","2","0"
"5","Bienczak_2016_nevirapine","nevirapine","0","129","0.135301","mg/L","200","mg","2","0"
"6","Bienczak_2016_nevirapine","nevirapine","1","0",".","mg/L","200","mg","2","."
"6","Bienczak_2016_nevirapine","nevirapine","0","0","0","mg/L","200","mg","2","0"
"6","Bienczak_2016_nevirapine","nevirapine","0","1","0.300316","mg/L","200","mg","2","0"
"6","Bienczak_2016_nevirapine","nevirapine","0","2","0.319363","mg/L","200","mg","2","0"
"6","Bienczak_2016_nevirapine","nevirapine","0","4","1.585653","mg/L","200","mg","2","0"
"6","Bienczak_2016_nevirapine","nevirapine","0","8","1.94248","mg/L","200","mg","2","0"
"6","Bienczak_2016_nevirapine","nevirapine","0","24","1.032537","mg/L","200","mg","2","0"
"6","Bienczak_2016_nevirapine","nevirapine","0","48","1.142894","mg/L","200","mg","2","0"
"6","Bienczak_2016_nevirapine","nevirapine","0","72","0","mg/L","200","mg","2","1"
"6","Bienczak_2016_nevirapine","nevirapine","0","96","0.325578","mg/L","200","mg","2","0"
"6","Bienczak_2016_nevirapine","nevirapine","0","120","0.608119","mg/L","200","mg","2","0"
"6","Bienczak_2016_nevirapine","nevirapine","0","129","0.150589","mg/L","200","mg","2","0"
"7","Bienczak_2016_nevirapine","nevirapine","1","0",".","mg/L","200","mg","2","."
"7","Bienczak_2016_nevirapine","nevirapine","0","0","0","mg/L","200","mg","2","0"
"7","Bienczak_2016_nevirapine","nevirapine","0","1","0","mg/L","200","mg","2","1"
"7","Bienczak_2016_nevirapine","nevirapine","0","2","0.053638","mg/L","200","mg","2","0"
"7","Bienczak_2016_nevirapine","nevirapine","0","4","1.608126","mg/L","200","mg","2","0"
"7","Bienczak_2016_nevirapine","nevirapine","0","8","1.465744","mg/L","200","mg","2","0"
"7","Bienczak_2016_nevirapine","nevirapine","0","24","1.074384","mg/L","200","mg","2","0"
"7","Bienczak_2016_nevirapine","nevirapine","0","48","0.56516","mg/L","200","mg","2","0"
"7","Bienczak_2016_nevirapine","nevirapine","0","72","0.142715","mg/L","200","mg","2","0"
"7","Bienczak_2016_nevirapine","nevirapine","0","96","0.209424","mg/L","200","mg","2","0"
"7","Bienczak_2016_nevirapine","nevirapine","0","120","0","mg/L","200","mg","2","1"
"7","Bienczak_2016_nevirapine","nevirapine","0","129","0.013303","mg/L","200","mg","2","0"
"8","Bienczak_2016_nevirapine","nevirapine","1","0",".","mg/L","200","mg","2","."
"8","Bienczak_2016_nevirapine","nevirapine","0","0","0","mg/L","200","mg","2","0"
"8","Bienczak_2016_nevirapine","nevirapine","0","1","0.113088","mg/L","200","mg","2","0"
"8","Bienczak_2016_nevirapine","nevirapine","0","2","0.740657","mg/L","200","mg","2","0"
"8","Bienczak_2016_nevirapine","nevirapine","0","4","1.65714","mg/L","200","mg","2","0"
"8","Bienczak_2016_nevirapine","nevirapine","0","8","1.973704","mg/L","200","mg","2","0"
"8","Bienczak_2016_nevirapine","nevirapine","0","24","0.575435","mg/L","200","mg","2","0"
"8","Bienczak_2016_nevirapine","nevirapine","0","48","0.775548","mg/L","200","mg","2","0"
"8","Bienczak_2016_nevirapine","nevirapine","0","72","0.195015","mg/L","200","mg","2","0"
"8","Bienczak_2016_nevirapine","nevirapine","0","96","0.480299","mg/L","200","mg","2","0"
"8","Bienczak_2016_nevirapine","nevirapine","0","120","0.51974","mg/L","200","mg","2","0"
"8","Bienczak_2016_nevirapine","nevirapine","0","129","0","mg/L","200","mg","2","1"
"9","Bienczak_2016_nevirapine","nevirapine","1","0",".","mg/L","200","mg","2","."
"9","Bienczak_2016_nevirapine","nevirapine","0","0","0","mg/L","200","mg","2","0"
"9","Bienczak_2016_nevirapine","nevirapine","0","1","1.847192","mg/L","200","mg","2","0"
"9","Bienczak_2016_nevirapine","nevirapine","0","2","2.121698","mg/L","200","mg","2","0"
"9","Bienczak_2016_nevirapine","nevirapine","0","4","2.38037","mg/L","200","mg","2","0"
"9","Bienczak_2016_nevirapine","nevirapine","0","8","1.726849","mg/L","200","mg","2","0"
"9","Bienczak_2016_nevirapine","nevirapine","0","24","1.135102","mg/L","200","mg","2","0"
"9","Bienczak_2016_nevirapine","nevirapine","0","48","0.788337","mg/L","200","mg","2","0"
"9","Bienczak_2016_nevirapine","nevirapine","0","72","0","mg/L","200","mg","2","1"
"9","Bienczak_2016_nevirapine","nevirapine","0","96","0.190042","mg/L","200","mg","2","0"
"9","Bienczak_2016_nevirapine","nevirapine","0","120","0","mg/L","200","mg","2","1"
"9","Bienczak_2016_nevirapine","nevirapine","0","129","0.160222","mg/L","200","mg","2","0"
"10","Bienczak_2016_nevirapine","nevirapine","1","0",".","mg/L","200","mg","2","."
"10","Bienczak_2016_nevirapine","nevirapine","0","0","0","mg/L","200","mg","2","0"
"10","Bienczak_2016_nevirapine","nevirapine","0","1","0.061018","mg/L","200","mg","2","0"
"10","Bienczak_2016_nevirapine","nevirapine","0","2","0.837399","mg/L","200","mg","2","0"
"10","Bienczak_2016_nevirapine","nevirapine","0","4","1.717505","mg/L","200","mg","2","0"
"10","Bienczak_2016_nevirapine","nevirapine","0","8","1.949621","mg/L","200","mg","2","0"
"10","Bienczak_2016_nevirapine","nevirapine","0","24","0.904954","mg/L","200","mg","2","0"
"10","Bienczak_2016_nevirapine","nevirapine","0","48","0.484571","mg/L","200","mg","2","0"
"10","Bienczak_2016_nevirapine","nevirapine","0","72","0.644467","mg/L","200","mg","2","0"
"10","Bienczak_2016_nevirapine","nevirapine","0","96","0.335649","mg/L","200","mg","2","0"
"10","Bienczak_2016_nevirapine","nevirapine","0","120","0.144058","mg/L","200","mg","2","0"
"10","Bienczak_2016_nevirapine","nevirapine","0","129","0.328337","mg/L","200","mg","2","0"
"1","Castro-Surez_2020_nimotuzumab","nimotuzumab","1","0",".","mg/L","400","mg","1","."
"1","Castro-Surez_2020_nimotuzumab","nimotuzumab","0","0","58.756353","mg/L","400","mg","1","0"
"1","Castro-Surez_2020_nimotuzumab","nimotuzumab","0","4","32.833762","mg/L","400","mg","1","0"
"1","Castro-Surez_2020_nimotuzumab","nimotuzumab","0","24","164.263611","mg/L","400","mg","1","0"
"1","Castro-Surez_2020_nimotuzumab","nimotuzumab","0","72","101.911499","mg/L","400","mg","1","0"
"1","Castro-Surez_2020_nimotuzumab","nimotuzumab","0","168","11.022553","mg/L","400","mg","1","0"
"1","Castro-Surez_2020_nimotuzumab","nimotuzumab","0","336","3.446498","mg/L","400","mg","1","0"
"1","Castro-Surez_2020_nimotuzumab","nimotuzumab","0","504","2.673321","mg/L","400","mg","1","0"
"1","Castro-Surez_2020_nimotuzumab","nimotuzumab","0","672","1.17573","mg/L","400","mg","1","0"
"1","Castro-Surez_2020_nimotuzumab","nimotuzumab","0","840","0.496927","mg/L","400","mg","1","0"
"1","Castro-Surez_2020_nimotuzumab","nimotuzumab","0","950","0.249449","mg/L","400","mg","1","0"
"2","Castro-Surez_2020_nimotuzumab","nimotuzumab","1","0",".","mg/L","400","mg","1","."
"2","Castro-Surez_2020_nimotuzumab","nimotuzumab","0","0","160.816265","mg/L","400","mg","1","0"
"2","Castro-Surez_2020_nimotuzumab","nimotuzumab","0","4","201.791023","mg/L","400","mg","1","0"
"2","Castro-Surez_2020_nimotuzumab","nimotuzumab","0","24","67.346477","mg/L","400","mg","1","0"
"2","Castro-Surez_2020_nimotuzumab","nimotuzumab","0","72","59.426659","mg/L","400","mg","1","0"
"2","Castro-Surez_2020_nimotuzumab","nimotuzumab","0","168","29.706235","mg/L","400","mg","1","0"
"2","Castro-Surez_2020_nimotuzumab","nimotuzumab","0","336","1.708035","mg/L","400","mg","1","0"
"2","Castro-Surez_2020_nimotuzumab","nimotuzumab","0","504","2.033547","mg/L","400","mg","1","0"
"2","Castro-Surez_2020_nimotuzumab","nimotuzumab","0","672","1.845009","mg/L","400","mg","1","0"
"2","Castro-Surez_2020_nimotuzumab","nimotuzumab","0","840","1.033434","mg/L","400","mg","1","0"
"2","Castro-Surez_2020_nimotuzumab","nimotuzumab","0","950","1.519584","mg/L","400","mg","1","0"
"3","Castro-Surez_2020_nimotuzumab","nimotuzumab","1","0",".","mg/L","400","mg","1","."
"3","Castro-Surez_2020_nimotuzumab","nimotuzumab","0","0","63.079692","mg/L","400","mg","1","0"
"3","Castro-Surez_2020_nimotuzumab","nimotuzumab","0","4","129.351062","mg/L","400","mg","1","0"
"3","Castro-Surez_2020_nimotuzumab","nimotuzumab","0","24","277.52313","mg/L","400","mg","1","0"
"3","Castro-Surez_2020_nimotuzumab","nimotuzumab","0","72","39.042221","mg/L","400","mg","1","0"
"3","Castro-Surez_2020_nimotuzumab","nimotuzumab","0","168","15.482712","mg/L","400","mg","1","0"
"3","Castro-Surez_2020_nimotuzumab","nimotuzumab","0","336","6.964314","mg/L","400","mg","1","0"
"3","Castro-Surez_2020_nimotuzumab","nimotuzumab","0","504","0","mg/L","400","mg","1","1"
"3","Castro-Surez_2020_nimotuzumab","nimotuzumab","0","672","1.031758","mg/L","400","mg","1","0"
"3","Castro-Surez_2020_nimotuzumab","nimotuzumab","0","840","0.2063","mg/L","400","mg","1","0"
"3","Castro-Surez_2020_nimotuzumab","nimotuzumab","0","950","0.256691","mg/L","400","mg","1","0"
"4","Castro-Surez_2020_nimotuzumab","nimotuzumab","1","0",".","mg/L","400","mg","1","."
"4","Castro-Surez_2020_nimotuzumab","nimotuzumab","0","0","125.73318","mg/L","400","mg","1","0"
"4","Castro-Surez_2020_nimotuzumab","nimotuzumab","0","4","81.298856","mg/L","400","mg","1","0"
"4","Castro-Surez_2020_nimotuzumab","nimotuzumab","0","24","125.353422","mg/L","400","mg","1","0"
"4","Castro-Surez_2020_nimotuzumab","nimotuzumab","0","72","107.345536","mg/L","400","mg","1","0"
"4","Castro-Surez_2020_nimotuzumab","nimotuzumab","0","168","24.197389","mg/L","400","mg","1","0"
"4","Castro-Surez_2020_nimotuzumab","nimotuzumab","0","336","4.422236","mg/L","400","mg","1","0"
"4","Castro-Surez_2020_nimotuzumab","nimotuzumab","0","504","4.37498","mg/L","400","mg","1","0"
"4","Castro-Surez_2020_nimotuzumab","nimotuzumab","0","672","1.933712","mg/L","400","mg","1","0"
"4","Castro-Surez_2020_nimotuzumab","nimotuzumab","0","840","1.01011","mg/L","400","mg","1","0"
"4","Castro-Surez_2020_nimotuzumab","nimotuzumab","0","950","0.649185","mg/L","400","mg","1","0"
"5","Castro-Surez_2020_nimotuzumab","nimotuzumab","1","0",".","mg/L","400","mg","1","."
"5","Castro-Surez_2020_nimotuzumab","nimotuzumab","0","0","154.467042","mg/L","400","mg","1","0"
"5","Castro-Surez_2020_nimotuzumab","nimotuzumab","0","4","193.986207","mg/L","400","mg","1","0"
"5","Castro-Surez_2020_nimotuzumab","nimotuzumab","0","24","74.230119","mg/L","400","mg","1","0"
"5","Castro-Surez_2020_nimotuzumab","nimotuzumab","0","72","96.617765","mg/L","400","mg","1","0"
"5","Castro-Surez_2020_nimotuzumab","nimotuzumab","0","168","31.809461","mg/L","400","mg","1","0"
"5","Castro-Surez_2020_nimotuzumab","nimotuzumab","0","336","5.188443","mg/L","400","mg","1","0"
"5","Castro-Surez_2020_nimotuzumab","nimotuzumab","0","504","1.54894","mg/L","400","mg","1","0"
"5","Castro-Surez_2020_nimotuzumab","nimotuzumab","0","672","0.973563","mg/L","400","mg","1","0"
"5","Castro-Surez_2020_nimotuzumab","nimotuzumab","0","840","0.076249","mg/L","400","mg","1","0"
"5","Castro-Surez_2020_nimotuzumab","nimotuzumab","0","950","0.334378","mg/L","400","mg","1","0"
"6","Castro-Surez_2020_nimotuzumab","nimotuzumab","1","0",".","mg/L","400","mg","1","."
"6","Castro-Surez_2020_nimotuzumab","nimotuzumab","0","0","160.866912","mg/L","400","mg","1","0"
"6","Castro-Surez_2020_nimotuzumab","nimotuzumab","0","4","150.146601","mg/L","400","mg","1","0"
"6","Castro-Surez_2020_nimotuzumab","nimotuzumab","0","24","0","mg/L","400","mg","1","1"
"6","Castro-Surez_2020_nimotuzumab","nimotuzumab","0","72","88.246098","mg/L","400","mg","1","0"
"6","Castro-Surez_2020_nimotuzumab","nimotuzumab","0","168","15.789618","mg/L","400","mg","1","0"
"6","Castro-Surez_2020_nimotuzumab","nimotuzumab","0","336","2.458876","mg/L","400","mg","1","0"
"6","Castro-Surez_2020_nimotuzumab","nimotuzumab","0","504","2.185215","mg/L","400","mg","1","0"
"6","Castro-Surez_2020_nimotuzumab","nimotuzumab","0","672","0.812464","mg/L","400","mg","1","0"
"6","Castro-Surez_2020_nimotuzumab","nimotuzumab","0","840","0.220069","mg/L","400","mg","1","0"
"6","Castro-Surez_2020_nimotuzumab","nimotuzumab","0","950","0.180483","mg/L","400","mg","1","0"
"7","Castro-Surez_2020_nimotuzumab","nimotuzumab","1","0",".","mg/L","400","mg","1","."
"7","Castro-Surez_2020_nimotuzumab","nimotuzumab","0","0","89.690103","mg/L","400","mg","1","0"
"7","Castro-Surez_2020_nimotuzumab","nimotuzumab","0","4","98.591276","mg/L","400","mg","1","0"
"7","Castro-Surez_2020_nimotuzumab","nimotuzumab","0","24","102.471105","mg/L","400","mg","1","0"
"7","Castro-Surez_2020_nimotuzumab","nimotuzumab","0","72","44.28567","mg/L","400","mg","1","0"
"7","Castro-Surez_2020_nimotuzumab","nimotuzumab","0","168","42.868876","mg/L","400","mg","1","0"
"7","Castro-Surez_2020_nimotuzumab","nimotuzumab","0","336","23.442943","mg/L","400","mg","1","0"
"7","Castro-Surez_2020_nimotuzumab","nimotuzumab","0","504","6.937956","mg/L","400","mg","1","0"
"7","Castro-Surez_2020_nimotuzumab","nimotuzumab","0","672","0.75261","mg/L","400","mg","1","0"
"7","Castro-Surez_2020_nimotuzumab","nimotuzumab","0","840","0.497715","mg/L","400","mg","1","0"
"7","Castro-Surez_2020_nimotuzumab","nimotuzumab","0","950","0.340889","mg/L","400","mg","1","0"
"8","Castro-Surez_2020_nimotuzumab","nimotuzumab","1","0",".","mg/L","400","mg","1","."
"8","Castro-Surez_2020_nimotuzumab","nimotuzumab","0","0","170.105442","mg/L","400","mg","1","0"
"8","Castro-Surez_2020_nimotuzumab","nimotuzumab","0","4","122.955711","mg/L","400","mg","1","0"
"8","Castro-Surez_2020_nimotuzumab","nimotuzumab","0","24","155.972228","mg/L","400","mg","1","0"
"8","Castro-Surez_2020_nimotuzumab","nimotuzumab","0","72","90.387219","mg/L","400","mg","1","0"
"8","Castro-Surez_2020_nimotuzumab","nimotuzumab","0","168","9.284038","mg/L","400","mg","1","0"
"8","Castro-Surez_2020_nimotuzumab","nimotuzumab","0","336","5.176954","mg/L","400","mg","1","0"
"8","Castro-Surez_2020_nimotuzumab","nimotuzumab","0","504","0.534094","mg/L","400","mg","1","0"
"8","Castro-Surez_2020_nimotuzumab","nimotuzumab","0","672","0.627182","mg/L","400","mg","1","0"
"8","Castro-Surez_2020_nimotuzumab","nimotuzumab","0","840","0.450816","mg/L","400","mg","1","0"
"8","Castro-Surez_2020_nimotuzumab","nimotuzumab","0","950","0.249286","mg/L","400","mg","1","0"
"9","Castro-Surez_2020_nimotuzumab","nimotuzumab","1","0",".","mg/L","400","mg","1","."
"9","Castro-Surez_2020_nimotuzumab","nimotuzumab","0","0","210.353718","mg/L","400","mg","1","0"
"9","Castro-Surez_2020_nimotuzumab","nimotuzumab","0","4","161.031976","mg/L","400","mg","1","0"
"9","Castro-Surez_2020_nimotuzumab","nimotuzumab","0","24","0","mg/L","400","mg","1","1"
"9","Castro-Surez_2020_nimotuzumab","nimotuzumab","0","72","92.748091","mg/L","400","mg","1","0"
"9","Castro-Surez_2020_nimotuzumab","nimotuzumab","0","168","34.87193","mg/L","400","mg","1","0"
"9","Castro-Surez_2020_nimotuzumab","nimotuzumab","0","336","23.487526","mg/L","400","mg","1","0"
"9","Castro-Surez_2020_nimotuzumab","nimotuzumab","0","504","13.13827","mg/L","400","mg","1","0"
"9","Castro-Surez_2020_nimotuzumab","nimotuzumab","0","672","12.781498","mg/L","400","mg","1","0"
"9","Castro-Surez_2020_nimotuzumab","nimotuzumab","0","840","4.39139","mg/L","400","mg","1","0"
"9","Castro-Surez_2020_nimotuzumab","nimotuzumab","0","950","5.824581","mg/L","400","mg","1","0"
"10","Castro-Surez_2020_nimotuzumab","nimotuzumab","1","0",".","mg/L","400","mg","1","."
"10","Castro-Surez_2020_nimotuzumab","nimotuzumab","0","0","80.011297","mg/L","400","mg","1","0"
"10","Castro-Surez_2020_nimotuzumab","nimotuzumab","0","4","88.564955","mg/L","400","mg","1","0"
"10","Castro-Surez_2020_nimotuzumab","nimotuzumab","0","24","160.383645","mg/L","400","mg","1","0"
"10","Castro-Surez_2020_nimotuzumab","nimotuzumab","0","72","47.966658","mg/L","400","mg","1","0"
"10","Castro-Surez_2020_nimotuzumab","nimotuzumab","0","168","12.40348","mg/L","400","mg","1","0"
"10","Castro-Surez_2020_nimotuzumab","nimotuzumab","0","336","8.560342","mg/L","400","mg","1","0"
"10","Castro-Surez_2020_nimotuzumab","nimotuzumab","0","504","1.932294","mg/L","400","mg","1","0"
"10","Castro-Surez_2020_nimotuzumab","nimotuzumab","0","672","0.802308","mg/L","400","mg","1","0"
"10","Castro-Surez_2020_nimotuzumab","nimotuzumab","0","840","0.566432","mg/L","400","mg","1","0"
"10","Castro-Surez_2020_nimotuzumab","nimotuzumab","0","950","0.255297","mg/L","400","mg","1","0"
"1","Mo_2018_olaratumab","olaratumab","1","0",".","ug/mL","1400","mg","1","."
"1","Mo_2018_olaratumab","olaratumab","0","0","262.779659","ug/mL","1400","mg","1","0"
"1","Mo_2018_olaratumab","olaratumab","0","4","292.77869","ug/mL","1400","mg","1","0"
"1","Mo_2018_olaratumab","olaratumab","0","24","196.344743","ug/mL","1400","mg","1","0"
"1","Mo_2018_olaratumab","olaratumab","0","72","194.724708","ug/mL","1400","mg","1","0"
"1","Mo_2018_olaratumab","olaratumab","0","168","112.768088","ug/mL","1400","mg","1","0"
"1","Mo_2018_olaratumab","olaratumab","0","336","81.203054","ug/mL","1400","mg","1","0"
"1","Mo_2018_olaratumab","olaratumab","0","504","23.588946","ug/mL","1400","mg","1","0"
"1","Mo_2018_olaratumab","olaratumab","0","672","37.225798","ug/mL","1400","mg","1","0"
"1","Mo_2018_olaratumab","olaratumab","0","840","16.861197","ug/mL","1400","mg","1","0"
"1","Mo_2018_olaratumab","olaratumab","0","1008","27.684568","ug/mL","1400","mg","1","0"
"1","Mo_2018_olaratumab","olaratumab","0","1176","22.09287","ug/mL","1400","mg","1","0"
"1","Mo_2018_olaratumab","olaratumab","0","1460","0","ug/mL","1400","mg","1","1"
"2","Mo_2018_olaratumab","olaratumab","1","0",".","ug/mL","1400","mg","1","."
"2","Mo_2018_olaratumab","olaratumab","0","0","398.079328","ug/mL","1400","mg","1","0"
"2","Mo_2018_olaratumab","olaratumab","0","4","263.519459","ug/mL","1400","mg","1","0"
"2","Mo_2018_olaratumab","olaratumab","0","24","304.893702","ug/mL","1400","mg","1","0"
"2","Mo_2018_olaratumab","olaratumab","0","72","149.136695","ug/mL","1400","mg","1","0"
"2","Mo_2018_olaratumab","olaratumab","0","168","51.237643","ug/mL","1400","mg","1","0"
"2","Mo_2018_olaratumab","olaratumab","0","336","42.763909","ug/mL","1400","mg","1","0"
"2","Mo_2018_olaratumab","olaratumab","0","504","28.613028","ug/mL","1400","mg","1","0"
"2","Mo_2018_olaratumab","olaratumab","0","672","18.678074","ug/mL","1400","mg","1","0"
"2","Mo_2018_olaratumab","olaratumab","0","840","3.831008","ug/mL","1400","mg","1","0"
"2","Mo_2018_olaratumab","olaratumab","0","1008","0","ug/mL","1400","mg","1","1"
"2","Mo_2018_olaratumab","olaratumab","0","1176","0","ug/mL","1400","mg","1","1"
"2","Mo_2018_olaratumab","olaratumab","0","1460","7.181464","ug/mL","1400","mg","1","0"
"3","Mo_2018_olaratumab","olaratumab","1","0",".","ug/mL","1400","mg","1","."
"3","Mo_2018_olaratumab","olaratumab","0","0","549.053005","ug/mL","1400","mg","1","0"
"3","Mo_2018_olaratumab","olaratumab","0","4","455.785153","ug/mL","1400","mg","1","0"
"3","Mo_2018_olaratumab","olaratumab","0","24","214.81879","ug/mL","1400","mg","1","0"
"3","Mo_2018_olaratumab","olaratumab","0","72","95.967176","ug/mL","1400","mg","1","0"
"3","Mo_2018_olaratumab","olaratumab","0","168","55.10137","ug/mL","1400","mg","1","0"
"3","Mo_2018_olaratumab","olaratumab","0","336","37.710526","ug/mL","1400","mg","1","0"
"3","Mo_2018_olaratumab","olaratumab","0","504","24.866863","ug/mL","1400","mg","1","0"
"3","Mo_2018_olaratumab","olaratumab","0","672","0","ug/mL","1400","mg","1","1"
"3","Mo_2018_olaratumab","olaratumab","0","840","12.175926","ug/mL","1400","mg","1","0"
"3","Mo_2018_olaratumab","olaratumab","0","1008","8.078872","ug/mL","1400","mg","1","0"
"3","Mo_2018_olaratumab","olaratumab","0","1176","7.159011","ug/mL","1400","mg","1","0"
"3","Mo_2018_olaratumab","olaratumab","0","1460","0","ug/mL","1400","mg","1","1"
"4","Mo_2018_olaratumab","olaratumab","1","0",".","ug/mL","1400","mg","1","."
"4","Mo_2018_olaratumab","olaratumab","0","0","404.057726","ug/mL","1400","mg","1","0"
"4","Mo_2018_olaratumab","olaratumab","0","4","413.146189","ug/mL","1400","mg","1","0"
"4","Mo_2018_olaratumab","olaratumab","0","24","116.642086","ug/mL","1400","mg","1","0"
"4","Mo_2018_olaratumab","olaratumab","0","72","214.093456","ug/mL","1400","mg","1","0"
"4","Mo_2018_olaratumab","olaratumab","0","168","132.934604","ug/mL","1400","mg","1","0"
"4","Mo_2018_olaratumab","olaratumab","0","336","40.594552","ug/mL","1400","mg","1","0"
"4","Mo_2018_olaratumab","olaratumab","0","504","24.4407","ug/mL","1400","mg","1","0"
"4","Mo_2018_olaratumab","olaratumab","0","672","42.528703","ug/mL","1400","mg","1","0"
"4","Mo_2018_olaratumab","olaratumab","0","840","28.66768","ug/mL","1400","mg","1","0"
"4","Mo_2018_olaratumab","olaratumab","0","1008","0","ug/mL","1400","mg","1","1"
"4","Mo_2018_olaratumab","olaratumab","0","1176","24.003389","ug/mL","1400","mg","1","0"
"4","Mo_2018_olaratumab","olaratumab","0","1460","5.898366","ug/mL","1400","mg","1","0"
"5","Mo_2018_olaratumab","olaratumab","1","0",".","ug/mL","1400","mg","1","."
"5","Mo_2018_olaratumab","olaratumab","0","0","467.248235","ug/mL","1400","mg","1","0"
"5","Mo_2018_olaratumab","olaratumab","0","4","352.440431","ug/mL","1400","mg","1","0"
"5","Mo_2018_olaratumab","olaratumab","0","24","351.693505","ug/mL","1400","mg","1","0"
"5","Mo_2018_olaratumab","olaratumab","0","72","136.748202","ug/mL","1400","mg","1","0"
"5","Mo_2018_olaratumab","olaratumab","0","168","129.654037","ug/mL","1400","mg","1","0"
"5","Mo_2018_olaratumab","olaratumab","0","336","56.069984","ug/mL","1400","mg","1","0"
"5","Mo_2018_olaratumab","olaratumab","0","504","30.748077","ug/mL","1400","mg","1","0"
"5","Mo_2018_olaratumab","olaratumab","0","672","48.88837","ug/mL","1400","mg","1","0"
"5","Mo_2018_olaratumab","olaratumab","0","840","14.042788","ug/mL","1400","mg","1","0"
"5","Mo_2018_olaratumab","olaratumab","0","1008","2.291867","ug/mL","1400","mg","1","0"
"5","Mo_2018_olaratumab","olaratumab","0","1176","6.472584","ug/mL","1400","mg","1","0"
"5","Mo_2018_olaratumab","olaratumab","0","1460","0","ug/mL","1400","mg","1","1"
"6","Mo_2018_olaratumab","olaratumab","1","0",".","ug/mL","1400","mg","1","."
"6","Mo_2018_olaratumab","olaratumab","0","0","397.066743","ug/mL","1400","mg","1","0"
"6","Mo_2018_olaratumab","olaratumab","0","4","217.187605","ug/mL","1400","mg","1","0"
"6","Mo_2018_olaratumab","olaratumab","0","24","280.063596","ug/mL","1400","mg","1","0"
"6","Mo_2018_olaratumab","olaratumab","0","72","143.946678","ug/mL","1400","mg","1","0"
"6","Mo_2018_olaratumab","olaratumab","0","168","90.092009","ug/mL","1400","mg","1","0"
"6","Mo_2018_olaratumab","olaratumab","0","336","72.371754","ug/mL","1400","mg","1","0"
"6","Mo_2018_olaratumab","olaratumab","0","504","44.994089","ug/mL","1400","mg","1","0"
"6","Mo_2018_olaratumab","olaratumab","0","672","36.000339","ug/mL","1400","mg","1","0"
"6","Mo_2018_olaratumab","olaratumab","0","840","2.442774","ug/mL","1400","mg","1","0"
"6","Mo_2018_olaratumab","olaratumab","0","1008","18.949692","ug/mL","1400","mg","1","0"
"6","Mo_2018_olaratumab","olaratumab","0","1176","0","ug/mL","1400","mg","1","1"
"6","Mo_2018_olaratumab","olaratumab","0","1460","0","ug/mL","1400","mg","1","1"
"7","Mo_2018_olaratumab","olaratumab","1","0",".","ug/mL","1400","mg","1","."
"7","Mo_2018_olaratumab","olaratumab","0","0","348.088855","ug/mL","1400","mg","1","0"
"7","Mo_2018_olaratumab","olaratumab","0","4","347.129578","ug/mL","1400","mg","1","0"
"7","Mo_2018_olaratumab","olaratumab","0","24","264.256763","ug/mL","1400","mg","1","0"
"7","Mo_2018_olaratumab","olaratumab","0","72","149.885471","ug/mL","1400","mg","1","0"
"7","Mo_2018_olaratumab","olaratumab","0","168","61.960646","ug/mL","1400","mg","1","0"
"7","Mo_2018_olaratumab","olaratumab","0","336","36.297627","ug/mL","1400","mg","1","0"
"7","Mo_2018_olaratumab","olaratumab","0","504","33.194608","ug/mL","1400","mg","1","0"
"7","Mo_2018_olaratumab","olaratumab","0","672","10.368545","ug/mL","1400","mg","1","0"
"7","Mo_2018_olaratumab","olaratumab","0","840","17.74633","ug/mL","1400","mg","1","0"
"7","Mo_2018_olaratumab","olaratumab","0","1008","5.456703","ug/mL","1400","mg","1","0"
"7","Mo_2018_olaratumab","olaratumab","0","1176","0","ug/mL","1400","mg","1","1"
"7","Mo_2018_olaratumab","olaratumab","0","1460","0","ug/mL","1400","mg","1","1"
"8","Mo_2018_olaratumab","olaratumab","1","0",".","ug/mL","1400","mg","1","."
"8","Mo_2018_olaratumab","olaratumab","0","0","405.911435","ug/mL","1400","mg","1","0"
"8","Mo_2018_olaratumab","olaratumab","0","4","306.514545","ug/mL","1400","mg","1","0"
"8","Mo_2018_olaratumab","olaratumab","0","24","288.634715","ug/mL","1400","mg","1","0"
"8","Mo_2018_olaratumab","olaratumab","0","72","137.82853","ug/mL","1400","mg","1","0"
"8","Mo_2018_olaratumab","olaratumab","0","168","188.325817","ug/mL","1400","mg","1","0"
"8","Mo_2018_olaratumab","olaratumab","0","336","111.013566","ug/mL","1400","mg","1","0"
"8","Mo_2018_olaratumab","olaratumab","0","504","69.67126","ug/mL","1400","mg","1","0"
"8","Mo_2018_olaratumab","olaratumab","0","672","52.724732","ug/mL","1400","mg","1","0"
"8","Mo_2018_olaratumab","olaratumab","0","840","47.126398","ug/mL","1400","mg","1","0"
"8","Mo_2018_olaratumab","olaratumab","0","1008","40.521387","ug/mL","1400","mg","1","0"
"8","Mo_2018_olaratumab","olaratumab","0","1176","38.287312","ug/mL","1400","mg","1","0"
"8","Mo_2018_olaratumab","olaratumab","0","1460","22.886746","ug/mL","1400","mg","1","0"
"9","Mo_2018_olaratumab","olaratumab","1","0",".","ug/mL","1400","mg","1","."
"9","Mo_2018_olaratumab","olaratumab","0","0","403.180849","ug/mL","1400","mg","1","0"
"9","Mo_2018_olaratumab","olaratumab","0","4","466.097621","ug/mL","1400","mg","1","0"
"9","Mo_2018_olaratumab","olaratumab","0","24","279.340747","ug/mL","1400","mg","1","0"
"9","Mo_2018_olaratumab","olaratumab","0","72","253.239357","ug/mL","1400","mg","1","0"
"9","Mo_2018_olaratumab","olaratumab","0","168","95.31026","ug/mL","1400","mg","1","0"
"9","Mo_2018_olaratumab","olaratumab","0","336","86.488056","ug/mL","1400","mg","1","0"
"9","Mo_2018_olaratumab","olaratumab","0","504","71.564028","ug/mL","1400","mg","1","0"
"9","Mo_2018_olaratumab","olaratumab","0","672","42.122654","ug/mL","1400","mg","1","0"
"9","Mo_2018_olaratumab","olaratumab","0","840","53.689796","ug/mL","1400","mg","1","0"
"9","Mo_2018_olaratumab","olaratumab","0","1008","6.792002","ug/mL","1400","mg","1","0"
"9","Mo_2018_olaratumab","olaratumab","0","1176","22.798196","ug/mL","1400","mg","1","0"
"9","Mo_2018_olaratumab","olaratumab","0","1460","15.335328","ug/mL","1400","mg","1","0"
"10","Mo_2018_olaratumab","olaratumab","1","0",".","ug/mL","1400","mg","1","."
"10","Mo_2018_olaratumab","olaratumab","0","0","543.08229","ug/mL","1400","mg","1","0"
"10","Mo_2018_olaratumab","olaratumab","0","4","407.467685","ug/mL","1400","mg","1","0"
"10","Mo_2018_olaratumab","olaratumab","0","24","164.351365","ug/mL","1400","mg","1","0"
"10","Mo_2018_olaratumab","olaratumab","0","72","167.616865","ug/mL","1400","mg","1","0"
"10","Mo_2018_olaratumab","olaratumab","0","168","112.753291","ug/mL","1400","mg","1","0"
"10","Mo_2018_olaratumab","olaratumab","0","336","75.051821","ug/mL","1400","mg","1","0"
"10","Mo_2018_olaratumab","olaratumab","0","504","43.862432","ug/mL","1400","mg","1","0"
"10","Mo_2018_olaratumab","olaratumab","0","672","34.443187","ug/mL","1400","mg","1","0"
"10","Mo_2018_olaratumab","olaratumab","0","840","1.56003","ug/mL","1400","mg","1","0"
"10","Mo_2018_olaratumab","olaratumab","0","1008","13.997423","ug/mL","1400","mg","1","0"
"10","Mo_2018_olaratumab","olaratumab","0","1176","16.984734","ug/mL","1400","mg","1","0"
"10","Mo_2018_olaratumab","olaratumab","0","1460","12.371638","ug/mL","1400","mg","1","0"
"1","Kunisawa_2014_olprinone","olprinone","1","0",".","ng/mL","3.5","mg","1","."
"1","Kunisawa_2014_olprinone","olprinone","0","0","0.423343","ng/mL","3.5","mg","1","0"
"1","Kunisawa_2014_olprinone","olprinone","0","0.25","0","ng/mL","3.5","mg","1","1"
"1","Kunisawa_2014_olprinone","olprinone","0","0.5","0.038502","ng/mL","3.5","mg","1","0"
"1","Kunisawa_2014_olprinone","olprinone","0","1","0.021038","ng/mL","3.5","mg","1","0"
"1","Kunisawa_2014_olprinone","olprinone","0","2","0.04368","ng/mL","3.5","mg","1","0"
"1","Kunisawa_2014_olprinone","olprinone","0","4","0","ng/mL","3.5","mg","1","1"
"1","Kunisawa_2014_olprinone","olprinone","0","5","0","ng/mL","3.5","mg","1","1"
"2","Kunisawa_2014_olprinone","olprinone","1","0",".","ng/mL","3.5","mg","1","."
"2","Kunisawa_2014_olprinone","olprinone","0","0","0.255785","ng/mL","3.5","mg","1","0"
"2","Kunisawa_2014_olprinone","olprinone","0","0.25","0.162158","ng/mL","3.5","mg","1","0"
"2","Kunisawa_2014_olprinone","olprinone","0","0.5","0.244198","ng/mL","3.5","mg","1","0"
"2","Kunisawa_2014_olprinone","olprinone","0","1","0","ng/mL","3.5","mg","1","1"
"2","Kunisawa_2014_olprinone","olprinone","0","2","0.089384","ng/mL","3.5","mg","1","0"
"2","Kunisawa_2014_olprinone","olprinone","0","4","0","ng/mL","3.5","mg","1","1"
"2","Kunisawa_2014_olprinone","olprinone","0","5","0","ng/mL","3.5","mg","1","1"
"3","Kunisawa_2014_olprinone","olprinone","1","0",".","ng/mL","3.5","mg","1","."
"3","Kunisawa_2014_olprinone","olprinone","0","0","0.005167","ng/mL","3.5","mg","1","0"
"3","Kunisawa_2014_olprinone","olprinone","0","0.25","0","ng/mL","3.5","mg","1","1"
"3","Kunisawa_2014_olprinone","olprinone","0","0.5","0.28055","ng/mL","3.5","mg","1","0"
"3","Kunisawa_2014_olprinone","olprinone","0","1","0","ng/mL","3.5","mg","1","1"
"3","Kunisawa_2014_olprinone","olprinone","0","2","0","ng/mL","3.5","mg","1","1"
"3","Kunisawa_2014_olprinone","olprinone","0","4","0.013111","ng/mL","3.5","mg","1","0"
"3","Kunisawa_2014_olprinone","olprinone","0","5","0","ng/mL","3.5","mg","1","1"
"4","Kunisawa_2014_olprinone","olprinone","1","0",".","ng/mL","3.5","mg","1","."
"4","Kunisawa_2014_olprinone","olprinone","0","0","0.350461","ng/mL","3.5","mg","1","0"
"4","Kunisawa_2014_olprinone","olprinone","0","0.25","0.088249","ng/mL","3.5","mg","1","0"
"4","Kunisawa_2014_olprinone","olprinone","0","0.5","0.287767","ng/mL","3.5","mg","1","0"
"4","Kunisawa_2014_olprinone","olprinone","0","1","0.185616","ng/mL","3.5","mg","1","0"
"4","Kunisawa_2014_olprinone","olprinone","0","2","0","ng/mL","3.5","mg","1","1"
"4","Kunisawa_2014_olprinone","olprinone","0","4","0.110264","ng/mL","3.5","mg","1","0"
"4","Kunisawa_2014_olprinone","olprinone","0","5","0.142119","ng/mL","3.5","mg","1","0"
"5","Kunisawa_2014_olprinone","olprinone","1","0",".","ng/mL","3.5","mg","1","."
"5","Kunisawa_2014_olprinone","olprinone","0","0","0.452543","ng/mL","3.5","mg","1","0"
"5","Kunisawa_2014_olprinone","olprinone","0","0.25","0.051997","ng/mL","3.5","mg","1","0"
"5","Kunisawa_2014_olprinone","olprinone","0","0.5","0","ng/mL","3.5","mg","1","1"
"5","Kunisawa_2014_olprinone","olprinone","0","1","0.07613","ng/mL","3.5","mg","1","0"
"5","Kunisawa_2014_olprinone","olprinone","0","2","0.059935","ng/mL","3.5","mg","1","0"
"5","Kunisawa_2014_olprinone","olprinone","0","4","0","ng/mL","3.5","mg","1","1"
"5","Kunisawa_2014_olprinone","olprinone","0","5","0.039181","ng/mL","3.5","mg","1","0"
"6","Kunisawa_2014_olprinone","olprinone","1","0",".","ng/mL","3.5","mg","1","."
"6","Kunisawa_2014_olprinone","olprinone","0","0","0.182342","ng/mL","3.5","mg","1","0"
"6","Kunisawa_2014_olprinone","olprinone","0","0.25","0.191853","ng/mL","3.5","mg","1","0"
"6","Kunisawa_2014_olprinone","olprinone","0","0.5","0","ng/mL","3.5","mg","1","1"
"6","Kunisawa_2014_olprinone","olprinone","0","1","0","ng/mL","3.5","mg","1","1"
"6","Kunisawa_2014_olprinone","olprinone","0","2","0.167626","ng/mL","3.5","mg","1","0"
"6","Kunisawa_2014_olprinone","olprinone","0","4","0.189825","ng/mL","3.5","mg","1","0"
"6","Kunisawa_2014_olprinone","olprinone","0","5","0.12786","ng/mL","3.5","mg","1","0"
"7","Kunisawa_2014_olprinone","olprinone","1","0",".","ng/mL","3.5","mg","1","."
"7","Kunisawa_2014_olprinone","olprinone","0","0","0.612047","ng/mL","3.5","mg","1","0"
"7","Kunisawa_2014_olprinone","olprinone","0","0.25","0","ng/mL","3.5","mg","1","1"
"7","Kunisawa_2014_olprinone","olprinone","0","0.5","0.067054","ng/mL","3.5","mg","1","0"
"7","Kunisawa_2014_olprinone","olprinone","0","1","0.013873","ng/mL","3.5","mg","1","0"
"7","Kunisawa_2014_olprinone","olprinone","0","2","0.069687","ng/mL","3.5","mg","1","0"
"7","Kunisawa_2014_olprinone","olprinone","0","4","0.134525","ng/mL","3.5","mg","1","0"
"7","Kunisawa_2014_olprinone","olprinone","0","5","0","ng/mL","3.5","mg","1","1"
"8","Kunisawa_2014_olprinone","olprinone","1","0",".","ng/mL","3.5","mg","1","."
"8","Kunisawa_2014_olprinone","olprinone","0","0","0.44197","ng/mL","3.5","mg","1","0"
"8","Kunisawa_2014_olprinone","olprinone","0","0.25","0.296015","ng/mL","3.5","mg","1","0"
"8","Kunisawa_2014_olprinone","olprinone","0","0.5","0.017767","ng/mL","3.5","mg","1","0"
"8","Kunisawa_2014_olprinone","olprinone","0","1","0.073751","ng/mL","3.5","mg","1","0"
"8","Kunisawa_2014_olprinone","olprinone","0","2","0.265413","ng/mL","3.5","mg","1","0"
"8","Kunisawa_2014_olprinone","olprinone","0","4","0","ng/mL","3.5","mg","1","1"
"8","Kunisawa_2014_olprinone","olprinone","0","5","0.160954","ng/mL","3.5","mg","1","0"
"9","Kunisawa_2014_olprinone","olprinone","1","0",".","ng/mL","3.5","mg","1","."
"9","Kunisawa_2014_olprinone","olprinone","0","0","0.315921","ng/mL","3.5","mg","1","0"
"9","Kunisawa_2014_olprinone","olprinone","0","0.25","0.082049","ng/mL","3.5","mg","1","0"
"9","Kunisawa_2014_olprinone","olprinone","0","0.5","0.156026","ng/mL","3.5","mg","1","0"
"9","Kunisawa_2014_olprinone","olprinone","0","1","0","ng/mL","3.5","mg","1","1"
"9","Kunisawa_2014_olprinone","olprinone","0","2","0","ng/mL","3.5","mg","1","1"
"9","Kunisawa_2014_olprinone","olprinone","0","4","0.076978","ng/mL","3.5","mg","1","0"
"9","Kunisawa_2014_olprinone","olprinone","0","5","0.068032","ng/mL","3.5","mg","1","0"
"10","Kunisawa_2014_olprinone","olprinone","1","0",".","ng/mL","3.5","mg","1","."
"10","Kunisawa_2014_olprinone","olprinone","0","0","0.247739","ng/mL","3.5","mg","1","0"
"10","Kunisawa_2014_olprinone","olprinone","0","0.25","0","ng/mL","3.5","mg","1","1"
"10","Kunisawa_2014_olprinone","olprinone","0","0.5","0.044499","ng/mL","3.5","mg","1","0"
"10","Kunisawa_2014_olprinone","olprinone","0","1","0","ng/mL","3.5","mg","1","1"
"10","Kunisawa_2014_olprinone","olprinone","0","2","0.108944","ng/mL","3.5","mg","1","0"
"10","Kunisawa_2014_olprinone","olprinone","0","4","0.097973","ng/mL","3.5","mg","1","0"
"10","Kunisawa_2014_olprinone","olprinone","0","5","0","ng/mL","3.5","mg","1","1"
"1","Bi_2017_peginterferon_alfa_2a","peginterferon_alfa_2a","1","0",".","ng/L","100","mg","2","."
"1","Bi_2017_peginterferon_alfa_2a","peginterferon_alfa_2a","0","0","0","ng/L","100","mg","2","0"
"1","Bi_2017_peginterferon_alfa_2a","peginterferon_alfa_2a","0","1","0","ng/L","100","mg","2","1"
"1","Bi_2017_peginterferon_alfa_2a","peginterferon_alfa_2a","0","2","0.446168","ng/L","100","mg","2","0"
"1","Bi_2017_peginterferon_alfa_2a","peginterferon_alfa_2a","0","4","0.683372","ng/L","100","mg","2","0"
"1","Bi_2017_peginterferon_alfa_2a","peginterferon_alfa_2a","0","8","2.699403","ng/L","100","mg","2","0"
"1","Bi_2017_peginterferon_alfa_2a","peginterferon_alfa_2a","0","24","3.818348","ng/L","100","mg","2","0"
"1","Bi_2017_peginterferon_alfa_2a","peginterferon_alfa_2a","0","48","5.534022","ng/L","100","mg","2","0"
"1","Bi_2017_peginterferon_alfa_2a","peginterferon_alfa_2a","0","72","5.394957","ng/L","100","mg","2","0"
"1","Bi_2017_peginterferon_alfa_2a","peginterferon_alfa_2a","0","96","3.835246","ng/L","100","mg","2","0"
"1","Bi_2017_peginterferon_alfa_2a","peginterferon_alfa_2a","0","120","4.701354","ng/L","100","mg","2","0"
"1","Bi_2017_peginterferon_alfa_2a","peginterferon_alfa_2a","0","168","3.769181","ng/L","100","mg","2","0"
"1","Bi_2017_peginterferon_alfa_2a","peginterferon_alfa_2a","0","336","0.402171","ng/L","100","mg","2","0"
"1","Bi_2017_peginterferon_alfa_2a","peginterferon_alfa_2a","0","504","0","ng/L","100","mg","2","1"
"1","Bi_2017_peginterferon_alfa_2a","peginterferon_alfa_2a","0","651","0","ng/L","100","mg","2","1"
"2","Bi_2017_peginterferon_alfa_2a","peginterferon_alfa_2a","1","0",".","ng/L","100","mg","2","."
"2","Bi_2017_peginterferon_alfa_2a","peginterferon_alfa_2a","0","0","0","ng/L","100","mg","2","0"
"2","Bi_2017_peginterferon_alfa_2a","peginterferon_alfa_2a","0","1","0.169458","ng/L","100","mg","2","0"
"2","Bi_2017_peginterferon_alfa_2a","peginterferon_alfa_2a","0","2","0","ng/L","100","mg","2","1"
"2","Bi_2017_peginterferon_alfa_2a","peginterferon_alfa_2a","0","4","0.219254","ng/L","100","mg","2","0"
"2","Bi_2017_peginterferon_alfa_2a","peginterferon_alfa_2a","0","8","0.207419","ng/L","100","mg","2","0"
"2","Bi_2017_peginterferon_alfa_2a","peginterferon_alfa_2a","0","24","0.466374","ng/L","100","mg","2","0"
"2","Bi_2017_peginterferon_alfa_2a","peginterferon_alfa_2a","0","48","0.512578","ng/L","100","mg","2","0"
"2","Bi_2017_peginterferon_alfa_2a","peginterferon_alfa_2a","0","72","1.036311","ng/L","100","mg","2","0"
"2","Bi_2017_peginterferon_alfa_2a","peginterferon_alfa_2a","0","96","0.444277","ng/L","100","mg","2","0"
"2","Bi_2017_peginterferon_alfa_2a","peginterferon_alfa_2a","0","120","1.120553","ng/L","100","mg","2","0"
"2","Bi_2017_peginterferon_alfa_2a","peginterferon_alfa_2a","0","168","1.198676","ng/L","100","mg","2","0"
"2","Bi_2017_peginterferon_alfa_2a","peginterferon_alfa_2a","0","336","1.534158","ng/L","100","mg","2","0"
"2","Bi_2017_peginterferon_alfa_2a","peginterferon_alfa_2a","0","504","1.216773","ng/L","100","mg","2","0"
"2","Bi_2017_peginterferon_alfa_2a","peginterferon_alfa_2a","0","651","0.925664","ng/L","100","mg","2","0"
"3","Bi_2017_peginterferon_alfa_2a","peginterferon_alfa_2a","1","0",".","ng/L","100","mg","2","."
"3","Bi_2017_peginterferon_alfa_2a","peginterferon_alfa_2a","0","0","0","ng/L","100","mg","2","0"
"3","Bi_2017_peginterferon_alfa_2a","peginterferon_alfa_2a","0","1","0.323834","ng/L","100","mg","2","0"
"3","Bi_2017_peginterferon_alfa_2a","peginterferon_alfa_2a","0","2","0","ng/L","100","mg","2","1"
"3","Bi_2017_peginterferon_alfa_2a","peginterferon_alfa_2a","0","4","0.284517","ng/L","100","mg","2","0"
"3","Bi_2017_peginterferon_alfa_2a","peginterferon_alfa_2a","0","8","0.724753","ng/L","100","mg","2","0"
"3","Bi_2017_peginterferon_alfa_2a","peginterferon_alfa_2a","0","24","2.637412","ng/L","100","mg","2","0"
"3","Bi_2017_peginterferon_alfa_2a","peginterferon_alfa_2a","0","48","1.934991","ng/L","100","mg","2","0"
"3","Bi_2017_peginterferon_alfa_2a","peginterferon_alfa_2a","0","72","3.848058","ng/L","100","mg","2","0"
"3","Bi_2017_peginterferon_alfa_2a","peginterferon_alfa_2a","0","96","4.181513","ng/L","100","mg","2","0"
"3","Bi_2017_peginterferon_alfa_2a","peginterferon_alfa_2a","0","120","3.30943","ng/L","100","mg","2","0"
"3","Bi_2017_peginterferon_alfa_2a","peginterferon_alfa_2a","0","168","3.577942","ng/L","100","mg","2","0"
"3","Bi_2017_peginterferon_alfa_2a","peginterferon_alfa_2a","0","336","0.871822","ng/L","100","mg","2","0"
"3","Bi_2017_peginterferon_alfa_2a","peginterferon_alfa_2a","0","504","0.343586","ng/L","100","mg","2","0"
"3","Bi_2017_peginterferon_alfa_2a","peginterferon_alfa_2a","0","651","0.514206","ng/L","100","mg","2","0"
"4","Bi_2017_peginterferon_alfa_2a","peginterferon_alfa_2a","1","0",".","ng/L","100","mg","2","."
"4","Bi_2017_peginterferon_alfa_2a","peginterferon_alfa_2a","0","0","0","ng/L","100","mg","2","0"
"4","Bi_2017_peginterferon_alfa_2a","peginterferon_alfa_2a","0","1","0.156985","ng/L","100","mg","2","0"
"4","Bi_2017_peginterferon_alfa_2a","peginterferon_alfa_2a","0","2","0.315365","ng/L","100","mg","2","0"
"4","Bi_2017_peginterferon_alfa_2a","peginterferon_alfa_2a","0","4","0.622233","ng/L","100","mg","2","0"
"4","Bi_2017_peginterferon_alfa_2a","peginterferon_alfa_2a","0","8","0.520864","ng/L","100","mg","2","0"
"4","Bi_2017_peginterferon_alfa_2a","peginterferon_alfa_2a","0","24","2.637738","ng/L","100","mg","2","0"
"4","Bi_2017_peginterferon_alfa_2a","peginterferon_alfa_2a","0","48","3.719482","ng/L","100","mg","2","0"
"4","Bi_2017_peginterferon_alfa_2a","peginterferon_alfa_2a","0","72","3.125221","ng/L","100","mg","2","0"
"4","Bi_2017_peginterferon_alfa_2a","peginterferon_alfa_2a","0","96","3.414024","ng/L","100","mg","2","0"
"4","Bi_2017_peginterferon_alfa_2a","peginterferon_alfa_2a","0","120","4.052781","ng/L","100","mg","2","0"
"4","Bi_2017_peginterferon_alfa_2a","peginterferon_alfa_2a","0","168","3.038562","ng/L","100","mg","2","0"
"4","Bi_2017_peginterferon_alfa_2a","peginterferon_alfa_2a","0","336","0.709407","ng/L","100","mg","2","0"
"4","Bi_2017_peginterferon_alfa_2a","peginterferon_alfa_2a","0","504","0","ng/L","100","mg","2","1"
"4","Bi_2017_peginterferon_alfa_2a","peginterferon_alfa_2a","0","651","0.751548","ng/L","100","mg","2","0"
"5","Bi_2017_peginterferon_alfa_2a","peginterferon_alfa_2a","1","0",".","ng/L","100","mg","2","."
"5","Bi_2017_peginterferon_alfa_2a","peginterferon_alfa_2a","0","0","0","ng/L","100","mg","2","0"
"5","Bi_2017_peginterferon_alfa_2a","peginterferon_alfa_2a","0","1","0.836724","ng/L","100","mg","2","0"
"5","Bi_2017_peginterferon_alfa_2a","peginterferon_alfa_2a","0","2","2.926998","ng/L","100","mg","2","0"
"5","Bi_2017_peginterferon_alfa_2a","peginterferon_alfa_2a","0","4","2.866764","ng/L","100","mg","2","0"
"5","Bi_2017_peginterferon_alfa_2a","peginterferon_alfa_2a","0","8","4.964825","ng/L","100","mg","2","0"
"5","Bi_2017_peginterferon_alfa_2a","peginterferon_alfa_2a","0","24","11.453528","ng/L","100","mg","2","0"
"5","Bi_2017_peginterferon_alfa_2a","peginterferon_alfa_2a","0","48","13.122862","ng/L","100","mg","2","0"
"5","Bi_2017_peginterferon_alfa_2a","peginterferon_alfa_2a","0","72","11.255834","ng/L","100","mg","2","0"
"5","Bi_2017_peginterferon_alfa_2a","peginterferon_alfa_2a","0","96","7.615077","ng/L","100","mg","2","0"
"5","Bi_2017_peginterferon_alfa_2a","peginterferon_alfa_2a","0","120","5.667633","ng/L","100","mg","2","0"
"5","Bi_2017_peginterferon_alfa_2a","peginterferon_alfa_2a","0","168","3.891549","ng/L","100","mg","2","0"
"5","Bi_2017_peginterferon_alfa_2a","peginterferon_alfa_2a","0","336","0.302304","ng/L","100","mg","2","0"
"5","Bi_2017_peginterferon_alfa_2a","peginterferon_alfa_2a","0","504","0.021097","ng/L","100","mg","2","0"
"5","Bi_2017_peginterferon_alfa_2a","peginterferon_alfa_2a","0","651","0","ng/L","100","mg","2","1"
"6","Bi_2017_peginterferon_alfa_2a","peginterferon_alfa_2a","1","0",".","ng/L","100","mg","2","."
"6","Bi_2017_peginterferon_alfa_2a","peginterferon_alfa_2a","0","0","0","ng/L","100","mg","2","0"
"6","Bi_2017_peginterferon_alfa_2a","peginterferon_alfa_2a","0","1","0.10114","ng/L","100","mg","2","0"
"6","Bi_2017_peginterferon_alfa_2a","peginterferon_alfa_2a","0","2","0.591594","ng/L","100","mg","2","0"
"6","Bi_2017_peginterferon_alfa_2a","peginterferon_alfa_2a","0","4","0.56448","ng/L","100","mg","2","0"
"6","Bi_2017_peginterferon_alfa_2a","peginterferon_alfa_2a","0","8","0.249748","ng/L","100","mg","2","0"
"6","Bi_2017_peginterferon_alfa_2a","peginterferon_alfa_2a","0","24","2.10772","ng/L","100","mg","2","0"
"6","Bi_2017_peginterferon_alfa_2a","peginterferon_alfa_2a","0","48","2.839945","ng/L","100","mg","2","0"
"6","Bi_2017_peginterferon_alfa_2a","peginterferon_alfa_2a","0","72","3.675204","ng/L","100","mg","2","0"
"6","Bi_2017_peginterferon_alfa_2a","peginterferon_alfa_2a","0","96","1.956125","ng/L","100","mg","2","0"
"6","Bi_2017_peginterferon_alfa_2a","peginterferon_alfa_2a","0","120","2.593724","ng/L","100","mg","2","0"
"6","Bi_2017_peginterferon_alfa_2a","peginterferon_alfa_2a","0","168","2.552049","ng/L","100","mg","2","0"
"6","Bi_2017_peginterferon_alfa_2a","peginterferon_alfa_2a","0","336","0.894459","ng/L","100","mg","2","0"
"6","Bi_2017_peginterferon_alfa_2a","peginterferon_alfa_2a","0","504","0","ng/L","100","mg","2","1"
"6","Bi_2017_peginterferon_alfa_2a","peginterferon_alfa_2a","0","651","0.189339","ng/L","100","mg","2","0"
"7","Bi_2017_peginterferon_alfa_2a","peginterferon_alfa_2a","1","0",".","ng/L","100","mg","2","."
"7","Bi_2017_peginterferon_alfa_2a","peginterferon_alfa_2a","0","0","0","ng/L","100","mg","2","0"
"7","Bi_2017_peginterferon_alfa_2a","peginterferon_alfa_2a","0","1","0","ng/L","100","mg","2","1"
"7","Bi_2017_peginterferon_alfa_2a","peginterferon_alfa_2a","0","2","0.581577","ng/L","100","mg","2","0"
"7","Bi_2017_peginterferon_alfa_2a","peginterferon_alfa_2a","0","4","1.281039","ng/L","100","mg","2","0"
"7","Bi_2017_peginterferon_alfa_2a","peginterferon_alfa_2a","0","8","1.499122","ng/L","100","mg","2","0"
"7","Bi_2017_peginterferon_alfa_2a","peginterferon_alfa_2a","0","24","3.085883","ng/L","100","mg","2","0"
"7","Bi_2017_peginterferon_alfa_2a","peginterferon_alfa_2a","0","48","4.902029","ng/L","100","mg","2","0"
"7","Bi_2017_peginterferon_alfa_2a","peginterferon_alfa_2a","0","72","3.239565","ng/L","100","mg","2","0"
"7","Bi_2017_peginterferon_alfa_2a","peginterferon_alfa_2a","0","96","3.847954","ng/L","100","mg","2","0"
"7","Bi_2017_peginterferon_alfa_2a","peginterferon_alfa_2a","0","120","2.329917","ng/L","100","mg","2","0"
"7","Bi_2017_peginterferon_alfa_2a","peginterferon_alfa_2a","0","168","2.42064","ng/L","100","mg","2","0"
"7","Bi_2017_peginterferon_alfa_2a","peginterferon_alfa_2a","0","336","0.863042","ng/L","100","mg","2","0"
"7","Bi_2017_peginterferon_alfa_2a","peginterferon_alfa_2a","0","504","0.527927","ng/L","100","mg","2","0"
"7","Bi_2017_peginterferon_alfa_2a","peginterferon_alfa_2a","0","651","0.391386","ng/L","100","mg","2","0"
"8","Bi_2017_peginterferon_alfa_2a","peginterferon_alfa_2a","1","0",".","ng/L","100","mg","2","."
"8","Bi_2017_peginterferon_alfa_2a","peginterferon_alfa_2a","0","0","0","ng/L","100","mg","2","0"
"8","Bi_2017_peginterferon_alfa_2a","peginterferon_alfa_2a","0","1","0.512813","ng/L","100","mg","2","0"
"8","Bi_2017_peginterferon_alfa_2a","peginterferon_alfa_2a","0","2","0.739656","ng/L","100","mg","2","0"
"8","Bi_2017_peginterferon_alfa_2a","peginterferon_alfa_2a","0","4","0.989256","ng/L","100","mg","2","0"
"8","Bi_2017_peginterferon_alfa_2a","peginterferon_alfa_2a","0","8","1.544468","ng/L","100","mg","2","0"
"8","Bi_2017_peginterferon_alfa_2a","peginterferon_alfa_2a","0","24","3.608681","ng/L","100","mg","2","0"
"8","Bi_2017_peginterferon_alfa_2a","peginterferon_alfa_2a","0","48","4.822969","ng/L","100","mg","2","0"
"8","Bi_2017_peginterferon_alfa_2a","peginterferon_alfa_2a","0","72","3.580519","ng/L","100","mg","2","0"
"8","Bi_2017_peginterferon_alfa_2a","peginterferon_alfa_2a","0","96","3.557436","ng/L","100","mg","2","0"
"8","Bi_2017_peginterferon_alfa_2a","peginterferon_alfa_2a","0","120","3.823272","ng/L","100","mg","2","0"
"8","Bi_2017_peginterferon_alfa_2a","peginterferon_alfa_2a","0","168","2.739827","ng/L","100","mg","2","0"
"8","Bi_2017_peginterferon_alfa_2a","peginterferon_alfa_2a","0","336","1.324364","ng/L","100","mg","2","0"
"8","Bi_2017_peginterferon_alfa_2a","peginterferon_alfa_2a","0","504","0.472842","ng/L","100","mg","2","0"
"8","Bi_2017_peginterferon_alfa_2a","peginterferon_alfa_2a","0","651","0.000769","ng/L","100","mg","2","0"
"9","Bi_2017_peginterferon_alfa_2a","peginterferon_alfa_2a","1","0",".","ng/L","100","mg","2","."
"9","Bi_2017_peginterferon_alfa_2a","peginterferon_alfa_2a","0","0","0","ng/L","100","mg","2","0"
"9","Bi_2017_peginterferon_alfa_2a","peginterferon_alfa_2a","0","1","0.024434","ng/L","100","mg","2","0"
"9","Bi_2017_peginterferon_alfa_2a","peginterferon_alfa_2a","0","2","0.063619","ng/L","100","mg","2","0"
"9","Bi_2017_peginterferon_alfa_2a","peginterferon_alfa_2a","0","4","0.316068","ng/L","100","mg","2","0"
"9","Bi_2017_peginterferon_alfa_2a","peginterferon_alfa_2a","0","8","0.737614","ng/L","100","mg","2","0"
"9","Bi_2017_peginterferon_alfa_2a","peginterferon_alfa_2a","0","24","0.543629","ng/L","100","mg","2","0"
"9","Bi_2017_peginterferon_alfa_2a","peginterferon_alfa_2a","0","48","1.78162","ng/L","100","mg","2","0"
"9","Bi_2017_peginterferon_alfa_2a","peginterferon_alfa_2a","0","72","1.656762","ng/L","100","mg","2","0"
"9","Bi_2017_peginterferon_alfa_2a","peginterferon_alfa_2a","0","96","1.586076","ng/L","100","mg","2","0"
"9","Bi_2017_peginterferon_alfa_2a","peginterferon_alfa_2a","0","120","1.180276","ng/L","100","mg","2","0"
"9","Bi_2017_peginterferon_alfa_2a","peginterferon_alfa_2a","0","168","0.896683","ng/L","100","mg","2","0"
"9","Bi_2017_peginterferon_alfa_2a","peginterferon_alfa_2a","0","336","1.206396","ng/L","100","mg","2","0"
"9","Bi_2017_peginterferon_alfa_2a","peginterferon_alfa_2a","0","504","0.967758","ng/L","100","mg","2","0"
"9","Bi_2017_peginterferon_alfa_2a","peginterferon_alfa_2a","0","651","0.657812","ng/L","100","mg","2","0"
"10","Bi_2017_peginterferon_alfa_2a","peginterferon_alfa_2a","1","0",".","ng/L","100","mg","2","."
"10","Bi_2017_peginterferon_alfa_2a","peginterferon_alfa_2a","0","0","0","ng/L","100","mg","2","0"
"10","Bi_2017_peginterferon_alfa_2a","peginterferon_alfa_2a","0","1","0","ng/L","100","mg","2","1"
"10","Bi_2017_peginterferon_alfa_2a","peginterferon_alfa_2a","0","2","0.07212","ng/L","100","mg","2","0"
"10","Bi_2017_peginterferon_alfa_2a","peginterferon_alfa_2a","0","4","0.718033","ng/L","100","mg","2","0"
"10","Bi_2017_peginterferon_alfa_2a","peginterferon_alfa_2a","0","8","1.161701","ng/L","100","mg","2","0"
"10","Bi_2017_peginterferon_alfa_2a","peginterferon_alfa_2a","0","24","3.520355","ng/L","100","mg","2","0"
"10","Bi_2017_peginterferon_alfa_2a","peginterferon_alfa_2a","0","48","4.677376","ng/L","100","mg","2","0"
"10","Bi_2017_peginterferon_alfa_2a","peginterferon_alfa_2a","0","72","5.167226","ng/L","100","mg","2","0"
"10","Bi_2017_peginterferon_alfa_2a","peginterferon_alfa_2a","0","96","3.534856","ng/L","100","mg","2","0"
"10","Bi_2017_peginterferon_alfa_2a","peginterferon_alfa_2a","0","120","4.801388","ng/L","100","mg","2","0"
"10","Bi_2017_peginterferon_alfa_2a","peginterferon_alfa_2a","0","168","5.49731","ng/L","100","mg","2","0"
"10","Bi_2017_peginterferon_alfa_2a","peginterferon_alfa_2a","0","336","1.841622","ng/L","100","mg","2","0"
"10","Bi_2017_peginterferon_alfa_2a","peginterferon_alfa_2a","0","504","1.067933","ng/L","100","mg","2","0"
"10","Bi_2017_peginterferon_alfa_2a","peginterferon_alfa_2a","0","651","0.402019","ng/L","100","mg","2","0"
"1","Padari_2018_penicillin_G","penicillin_G","1","0",".","mg/L","2100","mg","1","."
"1","Padari_2018_penicillin_G","penicillin_G","0","0","231.059272","mg/L","2100","mg","1","0"
"1","Padari_2018_penicillin_G","penicillin_G","0","0.25","71.503457","mg/L","2100","mg","1","0"
"1","Padari_2018_penicillin_G","penicillin_G","0","0.5","45.552454","mg/L","2100","mg","1","0"
"1","Padari_2018_penicillin_G","penicillin_G","0","1","42.741784","mg/L","2100","mg","1","0"
"1","Padari_2018_penicillin_G","penicillin_G","0","2","43.986231","mg/L","2100","mg","1","0"
"1","Padari_2018_penicillin_G","penicillin_G","0","4","32.230827","mg/L","2100","mg","1","0"
"1","Padari_2018_penicillin_G","penicillin_G","0","6","30.444903","mg/L","2100","mg","1","0"
"1","Padari_2018_penicillin_G","penicillin_G","0","8","19.590329","mg/L","2100","mg","1","0"
"1","Padari_2018_penicillin_G","penicillin_G","0","12","14.177227","mg/L","2100","mg","1","0"
"1","Padari_2018_penicillin_G","penicillin_G","0","24","3.107376","mg/L","2100","mg","1","0"
"1","Padari_2018_penicillin_G","penicillin_G","0","32","0.870494","mg/L","2100","mg","1","0"
"2","Padari_2018_penicillin_G","penicillin_G","1","0",".","mg/L","2100","mg","1","."
"2","Padari_2018_penicillin_G","penicillin_G","0","0","154.01972","mg/L","2100","mg","1","0"
"2","Padari_2018_penicillin_G","penicillin_G","0","0.25","71.497816","mg/L","2100","mg","1","0"
"2","Padari_2018_penicillin_G","penicillin_G","0","0.5","55.846503","mg/L","2100","mg","1","0"
"2","Padari_2018_penicillin_G","penicillin_G","0","1","63.636611","mg/L","2100","mg","1","0"
"2","Padari_2018_penicillin_G","penicillin_G","0","2","54.675734","mg/L","2100","mg","1","0"
"2","Padari_2018_penicillin_G","penicillin_G","0","4","40.312933","mg/L","2100","mg","1","0"
"2","Padari_2018_penicillin_G","penicillin_G","0","6","30.43645","mg/L","2100","mg","1","0"
"2","Padari_2018_penicillin_G","penicillin_G","0","8","20.409862","mg/L","2100","mg","1","0"
"2","Padari_2018_penicillin_G","penicillin_G","0","12","19.856458","mg/L","2100","mg","1","0"
"2","Padari_2018_penicillin_G","penicillin_G","0","24","2.1351","mg/L","2100","mg","1","0"
"2","Padari_2018_penicillin_G","penicillin_G","0","32","1.028973","mg/L","2100","mg","1","0"
"3","Padari_2018_penicillin_G","penicillin_G","1","0",".","mg/L","2100","mg","1","."
"3","Padari_2018_penicillin_G","penicillin_G","0","0","225.398416","mg/L","2100","mg","1","0"
"3","Padari_2018_penicillin_G","penicillin_G","0","0.25","57.79022","mg/L","2100","mg","1","0"
"3","Padari_2018_penicillin_G","penicillin_G","0","0.5","42.205763","mg/L","2100","mg","1","0"
"3","Padari_2018_penicillin_G","penicillin_G","0","1","31.565799","mg/L","2100","mg","1","0"
"3","Padari_2018_penicillin_G","penicillin_G","0","2","23.761787","mg/L","2100","mg","1","0"
"3","Padari_2018_penicillin_G","penicillin_G","0","4","18.181994","mg/L","2100","mg","1","0"
"3","Padari_2018_penicillin_G","penicillin_G","0","6","8.86279","mg/L","2100","mg","1","0"
"3","Padari_2018_penicillin_G","penicillin_G","0","8","4.330443","mg/L","2100","mg","1","0"
"3","Padari_2018_penicillin_G","penicillin_G","0","12","1.803663","mg/L","2100","mg","1","0"
"3","Padari_2018_penicillin_G","penicillin_G","0","24","0","mg/L","2100","mg","1","1"
"3","Padari_2018_penicillin_G","penicillin_G","0","32","0","mg/L","2100","mg","1","1"
"4","Padari_2018_penicillin_G","penicillin_G","1","0",".","mg/L","2100","mg","1","."
"4","Padari_2018_penicillin_G","penicillin_G","0","0","203.337906","mg/L","2100","mg","1","0"
"4","Padari_2018_penicillin_G","penicillin_G","0","0.25","64.562795","mg/L","2100","mg","1","0"
"4","Padari_2018_penicillin_G","penicillin_G","0","0.5","39.745823","mg/L","2100","mg","1","0"
"4","Padari_2018_penicillin_G","penicillin_G","0","1","32.11262","mg/L","2100","mg","1","0"
"4","Padari_2018_penicillin_G","penicillin_G","0","2","30.076849","mg/L","2100","mg","1","0"
"4","Padari_2018_penicillin_G","penicillin_G","0","4","14.472821","mg/L","2100","mg","1","0"
"4","Padari_2018_penicillin_G","penicillin_G","0","6","19.27211","mg/L","2100","mg","1","0"
"4","Padari_2018_penicillin_G","penicillin_G","0","8","10.378733","mg/L","2100","mg","1","0"
"4","Padari_2018_penicillin_G","penicillin_G","0","12","6.725749","mg/L","2100","mg","1","0"
"4","Padari_2018_penicillin_G","penicillin_G","0","24","0.656962","mg/L","2100","mg","1","0"
"4","Padari_2018_penicillin_G","penicillin_G","0","32","0.345658","mg/L","2100","mg","1","0"
"5","Padari_2018_penicillin_G","penicillin_G","1","0",".","mg/L","2100","mg","1","."
"5","Padari_2018_penicillin_G","penicillin_G","0","0","187.989797","mg/L","2100","mg","1","0"
"5","Padari_2018_penicillin_G","penicillin_G","0","0.25","74.168096","mg/L","2100","mg","1","0"
"5","Padari_2018_penicillin_G","penicillin_G","0","0.5","51.005867","mg/L","2100","mg","1","0"
"5","Padari_2018_penicillin_G","penicillin_G","0","1","52.624931","mg/L","2100","mg","1","0"
"5","Padari_2018_penicillin_G","penicillin_G","0","2","39.40875","mg/L","2100","mg","1","0"
"5","Padari_2018_penicillin_G","penicillin_G","0","4","36.595353","mg/L","2100","mg","1","0"
"5","Padari_2018_penicillin_G","penicillin_G","0","6","35.850376","mg/L","2100","mg","1","0"
"5","Padari_2018_penicillin_G","penicillin_G","0","8","27.731503","mg/L","2100","mg","1","0"
"5","Padari_2018_penicillin_G","penicillin_G","0","12","23.197096","mg/L","2100","mg","1","0"
"5","Padari_2018_penicillin_G","penicillin_G","0","24","10.111943","mg/L","2100","mg","1","0"
"5","Padari_2018_penicillin_G","penicillin_G","0","32","5.678761","mg/L","2100","mg","1","0"
"6","Padari_2018_penicillin_G","penicillin_G","1","0",".","mg/L","2100","mg","1","."
"6","Padari_2018_penicillin_G","penicillin_G","0","0","169.422255","mg/L","2100","mg","1","0"
"6","Padari_2018_penicillin_G","penicillin_G","0","0.25","68.984907","mg/L","2100","mg","1","0"
"6","Padari_2018_penicillin_G","penicillin_G","0","0.5","53.698515","mg/L","2100","mg","1","0"
"6","Padari_2018_penicillin_G","penicillin_G","0","1","40.444047","mg/L","2100","mg","1","0"
"6","Padari_2018_penicillin_G","penicillin_G","0","2","36.862085","mg/L","2100","mg","1","0"
"6","Padari_2018_penicillin_G","penicillin_G","0","4","25.208771","mg/L","2100","mg","1","0"
"6","Padari_2018_penicillin_G","penicillin_G","0","6","33.723526","mg/L","2100","mg","1","0"
"6","Padari_2018_penicillin_G","penicillin_G","0","8","18.013597","mg/L","2100","mg","1","0"
"6","Padari_2018_penicillin_G","penicillin_G","0","12","15.004456","mg/L","2100","mg","1","0"
"6","Padari_2018_penicillin_G","penicillin_G","0","24","4.664139","mg/L","2100","mg","1","0"
"6","Padari_2018_penicillin_G","penicillin_G","0","32","1.486501","mg/L","2100","mg","1","0"
"7","Padari_2018_penicillin_G","penicillin_G","1","0",".","mg/L","2100","mg","1","."
"7","Padari_2018_penicillin_G","penicillin_G","0","0","199.661131","mg/L","2100","mg","1","0"
"7","Padari_2018_penicillin_G","penicillin_G","0","0.25","45.783906","mg/L","2100","mg","1","0"
"7","Padari_2018_penicillin_G","penicillin_G","0","0.5","44.057433","mg/L","2100","mg","1","0"
"7","Padari_2018_penicillin_G","penicillin_G","0","1","38.604949","mg/L","2100","mg","1","0"
"7","Padari_2018_penicillin_G","penicillin_G","0","2","29.222997","mg/L","2100","mg","1","0"
"7","Padari_2018_penicillin_G","penicillin_G","0","4","19.732114","mg/L","2100","mg","1","0"
"7","Padari_2018_penicillin_G","penicillin_G","0","6","9.575958","mg/L","2100","mg","1","0"
"7","Padari_2018_penicillin_G","penicillin_G","0","8","6.947058","mg/L","2100","mg","1","0"
"7","Padari_2018_penicillin_G","penicillin_G","0","12","3.592789","mg/L","2100","mg","1","0"
"7","Padari_2018_penicillin_G","penicillin_G","0","24","0.255634","mg/L","2100","mg","1","0"
"7","Padari_2018_penicillin_G","penicillin_G","0","32","0.136859","mg/L","2100","mg","1","0"
"8","Padari_2018_penicillin_G","penicillin_G","1","0",".","mg/L","2100","mg","1","."
"8","Padari_2018_penicillin_G","penicillin_G","0","0","202.289968","mg/L","2100","mg","1","0"
"8","Padari_2018_penicillin_G","penicillin_G","0","0.25","96.57665","mg/L","2100","mg","1","0"
"8","Padari_2018_penicillin_G","penicillin_G","0","0.5","61.314019","mg/L","2100","mg","1","0"
"8","Padari_2018_penicillin_G","penicillin_G","0","1","58.610118","mg/L","2100","mg","1","0"
"8","Padari_2018_penicillin_G","penicillin_G","0","2","66.914602","mg/L","2100","mg","1","0"
"8","Padari_2018_penicillin_G","penicillin_G","0","4","58.472422","mg/L","2100","mg","1","0"
"8","Padari_2018_penicillin_G","penicillin_G","0","6","42.186414","mg/L","2100","mg","1","0"
"8","Padari_2018_penicillin_G","penicillin_G","0","8","32.132693","mg/L","2100","mg","1","0"
"8","Padari_2018_penicillin_G","penicillin_G","0","12","23.545517","mg/L","2100","mg","1","0"
"8","Padari_2018_penicillin_G","penicillin_G","0","24","7.923672","mg/L","2100","mg","1","0"
"8","Padari_2018_penicillin_G","penicillin_G","0","32","3.349235","mg/L","2100","mg","1","0"
"9","Padari_2018_penicillin_G","penicillin_G","1","0",".","mg/L","2100","mg","1","."
"9","Padari_2018_penicillin_G","penicillin_G","0","0","221.227474","mg/L","2100","mg","1","0"
"9","Padari_2018_penicillin_G","penicillin_G","0","0.25","66.859899","mg/L","2100","mg","1","0"
"9","Padari_2018_penicillin_G","penicillin_G","0","0.5","57.134532","mg/L","2100","mg","1","0"
"9","Padari_2018_penicillin_G","penicillin_G","0","1","50.938325","mg/L","2100","mg","1","0"
"9","Padari_2018_penicillin_G","penicillin_G","0","2","44.120785","mg/L","2100","mg","1","0"
"9","Padari_2018_penicillin_G","penicillin_G","0","4","21.140873","mg/L","2100","mg","1","0"
"9","Padari_2018_penicillin_G","penicillin_G","0","6","17.429436","mg/L","2100","mg","1","0"
"9","Padari_2018_penicillin_G","penicillin_G","0","8","9.711722","mg/L","2100","mg","1","0"
"9","Padari_2018_penicillin_G","penicillin_G","0","12","4.848572","mg/L","2100","mg","1","0"
"9","Padari_2018_penicillin_G","penicillin_G","0","24","0.166371","mg/L","2100","mg","1","0"
"9","Padari_2018_penicillin_G","penicillin_G","0","32","0.005733","mg/L","2100","mg","1","0"
"10","Padari_2018_penicillin_G","penicillin_G","1","0",".","mg/L","2100","mg","1","."
"10","Padari_2018_penicillin_G","penicillin_G","0","0","247.378053","mg/L","2100","mg","1","0"
"10","Padari_2018_penicillin_G","penicillin_G","0","0.25","79.178346","mg/L","2100","mg","1","0"
"10","Padari_2018_penicillin_G","penicillin_G","0","0.5","44.456353","mg/L","2100","mg","1","0"
"10","Padari_2018_penicillin_G","penicillin_G","0","1","53.39528","mg/L","2100","mg","1","0"
"10","Padari_2018_penicillin_G","penicillin_G","0","2","44.432643","mg/L","2100","mg","1","0"
"10","Padari_2018_penicillin_G","penicillin_G","0","4","34.873337","mg/L","2100","mg","1","0"
"10","Padari_2018_penicillin_G","penicillin_G","0","6","28.184883","mg/L","2100","mg","1","0"
"10","Padari_2018_penicillin_G","penicillin_G","0","8","20.549785","mg/L","2100","mg","1","0"
"10","Padari_2018_penicillin_G","penicillin_G","0","12","10.671335","mg/L","2100","mg","1","0"
"10","Padari_2018_penicillin_G","penicillin_G","0","24","3.146371","mg/L","2100","mg","1","0"
"10","Padari_2018_penicillin_G","penicillin_G","0","32","0.333728","mg/L","2100","mg","1","0"
"1","Tanaka_2012_phenytoin","phenytoin","1","0",".","ug/mL","1575","mg","2","."
"1","Tanaka_2012_phenytoin","phenytoin","0","0","0","ug/mL","1575","mg","2","0"
"1","Tanaka_2012_phenytoin","phenytoin","0","0.25","32.34161","ug/mL","1575","mg","2","0"
"1","Tanaka_2012_phenytoin","phenytoin","0","0.5","39.137591","ug/mL","1575","mg","2","0"
"1","Tanaka_2012_phenytoin","phenytoin","0","1","34.651158","ug/mL","1575","mg","2","0"
"1","Tanaka_2012_phenytoin","phenytoin","0","2","25.483714","ug/mL","1575","mg","2","0"
"1","Tanaka_2012_phenytoin","phenytoin","0","4","24.114108","ug/mL","1575","mg","2","0"
"1","Tanaka_2012_phenytoin","phenytoin","0","6","18.927388","ug/mL","1575","mg","2","0"
"1","Tanaka_2012_phenytoin","phenytoin","0","8","17.982181","ug/mL","1575","mg","2","0"
"1","Tanaka_2012_phenytoin","phenytoin","0","12","15.699913","ug/mL","1575","mg","2","0"
"1","Tanaka_2012_phenytoin","phenytoin","0","24","8.263418","ug/mL","1575","mg","2","0"
"1","Tanaka_2012_phenytoin","phenytoin","0","36","3.050882","ug/mL","1575","mg","2","0"
"1","Tanaka_2012_phenytoin","phenytoin","0","48","2.038542","ug/mL","1575","mg","2","0"
"1","Tanaka_2012_phenytoin","phenytoin","0","60","1.408539","ug/mL","1575","mg","2","0"
"1","Tanaka_2012_phenytoin","phenytoin","0","72","1.039656","ug/mL","1575","mg","2","0"
"1","Tanaka_2012_phenytoin","phenytoin","0","105","0","ug/mL","1575","mg","2","1"
"2","Tanaka_2012_phenytoin","phenytoin","1","0",".","ug/mL","1575","mg","2","."
"2","Tanaka_2012_phenytoin","phenytoin","0","0","0","ug/mL","1575","mg","2","0"
"2","Tanaka_2012_phenytoin","phenytoin","0","0.25","27.529904","ug/mL","1575","mg","2","0"
"2","Tanaka_2012_phenytoin","phenytoin","0","0.5","31.077685","ug/mL","1575","mg","2","0"
"2","Tanaka_2012_phenytoin","phenytoin","0","1","29.087318","ug/mL","1575","mg","2","0"
"2","Tanaka_2012_phenytoin","phenytoin","0","2","21.358247","ug/mL","1575","mg","2","0"
"2","Tanaka_2012_phenytoin","phenytoin","0","4","19.222214","ug/mL","1575","mg","2","0"
"2","Tanaka_2012_phenytoin","phenytoin","0","6","18.346031","ug/mL","1575","mg","2","0"
"2","Tanaka_2012_phenytoin","phenytoin","0","8","15.842495","ug/mL","1575","mg","2","0"
"2","Tanaka_2012_phenytoin","phenytoin","0","12","14.863343","ug/mL","1575","mg","2","0"
"2","Tanaka_2012_phenytoin","phenytoin","0","24","9.776825","ug/mL","1575","mg","2","0"
"2","Tanaka_2012_phenytoin","phenytoin","0","36","5.730973","ug/mL","1575","mg","2","0"
"2","Tanaka_2012_phenytoin","phenytoin","0","48","4.805326","ug/mL","1575","mg","2","0"
"2","Tanaka_2012_phenytoin","phenytoin","0","60","2.614203","ug/mL","1575","mg","2","0"
"2","Tanaka_2012_phenytoin","phenytoin","0","72","2.018542","ug/mL","1575","mg","2","0"
"2","Tanaka_2012_phenytoin","phenytoin","0","105","0","ug/mL","1575","mg","2","1"
"3","Tanaka_2012_phenytoin","phenytoin","1","0",".","ug/mL","1575","mg","2","."
"3","Tanaka_2012_phenytoin","phenytoin","0","0","0","ug/mL","1575","mg","2","0"
"3","Tanaka_2012_phenytoin","phenytoin","0","0.25","49.536051","ug/mL","1575","mg","2","0"
"3","Tanaka_2012_phenytoin","phenytoin","0","0.5","42.762832","ug/mL","1575","mg","2","0"
"3","Tanaka_2012_phenytoin","phenytoin","0","1","33.65615","ug/mL","1575","mg","2","0"
"3","Tanaka_2012_phenytoin","phenytoin","0","2","29.808959","ug/mL","1575","mg","2","0"
"3","Tanaka_2012_phenytoin","phenytoin","0","4","26.163453","ug/mL","1575","mg","2","0"
"3","Tanaka_2012_phenytoin","phenytoin","0","6","26.093902","ug/mL","1575","mg","2","0"
"3","Tanaka_2012_phenytoin","phenytoin","0","8","23.427061","ug/mL","1575","mg","2","0"
"3","Tanaka_2012_phenytoin","phenytoin","0","12","20.158302","ug/mL","1575","mg","2","0"
"3","Tanaka_2012_phenytoin","phenytoin","0","24","12.033727","ug/mL","1575","mg","2","0"
"3","Tanaka_2012_phenytoin","phenytoin","0","36","7.717125","ug/mL","1575","mg","2","0"
"3","Tanaka_2012_phenytoin","phenytoin","0","48","3.712475","ug/mL","1575","mg","2","0"
"3","Tanaka_2012_phenytoin","phenytoin","0","60","3.139166","ug/mL","1575","mg","2","0"
"3","Tanaka_2012_phenytoin","phenytoin","0","72","2.363749","ug/mL","1575","mg","2","0"
"3","Tanaka_2012_phenytoin","phenytoin","0","105","1.58479","ug/mL","1575","mg","2","0"
"4","Tanaka_2012_phenytoin","phenytoin","1","0",".","ug/mL","1575","mg","2","."
"4","Tanaka_2012_phenytoin","phenytoin","0","0","0","ug/mL","1575","mg","2","0"
"4","Tanaka_2012_phenytoin","phenytoin","0","0.25","25.991345","ug/mL","1575","mg","2","0"
"4","Tanaka_2012_phenytoin","phenytoin","0","0.5","27.227855","ug/mL","1575","mg","2","0"
"4","Tanaka_2012_phenytoin","phenytoin","0","1","26.166266","ug/mL","1575","mg","2","0"
"4","Tanaka_2012_phenytoin","phenytoin","0","2","24.620026","ug/mL","1575","mg","2","0"
"4","Tanaka_2012_phenytoin","phenytoin","0","4","22.701659","ug/mL","1575","mg","2","0"
"4","Tanaka_2012_phenytoin","phenytoin","0","6","20.804901","ug/mL","1575","mg","2","0"
"4","Tanaka_2012_phenytoin","phenytoin","0","8","19.284238","ug/mL","1575","mg","2","0"
"4","Tanaka_2012_phenytoin","phenytoin","0","12","15.876484","ug/mL","1575","mg","2","0"
"4","Tanaka_2012_phenytoin","phenytoin","0","24","13.038044","ug/mL","1575","mg","2","0"
"4","Tanaka_2012_phenytoin","phenytoin","0","36","8.600902","ug/mL","1575","mg","2","0"
"4","Tanaka_2012_phenytoin","phenytoin","0","48","7.003376","ug/mL","1575","mg","2","0"
"4","Tanaka_2012_phenytoin","phenytoin","0","60","5.020558","ug/mL","1575","mg","2","0"
"4","Tanaka_2012_phenytoin","phenytoin","0","72","2.612067","ug/mL","1575","mg","2","0"
"4","Tanaka_2012_phenytoin","phenytoin","0","105","2.417223","ug/mL","1575","mg","2","0"
"5","Tanaka_2012_phenytoin","phenytoin","1","0",".","ug/mL","1575","mg","2","."
"5","Tanaka_2012_phenytoin","phenytoin","0","0","0","ug/mL","1575","mg","2","0"
"5","Tanaka_2012_phenytoin","phenytoin","0","0.25","44.395651","ug/mL","1575","mg","2","0"
"5","Tanaka_2012_phenytoin","phenytoin","0","0.5","41.185393","ug/mL","1575","mg","2","0"
"5","Tanaka_2012_phenytoin","phenytoin","0","1","39.676001","ug/mL","1575","mg","2","0"
"5","Tanaka_2012_phenytoin","phenytoin","0","2","39.109604","ug/mL","1575","mg","2","0"
"5","Tanaka_2012_phenytoin","phenytoin","0","4","36.411795","ug/mL","1575","mg","2","0"
"5","Tanaka_2012_phenytoin","phenytoin","0","6","31.631527","ug/mL","1575","mg","2","0"
"5","Tanaka_2012_phenytoin","phenytoin","0","8","27.955286","ug/mL","1575","mg","2","0"
"5","Tanaka_2012_phenytoin","phenytoin","0","12","24.818293","ug/mL","1575","mg","2","0"
"5","Tanaka_2012_phenytoin","phenytoin","0","24","16.100388","ug/mL","1575","mg","2","0"
"5","Tanaka_2012_phenytoin","phenytoin","0","36","9.908934","ug/mL","1575","mg","2","0"
"5","Tanaka_2012_phenytoin","phenytoin","0","48","6.4339","ug/mL","1575","mg","2","0"
"5","Tanaka_2012_phenytoin","phenytoin","0","60","3.369409","ug/mL","1575","mg","2","0"
"5","Tanaka_2012_phenytoin","phenytoin","0","72","2.96822","ug/mL","1575","mg","2","0"
"5","Tanaka_2012_phenytoin","phenytoin","0","105","1.382788","ug/mL","1575","mg","2","0"
"6","Tanaka_2012_phenytoin","phenytoin","1","0",".","ug/mL","1575","mg","2","."
"6","Tanaka_2012_phenytoin","phenytoin","0","0","0","ug/mL","1575","mg","2","0"
"6","Tanaka_2012_phenytoin","phenytoin","0","0.25","29.25906","ug/mL","1575","mg","2","0"
"6","Tanaka_2012_phenytoin","phenytoin","0","0.5","27.873816","ug/mL","1575","mg","2","0"
"6","Tanaka_2012_phenytoin","phenytoin","0","1","24.742213","ug/mL","1575","mg","2","0"
"6","Tanaka_2012_phenytoin","phenytoin","0","2","23.363782","ug/mL","1575","mg","2","0"
"6","Tanaka_2012_phenytoin","phenytoin","0","4","20.380486","ug/mL","1575","mg","2","0"
"6","Tanaka_2012_phenytoin","phenytoin","0","6","18.293228","ug/mL","1575","mg","2","0"
"6","Tanaka_2012_phenytoin","phenytoin","0","8","15.225881","ug/mL","1575","mg","2","0"
"6","Tanaka_2012_phenytoin","phenytoin","0","12","11.950714","ug/mL","1575","mg","2","0"
"6","Tanaka_2012_phenytoin","phenytoin","0","24","7.161838","ug/mL","1575","mg","2","0"
"6","Tanaka_2012_phenytoin","phenytoin","0","36","2.973523","ug/mL","1575","mg","2","0"
"6","Tanaka_2012_phenytoin","phenytoin","0","48","1.363648","ug/mL","1575","mg","2","0"
"6","Tanaka_2012_phenytoin","phenytoin","0","60","1.089312","ug/mL","1575","mg","2","0"
"6","Tanaka_2012_phenytoin","phenytoin","0","72","0.216175","ug/mL","1575","mg","2","0"
"6","Tanaka_2012_phenytoin","phenytoin","0","105","0.419543","ug/mL","1575","mg","2","0"
"7","Tanaka_2012_phenytoin","phenytoin","1","0",".","ug/mL","1575","mg","2","."
"7","Tanaka_2012_phenytoin","phenytoin","0","0","0","ug/mL","1575","mg","2","0"
"7","Tanaka_2012_phenytoin","phenytoin","0","0.25","42.744692","ug/mL","1575","mg","2","0"
"7","Tanaka_2012_phenytoin","phenytoin","0","0.5","44.315039","ug/mL","1575","mg","2","0"
"7","Tanaka_2012_phenytoin","phenytoin","0","1","31.038189","ug/mL","1575","mg","2","0"
"7","Tanaka_2012_phenytoin","phenytoin","0","2","24.56906","ug/mL","1575","mg","2","0"
"7","Tanaka_2012_phenytoin","phenytoin","0","4","20.587877","ug/mL","1575","mg","2","0"
"7","Tanaka_2012_phenytoin","phenytoin","0","6","21.349446","ug/mL","1575","mg","2","0"
"7","Tanaka_2012_phenytoin","phenytoin","0","8","19.516965","ug/mL","1575","mg","2","0"
"7","Tanaka_2012_phenytoin","phenytoin","0","12","18.762798","ug/mL","1575","mg","2","0"
"7","Tanaka_2012_phenytoin","phenytoin","0","24","14.309751","ug/mL","1575","mg","2","0"
"7","Tanaka_2012_phenytoin","phenytoin","0","36","11.20719","ug/mL","1575","mg","2","0"
"7","Tanaka_2012_phenytoin","phenytoin","0","48","8.232519","ug/mL","1575","mg","2","0"
"7","Tanaka_2012_phenytoin","phenytoin","0","60","7.472597","ug/mL","1575","mg","2","0"
"7","Tanaka_2012_phenytoin","phenytoin","0","72","4.732349","ug/mL","1575","mg","2","0"
"7","Tanaka_2012_phenytoin","phenytoin","0","105","2.224257","ug/mL","1575","mg","2","0"
"8","Tanaka_2012_phenytoin","phenytoin","1","0",".","ug/mL","1575","mg","2","."
"8","Tanaka_2012_phenytoin","phenytoin","0","0","0","ug/mL","1575","mg","2","0"
"8","Tanaka_2012_phenytoin","phenytoin","0","0.25","38.79956","ug/mL","1575","mg","2","0"
"8","Tanaka_2012_phenytoin","phenytoin","0","0.5","32.49212","ug/mL","1575","mg","2","0"
"8","Tanaka_2012_phenytoin","phenytoin","0","1","28.139064","ug/mL","1575","mg","2","0"
"8","Tanaka_2012_phenytoin","phenytoin","0","2","26.784142","ug/mL","1575","mg","2","0"
"8","Tanaka_2012_phenytoin","phenytoin","0","4","23.861575","ug/mL","1575","mg","2","0"
"8","Tanaka_2012_phenytoin","phenytoin","0","6","22.424472","ug/mL","1575","mg","2","0"
"8","Tanaka_2012_phenytoin","phenytoin","0","8","21.762828","ug/mL","1575","mg","2","0"
"8","Tanaka_2012_phenytoin","phenytoin","0","12","21.228947","ug/mL","1575","mg","2","0"
"8","Tanaka_2012_phenytoin","phenytoin","0","24","14.854696","ug/mL","1575","mg","2","0"
"8","Tanaka_2012_phenytoin","phenytoin","0","36","11.505534","ug/mL","1575","mg","2","0"
"8","Tanaka_2012_phenytoin","phenytoin","0","48","7.28211","ug/mL","1575","mg","2","0"
"8","Tanaka_2012_phenytoin","phenytoin","0","60","7.513559","ug/mL","1575","mg","2","0"
"8","Tanaka_2012_phenytoin","phenytoin","0","72","4.164014","ug/mL","1575","mg","2","0"
"8","Tanaka_2012_phenytoin","phenytoin","0","105","1.827911","ug/mL","1575","mg","2","0"
"9","Tanaka_2012_phenytoin","phenytoin","1","0",".","ug/mL","1575","mg","2","."
"9","Tanaka_2012_phenytoin","phenytoin","0","0","0","ug/mL","1575","mg","2","0"
"9","Tanaka_2012_phenytoin","phenytoin","0","0.25","23.124759","ug/mL","1575","mg","2","0"
"9","Tanaka_2012_phenytoin","phenytoin","0","0.5","25.168489","ug/mL","1575","mg","2","0"
"9","Tanaka_2012_phenytoin","phenytoin","0","1","20.810729","ug/mL","1575","mg","2","0"
"9","Tanaka_2012_phenytoin","phenytoin","0","2","19.222067","ug/mL","1575","mg","2","0"
"9","Tanaka_2012_phenytoin","phenytoin","0","4","17.213196","ug/mL","1575","mg","2","0"
"9","Tanaka_2012_phenytoin","phenytoin","0","6","16.823006","ug/mL","1575","mg","2","0"
"9","Tanaka_2012_phenytoin","phenytoin","0","8","15.655837","ug/mL","1575","mg","2","0"
"9","Tanaka_2012_phenytoin","phenytoin","0","12","14.350398","ug/mL","1575","mg","2","0"
"9","Tanaka_2012_phenytoin","phenytoin","0","24","9.615898","ug/mL","1575","mg","2","0"
"9","Tanaka_2012_phenytoin","phenytoin","0","36","7.491142","ug/mL","1575","mg","2","0"
"9","Tanaka_2012_phenytoin","phenytoin","0","48","4.231837","ug/mL","1575","mg","2","0"
"9","Tanaka_2012_phenytoin","phenytoin","0","60","3.227301","ug/mL","1575","mg","2","0"
"9","Tanaka_2012_phenytoin","phenytoin","0","72","2.36942","ug/mL","1575","mg","2","0"
"9","Tanaka_2012_phenytoin","phenytoin","0","105","0.883335","ug/mL","1575","mg","2","0"
"10","Tanaka_2012_phenytoin","phenytoin","1","0",".","ug/mL","1575","mg","2","."
"10","Tanaka_2012_phenytoin","phenytoin","0","0","0","ug/mL","1575","mg","2","0"
"10","Tanaka_2012_phenytoin","phenytoin","0","0.25","46.252686","ug/mL","1575","mg","2","0"
"10","Tanaka_2012_phenytoin","phenytoin","0","0.5","47.707707","ug/mL","1575","mg","2","0"
"10","Tanaka_2012_phenytoin","phenytoin","0","1","36.545126","ug/mL","1575","mg","2","0"
"10","Tanaka_2012_phenytoin","phenytoin","0","2","27.754141","ug/mL","1575","mg","2","0"
"10","Tanaka_2012_phenytoin","phenytoin","0","4","25.100461","ug/mL","1575","mg","2","0"
"10","Tanaka_2012_phenytoin","phenytoin","0","6","22.116688","ug/mL","1575","mg","2","0"
"10","Tanaka_2012_phenytoin","phenytoin","0","8","22.453769","ug/mL","1575","mg","2","0"
"10","Tanaka_2012_phenytoin","phenytoin","0","12","19.058889","ug/mL","1575","mg","2","0"
"10","Tanaka_2012_phenytoin","phenytoin","0","24","14.984803","ug/mL","1575","mg","2","0"
"10","Tanaka_2012_phenytoin","phenytoin","0","36","9.154424","ug/mL","1575","mg","2","0"
"10","Tanaka_2012_phenytoin","phenytoin","0","48","6.515495","ug/mL","1575","mg","2","0"
"10","Tanaka_2012_phenytoin","phenytoin","0","60","5.82215","ug/mL","1575","mg","2","0"
"10","Tanaka_2012_phenytoin","phenytoin","0","72","3.308374","ug/mL","1575","mg","2","0"
"10","Tanaka_2012_phenytoin","phenytoin","0","105","1.471239","ug/mL","1575","mg","2","0"
"1","Hoglund_2017_piperaquine","piperaquine","1","0",".","ng/mL","100","mg","2","."
"1","Hoglund_2017_piperaquine","piperaquine","0","0","0","ng/mL","100","mg","2","0"
"1","Hoglund_2017_piperaquine","piperaquine","0","4","7.095976","ng/mL","100","mg","2","0"
"1","Hoglund_2017_piperaquine","piperaquine","0","24","5.04724","ng/mL","100","mg","2","0"
"1","Hoglund_2017_piperaquine","piperaquine","0","72","1.848997","ng/mL","100","mg","2","0"
"1","Hoglund_2017_piperaquine","piperaquine","0","168","1.31968","ng/mL","100","mg","2","0"
"1","Hoglund_2017_piperaquine","piperaquine","0","336","0.79795","ng/mL","100","mg","2","0"
"1","Hoglund_2017_piperaquine","piperaquine","0","504","0.903862","ng/mL","100","mg","2","0"
"1","Hoglund_2017_piperaquine","piperaquine","0","672","0.624101","ng/mL","100","mg","2","0"
"1","Hoglund_2017_piperaquine","piperaquine","0","840","0.633038","ng/mL","100","mg","2","0"
"1","Hoglund_2017_piperaquine","piperaquine","0","1008","0.534721","ng/mL","100","mg","2","0"
"1","Hoglund_2017_piperaquine","piperaquine","0","1176","0.476732","ng/mL","100","mg","2","0"
"1","Hoglund_2017_piperaquine","piperaquine","0","1512","0.48518","ng/mL","100","mg","2","0"
"1","Hoglund_2017_piperaquine","piperaquine","0","2016","0.179065","ng/mL","100","mg","2","0"
"1","Hoglund_2017_piperaquine","piperaquine","0","2520","0.148977","ng/mL","100","mg","2","0"
"2","Hoglund_2017_piperaquine","piperaquine","1","0",".","ng/mL","100","mg","2","."
"2","Hoglund_2017_piperaquine","piperaquine","0","0","0","ng/mL","100","mg","2","0"
"2","Hoglund_2017_piperaquine","piperaquine","0","4","0","ng/mL","100","mg","2","1"
"2","Hoglund_2017_piperaquine","piperaquine","0","24","5.650129","ng/mL","100","mg","2","0"
"2","Hoglund_2017_piperaquine","piperaquine","0","72","2.300859","ng/mL","100","mg","2","0"
"2","Hoglund_2017_piperaquine","piperaquine","0","168","1.290233","ng/mL","100","mg","2","0"
"2","Hoglund_2017_piperaquine","piperaquine","0","336","0.815504","ng/mL","100","mg","2","0"
"2","Hoglund_2017_piperaquine","piperaquine","0","504","1.059177","ng/mL","100","mg","2","0"
"2","Hoglund_2017_piperaquine","piperaquine","0","672","0.581074","ng/mL","100","mg","2","0"
"2","Hoglund_2017_piperaquine","piperaquine","0","840","0.586166","ng/mL","100","mg","2","0"
"2","Hoglund_2017_piperaquine","piperaquine","0","1008","0.272919","ng/mL","100","mg","2","0"
"2","Hoglund_2017_piperaquine","piperaquine","0","1176","0.472098","ng/mL","100","mg","2","0"
"2","Hoglund_2017_piperaquine","piperaquine","0","1512","0.089519","ng/mL","100","mg","2","0"
"2","Hoglund_2017_piperaquine","piperaquine","0","2016","0.096055","ng/mL","100","mg","2","0"
"2","Hoglund_2017_piperaquine","piperaquine","0","2520","0.069313","ng/mL","100","mg","2","0"
"3","Hoglund_2017_piperaquine","piperaquine","1","0",".","ng/mL","100","mg","2","."
"3","Hoglund_2017_piperaquine","piperaquine","0","0","0","ng/mL","100","mg","2","0"
"3","Hoglund_2017_piperaquine","piperaquine","0","4","9.611421","ng/mL","100","mg","2","0"
"3","Hoglund_2017_piperaquine","piperaquine","0","24","7.290315","ng/mL","100","mg","2","0"
"3","Hoglund_2017_piperaquine","piperaquine","0","72","2.683047","ng/mL","100","mg","2","0"
"3","Hoglund_2017_piperaquine","piperaquine","0","168","1.577159","ng/mL","100","mg","2","0"
"3","Hoglund_2017_piperaquine","piperaquine","0","336","0.905667","ng/mL","100","mg","2","0"
"3","Hoglund_2017_piperaquine","piperaquine","0","504","0.460463","ng/mL","100","mg","2","0"
"3","Hoglund_2017_piperaquine","piperaquine","0","672","0.556127","ng/mL","100","mg","2","0"
"3","Hoglund_2017_piperaquine","piperaquine","0","840","0.297958","ng/mL","100","mg","2","0"
"3","Hoglund_2017_piperaquine","piperaquine","0","1008","0.170376","ng/mL","100","mg","2","0"
"3","Hoglund_2017_piperaquine","piperaquine","0","1176","0.259006","ng/mL","100","mg","2","0"
"3","Hoglund_2017_piperaquine","piperaquine","0","1512","0.214693","ng/mL","100","mg","2","0"
"3","Hoglund_2017_piperaquine","piperaquine","0","2016","0.235525","ng/mL","100","mg","2","0"
"3","Hoglund_2017_piperaquine","piperaquine","0","2520","0.115673","ng/mL","100","mg","2","0"
"4","Hoglund_2017_piperaquine","piperaquine","1","0",".","ng/mL","100","mg","2","."
"4","Hoglund_2017_piperaquine","piperaquine","0","0","0","ng/mL","100","mg","2","0"
"4","Hoglund_2017_piperaquine","piperaquine","0","4","9.258051","ng/mL","100","mg","2","0"
"4","Hoglund_2017_piperaquine","piperaquine","0","24","1.882634","ng/mL","100","mg","2","0"
"4","Hoglund_2017_piperaquine","piperaquine","0","72","0.869646","ng/mL","100","mg","2","0"
"4","Hoglund_2017_piperaquine","piperaquine","0","168","0.43033","ng/mL","100","mg","2","0"
"4","Hoglund_2017_piperaquine","piperaquine","0","336","0.31184","ng/mL","100","mg","2","0"
"4","Hoglund_2017_piperaquine","piperaquine","0","504","0.24617","ng/mL","100","mg","2","0"
"4","Hoglund_2017_piperaquine","piperaquine","0","672","0.194908","ng/mL","100","mg","2","0"
"4","Hoglund_2017_piperaquine","piperaquine","0","840","0.134143","ng/mL","100","mg","2","0"
"4","Hoglund_2017_piperaquine","piperaquine","0","1008","0.226001","ng/mL","100","mg","2","0"
"4","Hoglund_2017_piperaquine","piperaquine","0","1176","0.088405","ng/mL","100","mg","2","0"
"4","Hoglund_2017_piperaquine","piperaquine","0","1512","0.130712","ng/mL","100","mg","2","0"
"4","Hoglund_2017_piperaquine","piperaquine","0","2016","0.127778","ng/mL","100","mg","2","0"
"4","Hoglund_2017_piperaquine","piperaquine","0","2520","0.034643","ng/mL","100","mg","2","0"
"5","Hoglund_2017_piperaquine","piperaquine","1","0",".","ng/mL","100","mg","2","."
"5","Hoglund_2017_piperaquine","piperaquine","0","0","0","ng/mL","100","mg","2","0"
"5","Hoglund_2017_piperaquine","piperaquine","0","4","1.599658","ng/mL","100","mg","2","0"
"5","Hoglund_2017_piperaquine","piperaquine","0","24","1.386717","ng/mL","100","mg","2","0"
"5","Hoglund_2017_piperaquine","piperaquine","0","72","0.93487","ng/mL","100","mg","2","0"
"5","Hoglund_2017_piperaquine","piperaquine","0","168","0.686351","ng/mL","100","mg","2","0"
"5","Hoglund_2017_piperaquine","piperaquine","0","336","0.65764","ng/mL","100","mg","2","0"
"5","Hoglund_2017_piperaquine","piperaquine","0","504","0.3055","ng/mL","100","mg","2","0"
"5","Hoglund_2017_piperaquine","piperaquine","0","672","0.289763","ng/mL","100","mg","2","0"
"5","Hoglund_2017_piperaquine","piperaquine","0","840","0.340107","ng/mL","100","mg","2","0"
"5","Hoglund_2017_piperaquine","piperaquine","0","1008","0.281151","ng/mL","100","mg","2","0"
"5","Hoglund_2017_piperaquine","piperaquine","0","1176","0.16122","ng/mL","100","mg","2","0"
"5","Hoglund_2017_piperaquine","piperaquine","0","1512","0.110464","ng/mL","100","mg","2","0"
"5","Hoglund_2017_piperaquine","piperaquine","0","2016","0.103048","ng/mL","100","mg","2","0"
"5","Hoglund_2017_piperaquine","piperaquine","0","2520","0.128459","ng/mL","100","mg","2","0"
"6","Hoglund_2017_piperaquine","piperaquine","1","0",".","ng/mL","100","mg","2","."
"6","Hoglund_2017_piperaquine","piperaquine","0","0","0","ng/mL","100","mg","2","0"
"6","Hoglund_2017_piperaquine","piperaquine","0","4","9.863897","ng/mL","100","mg","2","0"
"6","Hoglund_2017_piperaquine","piperaquine","0","24","2.787496","ng/mL","100","mg","2","0"
"6","Hoglund_2017_piperaquine","piperaquine","0","72","1.35241","ng/mL","100","mg","2","0"
"6","Hoglund_2017_piperaquine","piperaquine","0","168","0.623335","ng/mL","100","mg","2","0"
"6","Hoglund_2017_piperaquine","piperaquine","0","336","0.406245","ng/mL","100","mg","2","0"
"6","Hoglund_2017_piperaquine","piperaquine","0","504","0.146533","ng/mL","100","mg","2","0"
"6","Hoglund_2017_piperaquine","piperaquine","0","672","0.323239","ng/mL","100","mg","2","0"
"6","Hoglund_2017_piperaquine","piperaquine","0","840","0.19862","ng/mL","100","mg","2","0"
"6","Hoglund_2017_piperaquine","piperaquine","0","1008","0.183858","ng/mL","100","mg","2","0"
"6","Hoglund_2017_piperaquine","piperaquine","0","1176","0.19346","ng/mL","100","mg","2","0"
"6","Hoglund_2017_piperaquine","piperaquine","0","1512","0.109448","ng/mL","100","mg","2","0"
"6","Hoglund_2017_piperaquine","piperaquine","0","2016","0.088775","ng/mL","100","mg","2","0"
"6","Hoglund_2017_piperaquine","piperaquine","0","2520","0.059183","ng/mL","100","mg","2","0"
"7","Hoglund_2017_piperaquine","piperaquine","1","0",".","ng/mL","100","mg","2","."
"7","Hoglund_2017_piperaquine","piperaquine","0","0","0","ng/mL","100","mg","2","0"
"7","Hoglund_2017_piperaquine","piperaquine","0","4","4.812434","ng/mL","100","mg","2","0"
"7","Hoglund_2017_piperaquine","piperaquine","0","24","3.706454","ng/mL","100","mg","2","0"
"7","Hoglund_2017_piperaquine","piperaquine","0","72","0.426012","ng/mL","100","mg","2","0"
"7","Hoglund_2017_piperaquine","piperaquine","0","168","2.104135","ng/mL","100","mg","2","0"
"7","Hoglund_2017_piperaquine","piperaquine","0","336","0.612892","ng/mL","100","mg","2","0"
"7","Hoglund_2017_piperaquine","piperaquine","0","504","0.569297","ng/mL","100","mg","2","0"
"7","Hoglund_2017_piperaquine","piperaquine","0","672","0.706722","ng/mL","100","mg","2","0"
"7","Hoglund_2017_piperaquine","piperaquine","0","840","0.601918","ng/mL","100","mg","2","0"
"7","Hoglund_2017_piperaquine","piperaquine","0","1008","0.399923","ng/mL","100","mg","2","0"
"7","Hoglund_2017_piperaquine","piperaquine","0","1176","0.370081","ng/mL","100","mg","2","0"
"7","Hoglund_2017_piperaquine","piperaquine","0","1512","0.259479","ng/mL","100","mg","2","0"
"7","Hoglund_2017_piperaquine","piperaquine","0","2016","0.050691","ng/mL","100","mg","2","0"
"7","Hoglund_2017_piperaquine","piperaquine","0","2520","0.154338","ng/mL","100","mg","2","0"
"8","Hoglund_2017_piperaquine","piperaquine","1","0",".","ng/mL","100","mg","2","."
"8","Hoglund_2017_piperaquine","piperaquine","0","0","0","ng/mL","100","mg","2","0"
"8","Hoglund_2017_piperaquine","piperaquine","0","4","6.584601","ng/mL","100","mg","2","0"
"8","Hoglund_2017_piperaquine","piperaquine","0","24","3.035143","ng/mL","100","mg","2","0"
"8","Hoglund_2017_piperaquine","piperaquine","0","72","1.472887","ng/mL","100","mg","2","0"
"8","Hoglund_2017_piperaquine","piperaquine","0","168","0.665325","ng/mL","100","mg","2","0"
"8","Hoglund_2017_piperaquine","piperaquine","0","336","0.400929","ng/mL","100","mg","2","0"
"8","Hoglund_2017_piperaquine","piperaquine","0","504","0.127105","ng/mL","100","mg","2","0"
"8","Hoglund_2017_piperaquine","piperaquine","0","672","0.156547","ng/mL","100","mg","2","0"
"8","Hoglund_2017_piperaquine","piperaquine","0","840","0.051925","ng/mL","100","mg","2","0"
"8","Hoglund_2017_piperaquine","piperaquine","0","1008","0.190382","ng/mL","100","mg","2","0"
"8","Hoglund_2017_piperaquine","piperaquine","0","1176","0.122775","ng/mL","100","mg","2","0"
"8","Hoglund_2017_piperaquine","piperaquine","0","1512","0.068461","ng/mL","100","mg","2","0"
"8","Hoglund_2017_piperaquine","piperaquine","0","2016","0.084457","ng/mL","100","mg","2","0"
"8","Hoglund_2017_piperaquine","piperaquine","0","2520","0.032081","ng/mL","100","mg","2","0"
"9","Hoglund_2017_piperaquine","piperaquine","1","0",".","ng/mL","100","mg","2","."
"9","Hoglund_2017_piperaquine","piperaquine","0","0","0","ng/mL","100","mg","2","0"
"9","Hoglund_2017_piperaquine","piperaquine","0","4","26.757456","ng/mL","100","mg","2","0"
"9","Hoglund_2017_piperaquine","piperaquine","0","24","3.941805","ng/mL","100","mg","2","0"
"9","Hoglund_2017_piperaquine","piperaquine","0","72","1.606734","ng/mL","100","mg","2","0"
"9","Hoglund_2017_piperaquine","piperaquine","0","168","0.643178","ng/mL","100","mg","2","0"
"9","Hoglund_2017_piperaquine","piperaquine","0","336","0.622927","ng/mL","100","mg","2","0"
"9","Hoglund_2017_piperaquine","piperaquine","0","504","0.548567","ng/mL","100","mg","2","0"
"9","Hoglund_2017_piperaquine","piperaquine","0","672","0.552423","ng/mL","100","mg","2","0"
"9","Hoglund_2017_piperaquine","piperaquine","0","840","0.636339","ng/mL","100","mg","2","0"
"9","Hoglund_2017_piperaquine","piperaquine","0","1008","0.569612","ng/mL","100","mg","2","0"
"9","Hoglund_2017_piperaquine","piperaquine","0","1176","0.389722","ng/mL","100","mg","2","0"
"9","Hoglund_2017_piperaquine","piperaquine","0","1512","0.246731","ng/mL","100","mg","2","0"
"9","Hoglund_2017_piperaquine","piperaquine","0","2016","0.147253","ng/mL","100","mg","2","0"
"9","Hoglund_2017_piperaquine","piperaquine","0","2520","0.108527","ng/mL","100","mg","2","0"
"10","Hoglund_2017_piperaquine","piperaquine","1","0",".","ng/mL","100","mg","2","."
"10","Hoglund_2017_piperaquine","piperaquine","0","0","0","ng/mL","100","mg","2","0"
"10","Hoglund_2017_piperaquine","piperaquine","0","4","12.032009","ng/mL","100","mg","2","0"
"10","Hoglund_2017_piperaquine","piperaquine","0","24","2.188104","ng/mL","100","mg","2","0"
"10","Hoglund_2017_piperaquine","piperaquine","0","72","2.802256","ng/mL","100","mg","2","0"
"10","Hoglund_2017_piperaquine","piperaquine","0","168","0.87197","ng/mL","100","mg","2","0"
"10","Hoglund_2017_piperaquine","piperaquine","0","336","0.981668","ng/mL","100","mg","2","0"
"10","Hoglund_2017_piperaquine","piperaquine","0","504","0.532952","ng/mL","100","mg","2","0"
"10","Hoglund_2017_piperaquine","piperaquine","0","672","0.300031","ng/mL","100","mg","2","0"
"10","Hoglund_2017_piperaquine","piperaquine","0","840","0.39575","ng/mL","100","mg","2","0"
"10","Hoglund_2017_piperaquine","piperaquine","0","1008","0.443173","ng/mL","100","mg","2","0"
"10","Hoglund_2017_piperaquine","piperaquine","0","1176","0.402726","ng/mL","100","mg","2","0"
"10","Hoglund_2017_piperaquine","piperaquine","0","1512","0.299181","ng/mL","100","mg","2","0"
"10","Hoglund_2017_piperaquine","piperaquine","0","2016","0.165887","ng/mL","100","mg","2","0"
"10","Hoglund_2017_piperaquine","piperaquine","0","2520","0.099305","ng/mL","100","mg","2","0"
"1","PK_1cmt","PK_1cmt","1","0",".","ug/mL","100","mg","2","."
"1","PK_1cmt","PK_1cmt","0","0","0","ug/mL","100","mg","2","0"
"1","PK_1cmt","PK_1cmt","0","0.25","1.32282","ug/mL","100","mg","2","0"
"1","PK_1cmt","PK_1cmt","0","0.5","1.723764","ug/mL","100","mg","2","0"
"1","PK_1cmt","PK_1cmt","0","1","3.96303","ug/mL","100","mg","2","0"
"1","PK_1cmt","PK_1cmt","0","2","4.418984","ug/mL","100","mg","2","0"
"1","PK_1cmt","PK_1cmt","0","4","2.413075","ug/mL","100","mg","2","0"
"1","PK_1cmt","PK_1cmt","0","6","3.418987","ug/mL","100","mg","2","0"
"1","PK_1cmt","PK_1cmt","0","8","1.626546","ug/mL","100","mg","2","0"
"1","PK_1cmt","PK_1cmt","0","12","3.358736","ug/mL","100","mg","2","0"
"1","PK_1cmt","PK_1cmt","0","24","0.466572","ug/mL","100","mg","2","0"
"1","PK_1cmt","PK_1cmt","0","36","0.014034","ug/mL","100","mg","2","0"
"1","PK_1cmt","PK_1cmt","0","41","0.01378","ug/mL","100","mg","2","0"
"2","PK_1cmt","PK_1cmt","1","0",".","ug/mL","100","mg","2","."
"2","PK_1cmt","PK_1cmt","0","0","0","ug/mL","100","mg","2","0"
"2","PK_1cmt","PK_1cmt","0","0.25","0.28888","ug/mL","100","mg","2","0"
"2","PK_1cmt","PK_1cmt","0","0.5","2.468245","ug/mL","100","mg","2","0"
"2","PK_1cmt","PK_1cmt","0","1","0","ug/mL","100","mg","2","1"
"2","PK_1cmt","PK_1cmt","0","2","0","ug/mL","100","mg","2","1"
"2","PK_1cmt","PK_1cmt","0","4","2.362592","ug/mL","100","mg","2","0"
"2","PK_1cmt","PK_1cmt","0","6","2.534234","ug/mL","100","mg","2","0"
"2","PK_1cmt","PK_1cmt","0","8","2.335543","ug/mL","100","mg","2","0"
"2","PK_1cmt","PK_1cmt","0","12","0.628649","ug/mL","100","mg","2","0"
"2","PK_1cmt","PK_1cmt","0","24","0.494528","ug/mL","100","mg","2","0"
"2","PK_1cmt","PK_1cmt","0","36","0.181889","ug/mL","100","mg","2","0"
"2","PK_1cmt","PK_1cmt","0","41","0.045482","ug/mL","100","mg","2","0"
"3","PK_1cmt","PK_1cmt","1","0",".","ug/mL","100","mg","2","."
"3","PK_1cmt","PK_1cmt","0","0","0","ug/mL","100","mg","2","0"
"3","PK_1cmt","PK_1cmt","0","0.25","1.427352","ug/mL","100","mg","2","0"
"3","PK_1cmt","PK_1cmt","0","0.5","2.796486","ug/mL","100","mg","2","0"
"3","PK_1cmt","PK_1cmt","0","1","0.959599","ug/mL","100","mg","2","0"
"3","PK_1cmt","PK_1cmt","0","2","2.597433","ug/mL","100","mg","2","0"
"3","PK_1cmt","PK_1cmt","0","4","1.637609","ug/mL","100","mg","2","0"
"3","PK_1cmt","PK_1cmt","0","6","3.888217","ug/mL","100","mg","2","0"
"3","PK_1cmt","PK_1cmt","0","8","3.473444","ug/mL","100","mg","2","0"
"3","PK_1cmt","PK_1cmt","0","12","1.756527","ug/mL","100","mg","2","0"
"3","PK_1cmt","PK_1cmt","0","24","0.100945","ug/mL","100","mg","2","0"
"3","PK_1cmt","PK_1cmt","0","36","0.068928","ug/mL","100","mg","2","0"
"3","PK_1cmt","PK_1cmt","0","41","0.210122","ug/mL","100","mg","2","0"
"4","PK_1cmt","PK_1cmt","1","0",".","ug/mL","100","mg","2","."
"4","PK_1cmt","PK_1cmt","0","0","0","ug/mL","100","mg","2","0"
"4","PK_1cmt","PK_1cmt","0","0.25","0.578536","ug/mL","100","mg","2","0"
"4","PK_1cmt","PK_1cmt","0","0.5","3.414255","ug/mL","100","mg","2","0"
"4","PK_1cmt","PK_1cmt","0","1","0.628191","ug/mL","100","mg","2","0"
"4","PK_1cmt","PK_1cmt","0","2","4.782183","ug/mL","100","mg","2","0"
"4","PK_1cmt","PK_1cmt","0","4","3.409671","ug/mL","100","mg","2","0"
"4","PK_1cmt","PK_1cmt","0","6","0.667882","ug/mL","100","mg","2","0"
"4","PK_1cmt","PK_1cmt","0","8","2.519941","ug/mL","100","mg","2","0"
"4","PK_1cmt","PK_1cmt","0","12","0.461109","ug/mL","100","mg","2","0"
"4","PK_1cmt","PK_1cmt","0","24","0.473022","ug/mL","100","mg","2","0"
"4","PK_1cmt","PK_1cmt","0","36","0.040365","ug/mL","100","mg","2","0"
"4","PK_1cmt","PK_1cmt","0","41","0.040269","ug/mL","100","mg","2","0"
"5","PK_1cmt","PK_1cmt","1","0",".","ug/mL","100","mg","2","."
"5","PK_1cmt","PK_1cmt","0","0","0","ug/mL","100","mg","2","0"
"5","PK_1cmt","PK_1cmt","0","0.25","0.641657","ug/mL","100","mg","2","0"
"5","PK_1cmt","PK_1cmt","0","0.5","0.715432","ug/mL","100","mg","2","0"
"5","PK_1cmt","PK_1cmt","0","1","2.568155","ug/mL","100","mg","2","0"
"5","PK_1cmt","PK_1cmt","0","2","4.916768","ug/mL","100","mg","2","0"
"5","PK_1cmt","PK_1cmt","0","4","2.059703","ug/mL","100","mg","2","0"
"5","PK_1cmt","PK_1cmt","0","6","0.598732","ug/mL","100","mg","2","0"
"5","PK_1cmt","PK_1cmt","0","8","1.609073","ug/mL","100","mg","2","0"
"5","PK_1cmt","PK_1cmt","0","12","1.057903","ug/mL","100","mg","2","0"
"5","PK_1cmt","PK_1cmt","0","24","0.411328","ug/mL","100","mg","2","0"
"5","PK_1cmt","PK_1cmt","0","36","0.186579","ug/mL","100","mg","2","0"
"5","PK_1cmt","PK_1cmt","0","41","0.084757","ug/mL","100","mg","2","0"
"6","PK_1cmt","PK_1cmt","1","0",".","ug/mL","100","mg","2","."
"6","PK_1cmt","PK_1cmt","0","0","0","ug/mL","100","mg","2","0"
"6","PK_1cmt","PK_1cmt","0","0.25","2.001062","ug/mL","100","mg","2","0"
"6","PK_1cmt","PK_1cmt","0","0.5","2.020687","ug/mL","100","mg","2","0"
"6","PK_1cmt","PK_1cmt","0","1","1.623334","ug/mL","100","mg","2","0"
"6","PK_1cmt","PK_1cmt","0","2","0.981311","ug/mL","100","mg","2","0"
"6","PK_1cmt","PK_1cmt","0","4","1.091154","ug/mL","100","mg","2","0"
"6","PK_1cmt","PK_1cmt","0","6","2.642423","ug/mL","100","mg","2","0"
"6","PK_1cmt","PK_1cmt","0","8","1.602156","ug/mL","100","mg","2","0"
"6","PK_1cmt","PK_1cmt","0","12","0.255938","ug/mL","100","mg","2","0"
"6","PK_1cmt","PK_1cmt","0","24","0.77736","ug/mL","100","mg","2","0"
"6","PK_1cmt","PK_1cmt","0","36","0.346688","ug/mL","100","mg","2","0"
"6","PK_1cmt","PK_1cmt","0","41","0.143471","ug/mL","100","mg","2","0"
"7","PK_1cmt","PK_1cmt","1","0",".","ug/mL","100","mg","2","."
"7","PK_1cmt","PK_1cmt","0","0","0","ug/mL","100","mg","2","0"
"7","PK_1cmt","PK_1cmt","0","0.25","1.557525","ug/mL","100","mg","2","0"
"7","PK_1cmt","PK_1cmt","0","0.5","1.073225","ug/mL","100","mg","2","0"
"7","PK_1cmt","PK_1cmt","0","1","1.843842","ug/mL","100","mg","2","0"
"7","PK_1cmt","PK_1cmt","0","2","0.740096","ug/mL","100","mg","2","0"
"7","PK_1cmt","PK_1cmt","0","4","4.306666","ug/mL","100","mg","2","0"
"7","PK_1cmt","PK_1cmt","0","6","2.417186","ug/mL","100","mg","2","0"
"7","PK_1cmt","PK_1cmt","0","8","2.346947","ug/mL","100","mg","2","0"
"7","PK_1cmt","PK_1cmt","0","12","1.963361","ug/mL","100","mg","2","0"
"7","PK_1cmt","PK_1cmt","0","24","0.113904","ug/mL","100","mg","2","0"
"7","PK_1cmt","PK_1cmt","0","36","0.235089","ug/mL","100","mg","2","0"
"7","PK_1cmt","PK_1cmt","0","41","0.092455","ug/mL","100","mg","2","0"
"8","PK_1cmt","PK_1cmt","1","0",".","ug/mL","100","mg","2","."
"8","PK_1cmt","PK_1cmt","0","0","0","ug/mL","100","mg","2","0"
"8","PK_1cmt","PK_1cmt","0","0.25","0","ug/mL","100","mg","2","1"
"8","PK_1cmt","PK_1cmt","0","0.5","0.488213","ug/mL","100","mg","2","0"
"8","PK_1cmt","PK_1cmt","0","1","2.664705","ug/mL","100","mg","2","0"
"8","PK_1cmt","PK_1cmt","0","2","3.91491","ug/mL","100","mg","2","0"
"8","PK_1cmt","PK_1cmt","0","4","4.013443","ug/mL","100","mg","2","0"
"8","PK_1cmt","PK_1cmt","0","6","2.465518","ug/mL","100","mg","2","0"
"8","PK_1cmt","PK_1cmt","0","8","1.330266","ug/mL","100","mg","2","0"
"8","PK_1cmt","PK_1cmt","0","12","2.412675","ug/mL","100","mg","2","0"
"8","PK_1cmt","PK_1cmt","0","24","0.698212","ug/mL","100","mg","2","0"
"8","PK_1cmt","PK_1cmt","0","36","0.10973","ug/mL","100","mg","2","0"
"8","PK_1cmt","PK_1cmt","0","41","0.094728","ug/mL","100","mg","2","0"
"9","PK_1cmt","PK_1cmt","1","0",".","ug/mL","100","mg","2","."
"9","PK_1cmt","PK_1cmt","0","0","0","ug/mL","100","mg","2","0"
"9","PK_1cmt","PK_1cmt","0","0.25","1.106172","ug/mL","100","mg","2","0"
"9","PK_1cmt","PK_1cmt","0","0.5","2.439788","ug/mL","100","mg","2","0"
"9","PK_1cmt","PK_1cmt","0","1","3.815827","ug/mL","100","mg","2","0"
"9","PK_1cmt","PK_1cmt","0","2","4.893816","ug/mL","100","mg","2","0"
"9","PK_1cmt","PK_1cmt","0","4","2.760602","ug/mL","100","mg","2","0"
"9","PK_1cmt","PK_1cmt","0","6","2.874683","ug/mL","100","mg","2","0"
"9","PK_1cmt","PK_1cmt","0","8","1.624476","ug/mL","100","mg","2","0"
"9","PK_1cmt","PK_1cmt","0","12","0.267949","ug/mL","100","mg","2","0"
"9","PK_1cmt","PK_1cmt","0","24","0.290153","ug/mL","100","mg","2","0"
"9","PK_1cmt","PK_1cmt","0","36","0.078758","ug/mL","100","mg","2","0"
"9","PK_1cmt","PK_1cmt","0","41","0.072631","ug/mL","100","mg","2","0"
"10","PK_1cmt","PK_1cmt","1","0",".","ug/mL","100","mg","2","."
"10","PK_1cmt","PK_1cmt","0","0","0","ug/mL","100","mg","2","0"
"10","PK_1cmt","PK_1cmt","0","0.25","1.197422","ug/mL","100","mg","2","0"
"10","PK_1cmt","PK_1cmt","0","0.5","1.223329","ug/mL","100","mg","2","0"
"10","PK_1cmt","PK_1cmt","0","1","4.205755","ug/mL","100","mg","2","0"
"10","PK_1cmt","PK_1cmt","0","2","2.585196","ug/mL","100","mg","2","0"
"10","PK_1cmt","PK_1cmt","0","4","2.086271","ug/mL","100","mg","2","0"
"10","PK_1cmt","PK_1cmt","0","6","2.318622","ug/mL","100","mg","2","0"
"10","PK_1cmt","PK_1cmt","0","8","2.281489","ug/mL","100","mg","2","0"
"10","PK_1cmt","PK_1cmt","0","12","1.067092","ug/mL","100","mg","2","0"
"10","PK_1cmt","PK_1cmt","0","24","0.505979","ug/mL","100","mg","2","0"
"10","PK_1cmt","PK_1cmt","0","36","0.140205","ug/mL","100","mg","2","0"
"10","PK_1cmt","PK_1cmt","0","41","0.08035","ug/mL","100","mg","2","0"
"1","PK_1cmt_des","PK_1cmt_des","1","0",".","ug/mL","100","mg","2","."
"1","PK_1cmt_des","PK_1cmt_des","0","0","0","ug/mL","100","mg","2","0"
"1","PK_1cmt_des","PK_1cmt_des","0","0.25","1.931761","ug/mL","100","mg","2","0"
"1","PK_1cmt_des","PK_1cmt_des","0","0.5","0.439739","ug/mL","100","mg","2","0"
"1","PK_1cmt_des","PK_1cmt_des","0","1","2.19249","ug/mL","100","mg","2","0"
"1","PK_1cmt_des","PK_1cmt_des","0","2","3.644025","ug/mL","100","mg","2","0"
"1","PK_1cmt_des","PK_1cmt_des","0","4","3.520287","ug/mL","100","mg","2","0"
"1","PK_1cmt_des","PK_1cmt_des","0","6","3.214718","ug/mL","100","mg","2","0"
"1","PK_1cmt_des","PK_1cmt_des","0","8","0","ug/mL","100","mg","2","1"
"1","PK_1cmt_des","PK_1cmt_des","0","12","0.960989","ug/mL","100","mg","2","0"
"1","PK_1cmt_des","PK_1cmt_des","0","24","0.551942","ug/mL","100","mg","2","0"
"1","PK_1cmt_des","PK_1cmt_des","0","36","0.21191","ug/mL","100","mg","2","0"
"1","PK_1cmt_des","PK_1cmt_des","0","41","0.048651","ug/mL","100","mg","2","0"
"2","PK_1cmt_des","PK_1cmt_des","1","0",".","ug/mL","100","mg","2","."
"2","PK_1cmt_des","PK_1cmt_des","0","0","0","ug/mL","100","mg","2","0"
"2","PK_1cmt_des","PK_1cmt_des","0","0.25","0.317887","ug/mL","100","mg","2","0"
"2","PK_1cmt_des","PK_1cmt_des","0","0.5","2.713721","ug/mL","100","mg","2","0"
"2","PK_1cmt_des","PK_1cmt_des","0","1","2.404024","ug/mL","100","mg","2","0"
"2","PK_1cmt_des","PK_1cmt_des","0","2","0","ug/mL","100","mg","2","1"
"2","PK_1cmt_des","PK_1cmt_des","0","4","0.493482","ug/mL","100","mg","2","0"
"2","PK_1cmt_des","PK_1cmt_des","0","6","0.200392","ug/mL","100","mg","2","0"
"2","PK_1cmt_des","PK_1cmt_des","0","8","1.826473","ug/mL","100","mg","2","0"
"2","PK_1cmt_des","PK_1cmt_des","0","12","1.526636","ug/mL","100","mg","2","0"
"2","PK_1cmt_des","PK_1cmt_des","0","24","0.361639","ug/mL","100","mg","2","0"
"2","PK_1cmt_des","PK_1cmt_des","0","36","0.074857","ug/mL","100","mg","2","0"
"2","PK_1cmt_des","PK_1cmt_des","0","41","0.170743","ug/mL","100","mg","2","0"
"3","PK_1cmt_des","PK_1cmt_des","1","0",".","ug/mL","100","mg","2","."
"3","PK_1cmt_des","PK_1cmt_des","0","0","0","ug/mL","100","mg","2","0"
"3","PK_1cmt_des","PK_1cmt_des","0","0.25","0.446381","ug/mL","100","mg","2","0"
"3","PK_1cmt_des","PK_1cmt_des","0","0.5","1.619657","ug/mL","100","mg","2","0"
"3","PK_1cmt_des","PK_1cmt_des","0","1","2.68923","ug/mL","100","mg","2","0"
"3","PK_1cmt_des","PK_1cmt_des","0","2","3.62904","ug/mL","100","mg","2","0"
"3","PK_1cmt_des","PK_1cmt_des","0","4","3.914358","ug/mL","100","mg","2","0"
"3","PK_1cmt_des","PK_1cmt_des","0","6","1.064792","ug/mL","100","mg","2","0"
"3","PK_1cmt_des","PK_1cmt_des","0","8","1.1172","ug/mL","100","mg","2","0"
"3","PK_1cmt_des","PK_1cmt_des","0","12","2.18399","ug/mL","100","mg","2","0"
"3","PK_1cmt_des","PK_1cmt_des","0","24","0.268812","ug/mL","100","mg","2","0"
"3","PK_1cmt_des","PK_1cmt_des","0","36","0","ug/mL","100","mg","2","1"
"3","PK_1cmt_des","PK_1cmt_des","0","41","0.053341","ug/mL","100","mg","2","0"
"4","PK_1cmt_des","PK_1cmt_des","1","0",".","ug/mL","100","mg","2","."
"4","PK_1cmt_des","PK_1cmt_des","0","0","0","ug/mL","100","mg","2","0"
"4","PK_1cmt_des","PK_1cmt_des","0","0.25","1.597713","ug/mL","100","mg","2","0"
"4","PK_1cmt_des","PK_1cmt_des","0","0.5","0","ug/mL","100","mg","2","1"
"4","PK_1cmt_des","PK_1cmt_des","0","1","2.123705","ug/mL","100","mg","2","0"
"4","PK_1cmt_des","PK_1cmt_des","0","2","2.8405","ug/mL","100","mg","2","0"
"4","PK_1cmt_des","PK_1cmt_des","0","4","2.695464","ug/mL","100","mg","2","0"
"4","PK_1cmt_des","PK_1cmt_des","0","6","3.288975","ug/mL","100","mg","2","0"
"4","PK_1cmt_des","PK_1cmt_des","0","8","1.209904","ug/mL","100","mg","2","0"
"4","PK_1cmt_des","PK_1cmt_des","0","12","0.906067","ug/mL","100","mg","2","0"
"4","PK_1cmt_des","PK_1cmt_des","0","24","0.288472","ug/mL","100","mg","2","0"
"4","PK_1cmt_des","PK_1cmt_des","0","36","0.210009","ug/mL","100","mg","2","0"
"4","PK_1cmt_des","PK_1cmt_des","0","41","0.110589","ug/mL","100","mg","2","0"
"5","PK_1cmt_des","PK_1cmt_des","1","0",".","ug/mL","100","mg","2","."
"5","PK_1cmt_des","PK_1cmt_des","0","0","0","ug/mL","100","mg","2","0"
"5","PK_1cmt_des","PK_1cmt_des","0","0.25","0.554353","ug/mL","100","mg","2","0"
"5","PK_1cmt_des","PK_1cmt_des","0","0.5","0.888381","ug/mL","100","mg","2","0"
"5","PK_1cmt_des","PK_1cmt_des","0","1","3.064301","ug/mL","100","mg","2","0"
"5","PK_1cmt_des","PK_1cmt_des","0","2","3.72135","ug/mL","100","mg","2","0"
"5","PK_1cmt_des","PK_1cmt_des","0","4","0.880171","ug/mL","100","mg","2","0"
"5","PK_1cmt_des","PK_1cmt_des","0","6","3.05986","ug/mL","100","mg","2","0"
"5","PK_1cmt_des","PK_1cmt_des","0","8","1.609001","ug/mL","100","mg","2","0"
"5","PK_1cmt_des","PK_1cmt_des","0","12","0.982857","ug/mL","100","mg","2","0"
"5","PK_1cmt_des","PK_1cmt_des","0","24","0.012571","ug/mL","100","mg","2","0"
"5","PK_1cmt_des","PK_1cmt_des","0","36","0.150809","ug/mL","100","mg","2","0"
"5","PK_1cmt_des","PK_1cmt_des","0","41","0.142909","ug/mL","100","mg","2","0"
"6","PK_1cmt_des","PK_1cmt_des","1","0",".","ug/mL","100","mg","2","."
"6","PK_1cmt_des","PK_1cmt_des","0","0","0","ug/mL","100","mg","2","0"
"6","PK_1cmt_des","PK_1cmt_des","0","0.25","1.230991","ug/mL","100","mg","2","0"
"6","PK_1cmt_des","PK_1cmt_des","0","0.5","1.129585","ug/mL","100","mg","2","0"
"6","PK_1cmt_des","PK_1cmt_des","0","1","3.362532","ug/mL","100","mg","2","0"
"6","PK_1cmt_des","PK_1cmt_des","0","2","2.074871","ug/mL","100","mg","2","0"
"6","PK_1cmt_des","PK_1cmt_des","0","4","0.754578","ug/mL","100","mg","2","0"
"6","PK_1cmt_des","PK_1cmt_des","0","6","3.460054","ug/mL","100","mg","2","0"
"6","PK_1cmt_des","PK_1cmt_des","0","8","1.925878","ug/mL","100","mg","2","0"
"6","PK_1cmt_des","PK_1cmt_des","0","12","1.37035","ug/mL","100","mg","2","0"
"6","PK_1cmt_des","PK_1cmt_des","0","24","0","ug/mL","100","mg","2","1"
"6","PK_1cmt_des","PK_1cmt_des","0","36","0.151928","ug/mL","100","mg","2","0"
"6","PK_1cmt_des","PK_1cmt_des","0","41","0.077588","ug/mL","100","mg","2","0"
"7","PK_1cmt_des","PK_1cmt_des","1","0",".","ug/mL","100","mg","2","."
"7","PK_1cmt_des","PK_1cmt_des","0","0","0","ug/mL","100","mg","2","0"
"7","PK_1cmt_des","PK_1cmt_des","0","0.25","0.905961","ug/mL","100","mg","2","0"
"7","PK_1cmt_des","PK_1cmt_des","0","0.5","2.251155","ug/mL","100","mg","2","0"
"7","PK_1cmt_des","PK_1cmt_des","0","1","3.35093","ug/mL","100","mg","2","0"
"7","PK_1cmt_des","PK_1cmt_des","0","2","2.01479","ug/mL","100","mg","2","0"
"7","PK_1cmt_des","PK_1cmt_des","0","4","2.550796","ug/mL","100","mg","2","0"
"7","PK_1cmt_des","PK_1cmt_des","0","6","0.753418","ug/mL","100","mg","2","0"
"7","PK_1cmt_des","PK_1cmt_des","0","8","2.460445","ug/mL","100","mg","2","0"
"7","PK_1cmt_des","PK_1cmt_des","0","12","0.844839","ug/mL","100","mg","2","0"
"7","PK_1cmt_des","PK_1cmt_des","0","24","0.475061","ug/mL","100","mg","2","0"
"7","PK_1cmt_des","PK_1cmt_des","0","36","0.195169","ug/mL","100","mg","2","0"
"7","PK_1cmt_des","PK_1cmt_des","0","41","0","ug/mL","100","mg","2","1"
"8","PK_1cmt_des","PK_1cmt_des","1","0",".","ug/mL","100","mg","2","."
"8","PK_1cmt_des","PK_1cmt_des","0","0","0","ug/mL","100","mg","2","0"
"8","PK_1cmt_des","PK_1cmt_des","0","0.25","0","ug/mL","100","mg","2","1"
"8","PK_1cmt_des","PK_1cmt_des","0","0.5","1.629721","ug/mL","100","mg","2","0"
"8","PK_1cmt_des","PK_1cmt_des","0","1","0.151102","ug/mL","100","mg","2","0"
"8","PK_1cmt_des","PK_1cmt_des","0","2","5.209491","ug/mL","100","mg","2","0"
"8","PK_1cmt_des","PK_1cmt_des","0","4","2.80146","ug/mL","100","mg","2","0"
"8","PK_1cmt_des","PK_1cmt_des","0","6","1.345423","ug/mL","100","mg","2","0"
"8","PK_1cmt_des","PK_1cmt_des","0","8","1.656312","ug/mL","100","mg","2","0"
"8","PK_1cmt_des","PK_1cmt_des","0","12","1.360018","ug/mL","100","mg","2","0"
"8","PK_1cmt_des","PK_1cmt_des","0","24","0.577177","ug/mL","100","mg","2","0"
"8","PK_1cmt_des","PK_1cmt_des","0","36","0.034312","ug/mL","100","mg","2","0"
"8","PK_1cmt_des","PK_1cmt_des","0","41","0.106823","ug/mL","100","mg","2","0"
"9","PK_1cmt_des","PK_1cmt_des","1","0",".","ug/mL","100","mg","2","."
"9","PK_1cmt_des","PK_1cmt_des","0","0","0","ug/mL","100","mg","2","0"
"9","PK_1cmt_des","PK_1cmt_des","0","0.25","0.978821","ug/mL","100","mg","2","0"
"9","PK_1cmt_des","PK_1cmt_des","0","0.5","2.156653","ug/mL","100","mg","2","0"
"9","PK_1cmt_des","PK_1cmt_des","0","1","2.317339","ug/mL","100","mg","2","0"
"9","PK_1cmt_des","PK_1cmt_des","0","2","0.028565","ug/mL","100","mg","2","0"
"9","PK_1cmt_des","PK_1cmt_des","0","4","2.183344","ug/mL","100","mg","2","0"
"9","PK_1cmt_des","PK_1cmt_des","0","6","2.350175","ug/mL","100","mg","2","0"
"9","PK_1cmt_des","PK_1cmt_des","0","8","1.116713","ug/mL","100","mg","2","0"
"9","PK_1cmt_des","PK_1cmt_des","0","12","1.899425","ug/mL","100","mg","2","0"
"9","PK_1cmt_des","PK_1cmt_des","0","24","0.706095","ug/mL","100","mg","2","0"
"9","PK_1cmt_des","PK_1cmt_des","0","36","0.168002","ug/mL","100","mg","2","0"
"9","PK_1cmt_des","PK_1cmt_des","0","41","0.249631","ug/mL","100","mg","2","0"
"10","PK_1cmt_des","PK_1cmt_des","1","0",".","ug/mL","100","mg","2","."
"10","PK_1cmt_des","PK_1cmt_des","0","0","0","ug/mL","100","mg","2","0"
"10","PK_1cmt_des","PK_1cmt_des","0","0.25","1.854402","ug/mL","100","mg","2","0"
"10","PK_1cmt_des","PK_1cmt_des","0","0.5","3.032592","ug/mL","100","mg","2","0"
"10","PK_1cmt_des","PK_1cmt_des","0","1","3.896141","ug/mL","100","mg","2","0"
"10","PK_1cmt_des","PK_1cmt_des","0","2","5.042704","ug/mL","100","mg","2","0"
"10","PK_1cmt_des","PK_1cmt_des","0","4","1.650738","ug/mL","100","mg","2","0"
"10","PK_1cmt_des","PK_1cmt_des","0","6","2.580758","ug/mL","100","mg","2","0"
"10","PK_1cmt_des","PK_1cmt_des","0","8","3.942739","ug/mL","100","mg","2","0"
"10","PK_1cmt_des","PK_1cmt_des","0","12","1.790593","ug/mL","100","mg","2","0"
"10","PK_1cmt_des","PK_1cmt_des","0","24","0.436061","ug/mL","100","mg","2","0"
"10","PK_1cmt_des","PK_1cmt_des","0","36","0.136035","ug/mL","100","mg","2","0"
"10","PK_1cmt_des","PK_1cmt_des","0","41","0.010431","ug/mL","100","mg","2","0"
"1","PK_2cmt","PK_2cmt","1","0",".","ug/mL","100","mg","2","."
"1","PK_2cmt","PK_2cmt","0","0","0","ug/mL","100","mg","2","0"
"1","PK_2cmt","PK_2cmt","0","1","3.335488","ug/mL","100","mg","2","0"
"1","PK_2cmt","PK_2cmt","0","2","2.505851","ug/mL","100","mg","2","0"
"1","PK_2cmt","PK_2cmt","0","4","2.410539","ug/mL","100","mg","2","0"
"1","PK_2cmt","PK_2cmt","0","8","1.388746","ug/mL","100","mg","2","0"
"1","PK_2cmt","PK_2cmt","0","24","0.095757","ug/mL","100","mg","2","0"
"1","PK_2cmt","PK_2cmt","0","48","0.05268","ug/mL","100","mg","2","0"
"1","PK_2cmt","PK_2cmt","0","72","0.065727","ug/mL","100","mg","2","0"
"1","PK_2cmt","PK_2cmt","0","96","0.034432","ug/mL","100","mg","2","0"
"1","PK_2cmt","PK_2cmt","0","120","0.020472","ug/mL","100","mg","2","0"
"1","PK_2cmt","PK_2cmt","0","168","0.023407","ug/mL","100","mg","2","0"
"1","PK_2cmt","PK_2cmt","0","336","0.010332","ug/mL","100","mg","2","0"
"1","PK_2cmt","PK_2cmt","0","504","0.006129","ug/mL","100","mg","2","0"
"1","PK_2cmt","PK_2cmt","0","663","0.001392","ug/mL","100","mg","2","0"
"2","PK_2cmt","PK_2cmt","1","0",".","ug/mL","100","mg","2","."
"2","PK_2cmt","PK_2cmt","0","0","0","ug/mL","100","mg","2","0"
"2","PK_2cmt","PK_2cmt","0","1","2.581299","ug/mL","100","mg","2","0"
"2","PK_2cmt","PK_2cmt","0","2","4.194404","ug/mL","100","mg","2","0"
"2","PK_2cmt","PK_2cmt","0","4","1.523023","ug/mL","100","mg","2","0"
"2","PK_2cmt","PK_2cmt","0","8","1.382061","ug/mL","100","mg","2","0"
"2","PK_2cmt","PK_2cmt","0","24","0.011093","ug/mL","100","mg","2","0"
"2","PK_2cmt","PK_2cmt","0","48","0.057434","ug/mL","100","mg","2","0"
"2","PK_2cmt","PK_2cmt","0","72","0.013421","ug/mL","100","mg","2","0"
"2","PK_2cmt","PK_2cmt","0","96","0.020301","ug/mL","100","mg","2","0"
"2","PK_2cmt","PK_2cmt","0","120","0.04398","ug/mL","100","mg","2","0"
"2","PK_2cmt","PK_2cmt","0","168","0.035266","ug/mL","100","mg","2","0"
"2","PK_2cmt","PK_2cmt","0","336","0.007881","ug/mL","100","mg","2","0"
"2","PK_2cmt","PK_2cmt","0","504","8.3e-05","ug/mL","100","mg","2","0"
"2","PK_2cmt","PK_2cmt","0","663","0.003186","ug/mL","100","mg","2","0"
"3","PK_2cmt","PK_2cmt","1","0",".","ug/mL","100","mg","2","."
"3","PK_2cmt","PK_2cmt","0","0","0","ug/mL","100","mg","2","0"
"3","PK_2cmt","PK_2cmt","0","1","5.530455","ug/mL","100","mg","2","0"
"3","PK_2cmt","PK_2cmt","0","2","4.322177","ug/mL","100","mg","2","0"
"3","PK_2cmt","PK_2cmt","0","4","3.70854","ug/mL","100","mg","2","0"
"3","PK_2cmt","PK_2cmt","0","8","1.146831","ug/mL","100","mg","2","0"
"3","PK_2cmt","PK_2cmt","0","24","0.029276","ug/mL","100","mg","2","0"
"3","PK_2cmt","PK_2cmt","0","48","0.039666","ug/mL","100","mg","2","0"
"3","PK_2cmt","PK_2cmt","0","72","0.03974","ug/mL","100","mg","2","0"
"3","PK_2cmt","PK_2cmt","0","96","0.08919","ug/mL","100","mg","2","0"
"3","PK_2cmt","PK_2cmt","0","120","0.036216","ug/mL","100","mg","2","0"
"3","PK_2cmt","PK_2cmt","0","168","0.039089","ug/mL","100","mg","2","0"
"3","PK_2cmt","PK_2cmt","0","336","0.017239","ug/mL","100","mg","2","0"
"3","PK_2cmt","PK_2cmt","0","504","0.004539","ug/mL","100","mg","2","0"
"3","PK_2cmt","PK_2cmt","0","663","0.002222","ug/mL","100","mg","2","0"
"4","PK_2cmt","PK_2cmt","1","0",".","ug/mL","100","mg","2","."
"4","PK_2cmt","PK_2cmt","0","0","0","ug/mL","100","mg","2","0"
"4","PK_2cmt","PK_2cmt","0","1","2.636026","ug/mL","100","mg","2","0"
"4","PK_2cmt","PK_2cmt","0","2","4.835159","ug/mL","100","mg","2","0"
"4","PK_2cmt","PK_2cmt","0","4","2.688253","ug/mL","100","mg","2","0"
"4","PK_2cmt","PK_2cmt","0","8","1.366507","ug/mL","100","mg","2","0"
"4","PK_2cmt","PK_2cmt","0","24","0.034428","ug/mL","100","mg","2","0"
"4","PK_2cmt","PK_2cmt","0","48","0.06413","ug/mL","100","mg","2","0"
"4","PK_2cmt","PK_2cmt","0","72","0.046641","ug/mL","100","mg","2","0"
"4","PK_2cmt","PK_2cmt","0","96","0.038945","ug/mL","100","mg","2","0"
"4","PK_2cmt","PK_2cmt","0","120","0.016193","ug/mL","100","mg","2","0"
"4","PK_2cmt","PK_2cmt","0","168","0.024143","ug/mL","100","mg","2","0"
"4","PK_2cmt","PK_2cmt","0","336","0.009851","ug/mL","100","mg","2","0"
"4","PK_2cmt","PK_2cmt","0","504","0.006161","ug/mL","100","mg","2","0"
"4","PK_2cmt","PK_2cmt","0","663","0.000808","ug/mL","100","mg","2","0"
"5","PK_2cmt","PK_2cmt","1","0",".","ug/mL","100","mg","2","."
"5","PK_2cmt","PK_2cmt","0","0","0","ug/mL","100","mg","2","0"
"5","PK_2cmt","PK_2cmt","0","1","0.200444","ug/mL","100","mg","2","0"
"5","PK_2cmt","PK_2cmt","0","2","3.409447","ug/mL","100","mg","2","0"
"5","PK_2cmt","PK_2cmt","0","4","2.622106","ug/mL","100","mg","2","0"
"5","PK_2cmt","PK_2cmt","0","8","1.369302","ug/mL","100","mg","2","0"
"5","PK_2cmt","PK_2cmt","0","24","0.07989","ug/mL","100","mg","2","0"
"5","PK_2cmt","PK_2cmt","0","48","0.018828","ug/mL","100","mg","2","0"
"5","PK_2cmt","PK_2cmt","0","72","0.040562","ug/mL","100","mg","2","0"
"5","PK_2cmt","PK_2cmt","0","96","0.042226","ug/mL","100","mg","2","0"
"5","PK_2cmt","PK_2cmt","0","120","0.035871","ug/mL","100","mg","2","0"
"5","PK_2cmt","PK_2cmt","0","168","0.009635","ug/mL","100","mg","2","0"
"5","PK_2cmt","PK_2cmt","0","336","0.015606","ug/mL","100","mg","2","0"
"5","PK_2cmt","PK_2cmt","0","504","0.003301","ug/mL","100","mg","2","0"
"5","PK_2cmt","PK_2cmt","0","663","0.001624","ug/mL","100","mg","2","0"
"6","PK_2cmt","PK_2cmt","1","0",".","ug/mL","100","mg","2","."
"6","PK_2cmt","PK_2cmt","0","0","0","ug/mL","100","mg","2","0"
"6","PK_2cmt","PK_2cmt","0","1","2.976796","ug/mL","100","mg","2","0"
"6","PK_2cmt","PK_2cmt","0","2","3.960178","ug/mL","100","mg","2","0"
"6","PK_2cmt","PK_2cmt","0","4","3.645412","ug/mL","100","mg","2","0"
"6","PK_2cmt","PK_2cmt","0","8","1.088777","ug/mL","100","mg","2","0"
"6","PK_2cmt","PK_2cmt","0","24","0.231595","ug/mL","100","mg","2","0"
"6","PK_2cmt","PK_2cmt","0","48","0.044042","ug/mL","100","mg","2","0"
"6","PK_2cmt","PK_2cmt","0","72","0.03155","ug/mL","100","mg","2","0"
"6","PK_2cmt","PK_2cmt","0","96","0.019489","ug/mL","100","mg","2","0"
"6","PK_2cmt","PK_2cmt","0","120","0.05737","ug/mL","100","mg","2","0"
"6","PK_2cmt","PK_2cmt","0","168","0.037383","ug/mL","100","mg","2","0"
"6","PK_2cmt","PK_2cmt","0","336","0.012171","ug/mL","100","mg","2","0"
"6","PK_2cmt","PK_2cmt","0","504","0.005184","ug/mL","100","mg","2","0"
"6","PK_2cmt","PK_2cmt","0","663","0.002491","ug/mL","100","mg","2","0"
"7","PK_2cmt","PK_2cmt","1","0",".","ug/mL","100","mg","2","."
"7","PK_2cmt","PK_2cmt","0","0","0","ug/mL","100","mg","2","0"
"7","PK_2cmt","PK_2cmt","0","1","3.699862","ug/mL","100","mg","2","0"
"7","PK_2cmt","PK_2cmt","0","2","3.142058","ug/mL","100","mg","2","0"
"7","PK_2cmt","PK_2cmt","0","4","1.128557","ug/mL","100","mg","2","0"
"7","PK_2cmt","PK_2cmt","0","8","1.071913","ug/mL","100","mg","2","0"
"7","PK_2cmt","PK_2cmt","0","24","0.118209","ug/mL","100","mg","2","0"
"7","PK_2cmt","PK_2cmt","0","48","0.033958","ug/mL","100","mg","2","0"
"7","PK_2cmt","PK_2cmt","0","72","0.021371","ug/mL","100","mg","2","0"
"7","PK_2cmt","PK_2cmt","0","96","0.045297","ug/mL","100","mg","2","0"
"7","PK_2cmt","PK_2cmt","0","120","0.022207","ug/mL","100","mg","2","0"
"7","PK_2cmt","PK_2cmt","0","168","0.020178","ug/mL","100","mg","2","0"
"7","PK_2cmt","PK_2cmt","0","336","0.009396","ug/mL","100","mg","2","0"
"7","PK_2cmt","PK_2cmt","0","504","0.007516","ug/mL","100","mg","2","0"
"7","PK_2cmt","PK_2cmt","0","663","0.000564","ug/mL","100","mg","2","0"
"8","PK_2cmt","PK_2cmt","1","0",".","ug/mL","100","mg","2","."
"8","PK_2cmt","PK_2cmt","0","0","0","ug/mL","100","mg","2","0"
"8","PK_2cmt","PK_2cmt","0","1","1.925406","ug/mL","100","mg","2","0"
"8","PK_2cmt","PK_2cmt","0","2","5.023903","ug/mL","100","mg","2","0"
"8","PK_2cmt","PK_2cmt","0","4","1.763859","ug/mL","100","mg","2","0"
"8","PK_2cmt","PK_2cmt","0","8","0","ug/mL","100","mg","2","1"
"8","PK_2cmt","PK_2cmt","0","24","0.144643","ug/mL","100","mg","2","0"
"8","PK_2cmt","PK_2cmt","0","48","0.029534","ug/mL","100","mg","2","0"
"8","PK_2cmt","PK_2cmt","0","72","0.001627","ug/mL","100","mg","2","0"
"8","PK_2cmt","PK_2cmt","0","96","0.057301","ug/mL","100","mg","2","0"
"8","PK_2cmt","PK_2cmt","0","120","0.062157","ug/mL","100","mg","2","0"
"8","PK_2cmt","PK_2cmt","0","168","0.031852","ug/mL","100","mg","2","0"
"8","PK_2cmt","PK_2cmt","0","336","0.009242","ug/mL","100","mg","2","0"
"8","PK_2cmt","PK_2cmt","0","504","0.005108","ug/mL","100","mg","2","0"
"8","PK_2cmt","PK_2cmt","0","663","0.002874","ug/mL","100","mg","2","0"
"9","PK_2cmt","PK_2cmt","1","0",".","ug/mL","100","mg","2","."
"9","PK_2cmt","PK_2cmt","0","0","0","ug/mL","100","mg","2","0"
"9","PK_2cmt","PK_2cmt","0","1","0","ug/mL","100","mg","2","1"
"9","PK_2cmt","PK_2cmt","0","2","5.599397","ug/mL","100","mg","2","0"
"9","PK_2cmt","PK_2cmt","0","4","2.747777","ug/mL","100","mg","2","0"
"9","PK_2cmt","PK_2cmt","0","8","1.021067","ug/mL","100","mg","2","0"
"9","PK_2cmt","PK_2cmt","0","24","0.002084","ug/mL","100","mg","2","0"
"9","PK_2cmt","PK_2cmt","0","48","0.001884","ug/mL","100","mg","2","0"
"9","PK_2cmt","PK_2cmt","0","72","0.076581","ug/mL","100","mg","2","0"
"9","PK_2cmt","PK_2cmt","0","96","0.047837","ug/mL","100","mg","2","0"
"9","PK_2cmt","PK_2cmt","0","120","0.040787","ug/mL","100","mg","2","0"
"9","PK_2cmt","PK_2cmt","0","168","0.016279","ug/mL","100","mg","2","0"
"9","PK_2cmt","PK_2cmt","0","336","0.007495","ug/mL","100","mg","2","0"
"9","PK_2cmt","PK_2cmt","0","504","0.005083","ug/mL","100","mg","2","0"
"9","PK_2cmt","PK_2cmt","0","663","0.003805","ug/mL","100","mg","2","0"
"10","PK_2cmt","PK_2cmt","1","0",".","ug/mL","100","mg","2","."
"10","PK_2cmt","PK_2cmt","0","0","0","ug/mL","100","mg","2","0"
"10","PK_2cmt","PK_2cmt","0","1","6.837311","ug/mL","100","mg","2","0"
"10","PK_2cmt","PK_2cmt","0","2","3.814578","ug/mL","100","mg","2","0"
"10","PK_2cmt","PK_2cmt","0","4","3.094465","ug/mL","100","mg","2","0"
"10","PK_2cmt","PK_2cmt","0","8","0.833835","ug/mL","100","mg","2","0"
"10","PK_2cmt","PK_2cmt","0","24","0.111526","ug/mL","100","mg","2","0"
"10","PK_2cmt","PK_2cmt","0","48","0.02351","ug/mL","100","mg","2","0"
"10","PK_2cmt","PK_2cmt","0","72","0.042081","ug/mL","100","mg","2","0"
"10","PK_2cmt","PK_2cmt","0","96","0.042144","ug/mL","100","mg","2","0"
"10","PK_2cmt","PK_2cmt","0","120","0.030503","ug/mL","100","mg","2","0"
"10","PK_2cmt","PK_2cmt","0","168","0.004452","ug/mL","100","mg","2","0"
"10","PK_2cmt","PK_2cmt","0","336","0.0117","ug/mL","100","mg","2","0"
"10","PK_2cmt","PK_2cmt","0","504","0.003377","ug/mL","100","mg","2","0"
"10","PK_2cmt","PK_2cmt","0","663","0.001591","ug/mL","100","mg","2","0"
"1","PK_2cmt_des","PK_2cmt_des","1","0",".","ug/mL","100","mg","2","."
"1","PK_2cmt_des","PK_2cmt_des","0","0","0","ug/mL","100","mg","2","0"
"1","PK_2cmt_des","PK_2cmt_des","0","1","4.693015","ug/mL","100","mg","2","0"
"1","PK_2cmt_des","PK_2cmt_des","0","2","4.005489","ug/mL","100","mg","2","0"
"1","PK_2cmt_des","PK_2cmt_des","0","4","0.511148","ug/mL","100","mg","2","0"
"1","PK_2cmt_des","PK_2cmt_des","0","8","2.84719","ug/mL","100","mg","2","0"
"1","PK_2cmt_des","PK_2cmt_des","0","24","0.077708","ug/mL","100","mg","2","0"
"1","PK_2cmt_des","PK_2cmt_des","0","48","0.057489","ug/mL","100","mg","2","0"
"1","PK_2cmt_des","PK_2cmt_des","0","72","0.046102","ug/mL","100","mg","2","0"
"1","PK_2cmt_des","PK_2cmt_des","0","96","0.035556","ug/mL","100","mg","2","0"
"1","PK_2cmt_des","PK_2cmt_des","0","120","0.031894","ug/mL","100","mg","2","0"
"1","PK_2cmt_des","PK_2cmt_des","0","168","0.017534","ug/mL","100","mg","2","0"
"1","PK_2cmt_des","PK_2cmt_des","0","336","0.01195","ug/mL","100","mg","2","0"
"1","PK_2cmt_des","PK_2cmt_des","0","504","0.00767","ug/mL","100","mg","2","0"
"1","PK_2cmt_des","PK_2cmt_des","0","663","0","ug/mL","100","mg","2","1"
"2","PK_2cmt_des","PK_2cmt_des","1","0",".","ug/mL","100","mg","2","."
"2","PK_2cmt_des","PK_2cmt_des","0","0","0","ug/mL","100","mg","2","0"
"2","PK_2cmt_des","PK_2cmt_des","0","1","3.962536","ug/mL","100","mg","2","0"
"2","PK_2cmt_des","PK_2cmt_des","0","2","4.941168","ug/mL","100","mg","2","0"
"2","PK_2cmt_des","PK_2cmt_des","0","4","1.819265","ug/mL","100","mg","2","0"
"2","PK_2cmt_des","PK_2cmt_des","0","8","1.100367","ug/mL","100","mg","2","0"
"2","PK_2cmt_des","PK_2cmt_des","0","24","0.194471","ug/mL","100","mg","2","0"
"2","PK_2cmt_des","PK_2cmt_des","0","48","0.043456","ug/mL","100","mg","2","0"
"2","PK_2cmt_des","PK_2cmt_des","0","72","0.069618","ug/mL","100","mg","2","0"
"2","PK_2cmt_des","PK_2cmt_des","0","96","0.041085","ug/mL","100","mg","2","0"
"2","PK_2cmt_des","PK_2cmt_des","0","120","0.032074","ug/mL","100","mg","2","0"
"2","PK_2cmt_des","PK_2cmt_des","0","168","0.025447","ug/mL","100","mg","2","0"
"2","PK_2cmt_des","PK_2cmt_des","0","336","0.014282","ug/mL","100","mg","2","0"
"2","PK_2cmt_des","PK_2cmt_des","0","504","0.001633","ug/mL","100","mg","2","0"
"2","PK_2cmt_des","PK_2cmt_des","0","663","0.001815","ug/mL","100","mg","2","0"
"3","PK_2cmt_des","PK_2cmt_des","1","0",".","ug/mL","100","mg","2","."
"3","PK_2cmt_des","PK_2cmt_des","0","0","0","ug/mL","100","mg","2","0"
"3","PK_2cmt_des","PK_2cmt_des","0","1","4.536344","ug/mL","100","mg","2","0"
"3","PK_2cmt_des","PK_2cmt_des","0","2","4.040794","ug/mL","100","mg","2","0"
"3","PK_2cmt_des","PK_2cmt_des","0","4","3.856654","ug/mL","100","mg","2","0"
"3","PK_2cmt_des","PK_2cmt_des","0","8","1.855551","ug/mL","100","mg","2","0"
"3","PK_2cmt_des","PK_2cmt_des","0","24","0.114068","ug/mL","100","mg","2","0"
"3","PK_2cmt_des","PK_2cmt_des","0","48","0.081639","ug/mL","100","mg","2","0"
"3","PK_2cmt_des","PK_2cmt_des","0","72","0.040247","ug/mL","100","mg","2","0"
"3","PK_2cmt_des","PK_2cmt_des","0","96","0.050875","ug/mL","100","mg","2","0"
"3","PK_2cmt_des","PK_2cmt_des","0","120","0.021303","ug/mL","100","mg","2","0"
"3","PK_2cmt_des","PK_2cmt_des","0","168","0.019083","ug/mL","100","mg","2","0"
"3","PK_2cmt_des","PK_2cmt_des","0","336","0.004299","ug/mL","100","mg","2","0"
"3","PK_2cmt_des","PK_2cmt_des","0","504","0.005753","ug/mL","100","mg","2","0"
"3","PK_2cmt_des","PK_2cmt_des","0","663","0.000431","ug/mL","100","mg","2","0"
"4","PK_2cmt_des","PK_2cmt_des","1","0",".","ug/mL","100","mg","2","."
"4","PK_2cmt_des","PK_2cmt_des","0","0","0","ug/mL","100","mg","2","0"
"4","PK_2cmt_des","PK_2cmt_des","0","1","4.310011","ug/mL","100","mg","2","0"
"4","PK_2cmt_des","PK_2cmt_des","0","2","5.2563","ug/mL","100","mg","2","0"
"4","PK_2cmt_des","PK_2cmt_des","0","4","0.193948","ug/mL","100","mg","2","0"
"4","PK_2cmt_des","PK_2cmt_des","0","8","1.69742","ug/mL","100","mg","2","0"
"4","PK_2cmt_des","PK_2cmt_des","0","24","0.100943","ug/mL","100","mg","2","0"
"4","PK_2cmt_des","PK_2cmt_des","0","48","0.046599","ug/mL","100","mg","2","0"
"4","PK_2cmt_des","PK_2cmt_des","0","72","0.047106","ug/mL","100","mg","2","0"
"4","PK_2cmt_des","PK_2cmt_des","0","96","0.019241","ug/mL","100","mg","2","0"
"4","PK_2cmt_des","PK_2cmt_des","0","120","0.04009","ug/mL","100","mg","2","0"
"4","PK_2cmt_des","PK_2cmt_des","0","168","0.019667","ug/mL","100","mg","2","0"
"4","PK_2cmt_des","PK_2cmt_des","0","336","0.014067","ug/mL","100","mg","2","0"
"4","PK_2cmt_des","PK_2cmt_des","0","504","0.005515","ug/mL","100","mg","2","0"
"4","PK_2cmt_des","PK_2cmt_des","0","663","0.002233","ug/mL","100","mg","2","0"
"5","PK_2cmt_des","PK_2cmt_des","1","0",".","ug/mL","100","mg","2","."
"5","PK_2cmt_des","PK_2cmt_des","0","0","0","ug/mL","100","mg","2","0"
"5","PK_2cmt_des","PK_2cmt_des","0","1","0.620837","ug/mL","100","mg","2","0"
"5","PK_2cmt_des","PK_2cmt_des","0","2","5.864462","ug/mL","100","mg","2","0"
"5","PK_2cmt_des","PK_2cmt_des","0","4","0.777487","ug/mL","100","mg","2","0"
"5","PK_2cmt_des","PK_2cmt_des","0","8","1.600935","ug/mL","100","mg","2","0"
"5","PK_2cmt_des","PK_2cmt_des","0","24","0","ug/mL","100","mg","2","1"
"5","PK_2cmt_des","PK_2cmt_des","0","48","0.055016","ug/mL","100","mg","2","0"
"5","PK_2cmt_des","PK_2cmt_des","0","72","0.028302","ug/mL","100","mg","2","0"
"5","PK_2cmt_des","PK_2cmt_des","0","96","0.047906","ug/mL","100","mg","2","0"
"5","PK_2cmt_des","PK_2cmt_des","0","120","0.052548","ug/mL","100","mg","2","0"
"5","PK_2cmt_des","PK_2cmt_des","0","168","0.012504","ug/mL","100","mg","2","0"
"5","PK_2cmt_des","PK_2cmt_des","0","336","0.013169","ug/mL","100","mg","2","0"
"5","PK_2cmt_des","PK_2cmt_des","0","504","0.004334","ug/mL","100","mg","2","0"
"5","PK_2cmt_des","PK_2cmt_des","0","663","0.002102","ug/mL","100","mg","2","0"
"6","PK_2cmt_des","PK_2cmt_des","1","0",".","ug/mL","100","mg","2","."
"6","PK_2cmt_des","PK_2cmt_des","0","0","0","ug/mL","100","mg","2","0"
"6","PK_2cmt_des","PK_2cmt_des","0","1","5.4822","ug/mL","100","mg","2","0"
"6","PK_2cmt_des","PK_2cmt_des","0","2","4.887914","ug/mL","100","mg","2","0"
"6","PK_2cmt_des","PK_2cmt_des","0","4","2.25306","ug/mL","100","mg","2","0"
"6","PK_2cmt_des","PK_2cmt_des","0","8","1.231171","ug/mL","100","mg","2","0"
"6","PK_2cmt_des","PK_2cmt_des","0","24","0.136751","ug/mL","100","mg","2","0"
"6","PK_2cmt_des","PK_2cmt_des","0","48","0.033918","ug/mL","100","mg","2","0"
"6","PK_2cmt_des","PK_2cmt_des","0","72","0.046545","ug/mL","100","mg","2","0"
"6","PK_2cmt_des","PK_2cmt_des","0","96","0.047307","ug/mL","100","mg","2","0"
"6","PK_2cmt_des","PK_2cmt_des","0","120","0.011723","ug/mL","100","mg","2","0"
"6","PK_2cmt_des","PK_2cmt_des","0","168","0.030008","ug/mL","100","mg","2","0"
"6","PK_2cmt_des","PK_2cmt_des","0","336","0.003672","ug/mL","100","mg","2","0"
"6","PK_2cmt_des","PK_2cmt_des","0","504","0.001764","ug/mL","100","mg","2","0"
"6","PK_2cmt_des","PK_2cmt_des","0","663","0.001326","ug/mL","100","mg","2","0"
"7","PK_2cmt_des","PK_2cmt_des","1","0",".","ug/mL","100","mg","2","."
"7","PK_2cmt_des","PK_2cmt_des","0","0","0","ug/mL","100","mg","2","0"
"7","PK_2cmt_des","PK_2cmt_des","0","1","1.398963","ug/mL","100","mg","2","0"
"7","PK_2cmt_des","PK_2cmt_des","0","2","2.367169","ug/mL","100","mg","2","0"
"7","PK_2cmt_des","PK_2cmt_des","0","4","2.68882","ug/mL","100","mg","2","0"
"7","PK_2cmt_des","PK_2cmt_des","0","8","1.671527","ug/mL","100","mg","2","0"
"7","PK_2cmt_des","PK_2cmt_des","0","24","0.083713","ug/mL","100","mg","2","0"
"7","PK_2cmt_des","PK_2cmt_des","0","48","0.043307","ug/mL","100","mg","2","0"
"7","PK_2cmt_des","PK_2cmt_des","0","72","0.028486","ug/mL","100","mg","2","0"
"7","PK_2cmt_des","PK_2cmt_des","0","96","0.045125","ug/mL","100","mg","2","0"
"7","PK_2cmt_des","PK_2cmt_des","0","120","0.060173","ug/mL","100","mg","2","0"
"7","PK_2cmt_des","PK_2cmt_des","0","168","0.016434","ug/mL","100","mg","2","0"
"7","PK_2cmt_des","PK_2cmt_des","0","336","0.001463","ug/mL","100","mg","2","0"
"7","PK_2cmt_des","PK_2cmt_des","0","504","0.007132","ug/mL","100","mg","2","0"
"7","PK_2cmt_des","PK_2cmt_des","0","663","0.001666","ug/mL","100","mg","2","0"
"8","PK_2cmt_des","PK_2cmt_des","1","0",".","ug/mL","100","mg","2","."
"8","PK_2cmt_des","PK_2cmt_des","0","0","0","ug/mL","100","mg","2","0"
"8","PK_2cmt_des","PK_2cmt_des","0","1","4.742755","ug/mL","100","mg","2","0"
"8","PK_2cmt_des","PK_2cmt_des","0","2","3.972413","ug/mL","100","mg","2","0"
"8","PK_2cmt_des","PK_2cmt_des","0","4","0.634103","ug/mL","100","mg","2","0"
"8","PK_2cmt_des","PK_2cmt_des","0","8","1.24041","ug/mL","100","mg","2","0"
"8","PK_2cmt_des","PK_2cmt_des","0","24","0.174347","ug/mL","100","mg","2","0"
"8","PK_2cmt_des","PK_2cmt_des","0","48","0.054447","ug/mL","100","mg","2","0"
"8","PK_2cmt_des","PK_2cmt_des","0","72","0.052639","ug/mL","100","mg","2","0"
"8","PK_2cmt_des","PK_2cmt_des","0","96","0.029908","ug/mL","100","mg","2","0"
"8","PK_2cmt_des","PK_2cmt_des","0","120","0.051474","ug/mL","100","mg","2","0"
"8","PK_2cmt_des","PK_2cmt_des","0","168","0.028251","ug/mL","100","mg","2","0"
"8","PK_2cmt_des","PK_2cmt_des","0","336","0.014474","ug/mL","100","mg","2","0"
"8","PK_2cmt_des","PK_2cmt_des","0","504","0.003918","ug/mL","100","mg","2","0"
"8","PK_2cmt_des","PK_2cmt_des","0","663","0.002584","ug/mL","100","mg","2","0"
"9","PK_2cmt_des","PK_2cmt_des","1","0",".","ug/mL","100","mg","2","."
"9","PK_2cmt_des","PK_2cmt_des","0","0","0","ug/mL","100","mg","2","0"
"9","PK_2cmt_des","PK_2cmt_des","0","1","2.885591","ug/mL","100","mg","2","0"
"9","PK_2cmt_des","PK_2cmt_des","0","2","4.545136","ug/mL","100","mg","2","0"
"9","PK_2cmt_des","PK_2cmt_des","0","4","3.150757","ug/mL","100","mg","2","0"
"9","PK_2cmt_des","PK_2cmt_des","0","8","0.532985","ug/mL","100","mg","2","0"
"9","PK_2cmt_des","PK_2cmt_des","0","24","0.051765","ug/mL","100","mg","2","0"
"9","PK_2cmt_des","PK_2cmt_des","0","48","0.054451","ug/mL","100","mg","2","0"
"9","PK_2cmt_des","PK_2cmt_des","0","72","0.014559","ug/mL","100","mg","2","0"
"9","PK_2cmt_des","PK_2cmt_des","0","96","0.069562","ug/mL","100","mg","2","0"
"9","PK_2cmt_des","PK_2cmt_des","0","120","0.028666","ug/mL","100","mg","2","0"
"9","PK_2cmt_des","PK_2cmt_des","0","168","0.013635","ug/mL","100","mg","2","0"
"9","PK_2cmt_des","PK_2cmt_des","0","336","0.00205","ug/mL","100","mg","2","0"
"9","PK_2cmt_des","PK_2cmt_des","0","504","0.005073","ug/mL","100","mg","2","0"
"9","PK_2cmt_des","PK_2cmt_des","0","663","0.001349","ug/mL","100","mg","2","0"
"10","PK_2cmt_des","PK_2cmt_des","1","0",".","ug/mL","100","mg","2","."
"10","PK_2cmt_des","PK_2cmt_des","0","0","0","ug/mL","100","mg","2","0"
"10","PK_2cmt_des","PK_2cmt_des","0","1","5.183877","ug/mL","100","mg","2","0"
"10","PK_2cmt_des","PK_2cmt_des","0","2","3.143274","ug/mL","100","mg","2","0"
"10","PK_2cmt_des","PK_2cmt_des","0","4","3.524241","ug/mL","100","mg","2","0"
"10","PK_2cmt_des","PK_2cmt_des","0","8","2.763159","ug/mL","100","mg","2","0"
"10","PK_2cmt_des","PK_2cmt_des","0","24","0.145993","ug/mL","100","mg","2","0"
"10","PK_2cmt_des","PK_2cmt_des","0","48","0.050798","ug/mL","100","mg","2","0"
"10","PK_2cmt_des","PK_2cmt_des","0","72","0.03662","ug/mL","100","mg","2","0"
"10","PK_2cmt_des","PK_2cmt_des","0","96","0","ug/mL","100","mg","2","1"
"10","PK_2cmt_des","PK_2cmt_des","0","120","0","ug/mL","100","mg","2","1"
"10","PK_2cmt_des","PK_2cmt_des","0","168","0.021217","ug/mL","100","mg","2","0"
"10","PK_2cmt_des","PK_2cmt_des","0","336","0.009688","ug/mL","100","mg","2","0"
"10","PK_2cmt_des","PK_2cmt_des","0","504","0.005851","ug/mL","100","mg","2","0"
"10","PK_2cmt_des","PK_2cmt_des","0","663","0.00121","ug/mL","100","mg","2","0"
"1","PK_2cmt_no_depot","PK_2cmt_no_depot","1","0",".","ug/mL","100","mg","1","."
"1","PK_2cmt_no_depot","PK_2cmt_no_depot","0","0","4.189556","ug/mL","100","mg","1","0"
"1","PK_2cmt_no_depot","PK_2cmt_no_depot","0","1","1.359867","ug/mL","100","mg","1","0"
"1","PK_2cmt_no_depot","PK_2cmt_no_depot","0","2","2.147426","ug/mL","100","mg","1","0"
"1","PK_2cmt_no_depot","PK_2cmt_no_depot","0","4","2.109308","ug/mL","100","mg","1","0"
"1","PK_2cmt_no_depot","PK_2cmt_no_depot","0","8","2.371223","ug/mL","100","mg","1","0"
"1","PK_2cmt_no_depot","PK_2cmt_no_depot","0","24","0.102745","ug/mL","100","mg","1","0"
"1","PK_2cmt_no_depot","PK_2cmt_no_depot","0","48","0.068458","ug/mL","100","mg","1","0"
"1","PK_2cmt_no_depot","PK_2cmt_no_depot","0","72","0.028168","ug/mL","100","mg","1","0"
"1","PK_2cmt_no_depot","PK_2cmt_no_depot","0","96","0.033139","ug/mL","100","mg","1","0"
"1","PK_2cmt_no_depot","PK_2cmt_no_depot","0","120","0.049817","ug/mL","100","mg","1","0"
"1","PK_2cmt_no_depot","PK_2cmt_no_depot","0","168","0.034317","ug/mL","100","mg","1","0"
"1","PK_2cmt_no_depot","PK_2cmt_no_depot","0","336","0.008463","ug/mL","100","mg","1","0"
"1","PK_2cmt_no_depot","PK_2cmt_no_depot","0","504","0.006516","ug/mL","100","mg","1","0"
"1","PK_2cmt_no_depot","PK_2cmt_no_depot","0","663","0.002144","ug/mL","100","mg","1","0"
"2","PK_2cmt_no_depot","PK_2cmt_no_depot","1","0",".","ug/mL","100","mg","1","."
"2","PK_2cmt_no_depot","PK_2cmt_no_depot","0","0","8.369991","ug/mL","100","mg","1","0"
"2","PK_2cmt_no_depot","PK_2cmt_no_depot","0","1","7.742915","ug/mL","100","mg","1","0"
"2","PK_2cmt_no_depot","PK_2cmt_no_depot","0","2","5.87599","ug/mL","100","mg","1","0"
"2","PK_2cmt_no_depot","PK_2cmt_no_depot","0","4","2.765045","ug/mL","100","mg","1","0"
"2","PK_2cmt_no_depot","PK_2cmt_no_depot","0","8","0.553522","ug/mL","100","mg","1","0"
"2","PK_2cmt_no_depot","PK_2cmt_no_depot","0","24","0.085159","ug/mL","100","mg","1","0"
"2","PK_2cmt_no_depot","PK_2cmt_no_depot","0","48","0.035758","ug/mL","100","mg","1","0"
"2","PK_2cmt_no_depot","PK_2cmt_no_depot","0","72","0.008703","ug/mL","100","mg","1","0"
"2","PK_2cmt_no_depot","PK_2cmt_no_depot","0","96","0.019807","ug/mL","100","mg","1","0"
"2","PK_2cmt_no_depot","PK_2cmt_no_depot","0","120","0.036284","ug/mL","100","mg","1","0"
"2","PK_2cmt_no_depot","PK_2cmt_no_depot","0","168","0.0208","ug/mL","100","mg","1","0"
"2","PK_2cmt_no_depot","PK_2cmt_no_depot","0","336","0.010809","ug/mL","100","mg","1","0"
"2","PK_2cmt_no_depot","PK_2cmt_no_depot","0","504","0.006442","ug/mL","100","mg","1","0"
"2","PK_2cmt_no_depot","PK_2cmt_no_depot","0","663","0.001513","ug/mL","100","mg","1","0"
"3","PK_2cmt_no_depot","PK_2cmt_no_depot","1","0",".","ug/mL","100","mg","1","."
"3","PK_2cmt_no_depot","PK_2cmt_no_depot","0","0","2.070857","ug/mL","100","mg","1","0"
"3","PK_2cmt_no_depot","PK_2cmt_no_depot","0","1","1.513706","ug/mL","100","mg","1","0"
"3","PK_2cmt_no_depot","PK_2cmt_no_depot","0","2","5.499139","ug/mL","100","mg","1","0"
"3","PK_2cmt_no_depot","PK_2cmt_no_depot","0","4","2.509611","ug/mL","100","mg","1","0"
"3","PK_2cmt_no_depot","PK_2cmt_no_depot","0","8","0.902417","ug/mL","100","mg","1","0"
"3","PK_2cmt_no_depot","PK_2cmt_no_depot","0","24","0.120931","ug/mL","100","mg","1","0"
"3","PK_2cmt_no_depot","PK_2cmt_no_depot","0","48","0.036785","ug/mL","100","mg","1","0"
"3","PK_2cmt_no_depot","PK_2cmt_no_depot","0","72","0.050375","ug/mL","100","mg","1","0"
"3","PK_2cmt_no_depot","PK_2cmt_no_depot","0","96","0.006211","ug/mL","100","mg","1","0"
"3","PK_2cmt_no_depot","PK_2cmt_no_depot","0","120","0.021589","ug/mL","100","mg","1","0"
"3","PK_2cmt_no_depot","PK_2cmt_no_depot","0","168","0.033534","ug/mL","100","mg","1","0"
"3","PK_2cmt_no_depot","PK_2cmt_no_depot","0","336","0.005196","ug/mL","100","mg","1","0"
"3","PK_2cmt_no_depot","PK_2cmt_no_depot","0","504","0.005908","ug/mL","100","mg","1","0"
"3","PK_2cmt_no_depot","PK_2cmt_no_depot","0","663","0.001256","ug/mL","100","mg","1","0"
"4","PK_2cmt_no_depot","PK_2cmt_no_depot","1","0",".","ug/mL","100","mg","1","."
"4","PK_2cmt_no_depot","PK_2cmt_no_depot","0","0","7.266137","ug/mL","100","mg","1","0"
"4","PK_2cmt_no_depot","PK_2cmt_no_depot","0","1","7.17269","ug/mL","100","mg","1","0"
"4","PK_2cmt_no_depot","PK_2cmt_no_depot","0","2","1.955862","ug/mL","100","mg","1","0"
"4","PK_2cmt_no_depot","PK_2cmt_no_depot","0","4","0.984142","ug/mL","100","mg","1","0"
"4","PK_2cmt_no_depot","PK_2cmt_no_depot","0","8","1.75567","ug/mL","100","mg","1","0"
"4","PK_2cmt_no_depot","PK_2cmt_no_depot","0","24","0.11825","ug/mL","100","mg","1","0"
"4","PK_2cmt_no_depot","PK_2cmt_no_depot","0","48","0.066917","ug/mL","100","mg","1","0"
"4","PK_2cmt_no_depot","PK_2cmt_no_depot","0","72","0.030921","ug/mL","100","mg","1","0"
"4","PK_2cmt_no_depot","PK_2cmt_no_depot","0","96","0.047276","ug/mL","100","mg","1","0"
"4","PK_2cmt_no_depot","PK_2cmt_no_depot","0","120","0.030242","ug/mL","100","mg","1","0"
"4","PK_2cmt_no_depot","PK_2cmt_no_depot","0","168","0.023812","ug/mL","100","mg","1","0"
"4","PK_2cmt_no_depot","PK_2cmt_no_depot","0","336","0.007293","ug/mL","100","mg","1","0"
"4","PK_2cmt_no_depot","PK_2cmt_no_depot","0","504","0.003824","ug/mL","100","mg","1","0"
"4","PK_2cmt_no_depot","PK_2cmt_no_depot","0","663","0.00144","ug/mL","100","mg","1","0"
"5","PK_2cmt_no_depot","PK_2cmt_no_depot","1","0",".","ug/mL","100","mg","1","."
"5","PK_2cmt_no_depot","PK_2cmt_no_depot","0","0","1.059881","ug/mL","100","mg","1","0"
"5","PK_2cmt_no_depot","PK_2cmt_no_depot","0","1","4.209169","ug/mL","100","mg","1","0"
"5","PK_2cmt_no_depot","PK_2cmt_no_depot","0","2","2.578661","ug/mL","100","mg","1","0"
"5","PK_2cmt_no_depot","PK_2cmt_no_depot","0","4","2.790406","ug/mL","100","mg","1","0"
"5","PK_2cmt_no_depot","PK_2cmt_no_depot","0","8","1.177833","ug/mL","100","mg","1","0"
"5","PK_2cmt_no_depot","PK_2cmt_no_depot","0","24","0.118942","ug/mL","100","mg","1","0"
"5","PK_2cmt_no_depot","PK_2cmt_no_depot","0","48","0.052751","ug/mL","100","mg","1","0"
"5","PK_2cmt_no_depot","PK_2cmt_no_depot","0","72","0.053203","ug/mL","100","mg","1","0"
"5","PK_2cmt_no_depot","PK_2cmt_no_depot","0","96","0.051868","ug/mL","100","mg","1","0"
"5","PK_2cmt_no_depot","PK_2cmt_no_depot","0","120","0.045003","ug/mL","100","mg","1","0"
"5","PK_2cmt_no_depot","PK_2cmt_no_depot","0","168","0.025881","ug/mL","100","mg","1","0"
"5","PK_2cmt_no_depot","PK_2cmt_no_depot","0","336","0.015608","ug/mL","100","mg","1","0"
"5","PK_2cmt_no_depot","PK_2cmt_no_depot","0","504","0.003013","ug/mL","100","mg","1","0"
"5","PK_2cmt_no_depot","PK_2cmt_no_depot","0","663","0.001107","ug/mL","100","mg","1","0"
"6","PK_2cmt_no_depot","PK_2cmt_no_depot","1","0",".","ug/mL","100","mg","1","."
"6","PK_2cmt_no_depot","PK_2cmt_no_depot","0","0","4.167703","ug/mL","100","mg","1","0"
"6","PK_2cmt_no_depot","PK_2cmt_no_depot","0","1","6.18895","ug/mL","100","mg","1","0"
"6","PK_2cmt_no_depot","PK_2cmt_no_depot","0","2","4.462762","ug/mL","100","mg","1","0"
"6","PK_2cmt_no_depot","PK_2cmt_no_depot","0","4","3.080423","ug/mL","100","mg","1","0"
"6","PK_2cmt_no_depot","PK_2cmt_no_depot","0","8","1.512117","ug/mL","100","mg","1","0"
"6","PK_2cmt_no_depot","PK_2cmt_no_depot","0","24","0.090162","ug/mL","100","mg","1","0"
"6","PK_2cmt_no_depot","PK_2cmt_no_depot","0","48","0.065795","ug/mL","100","mg","1","0"
"6","PK_2cmt_no_depot","PK_2cmt_no_depot","0","72","0.100611","ug/mL","100","mg","1","0"
"6","PK_2cmt_no_depot","PK_2cmt_no_depot","0","96","0.032261","ug/mL","100","mg","1","0"
"6","PK_2cmt_no_depot","PK_2cmt_no_depot","0","120","0.043473","ug/mL","100","mg","1","0"
"6","PK_2cmt_no_depot","PK_2cmt_no_depot","0","168","0.027359","ug/mL","100","mg","1","0"
"6","PK_2cmt_no_depot","PK_2cmt_no_depot","0","336","0.002281","ug/mL","100","mg","1","0"
"6","PK_2cmt_no_depot","PK_2cmt_no_depot","0","504","0.002716","ug/mL","100","mg","1","0"
"6","PK_2cmt_no_depot","PK_2cmt_no_depot","0","663","0.001767","ug/mL","100","mg","1","0"
"7","PK_2cmt_no_depot","PK_2cmt_no_depot","1","0",".","ug/mL","100","mg","1","."
"7","PK_2cmt_no_depot","PK_2cmt_no_depot","0","0","5.533218","ug/mL","100","mg","1","0"
"7","PK_2cmt_no_depot","PK_2cmt_no_depot","0","1","4.221305","ug/mL","100","mg","1","0"
"7","PK_2cmt_no_depot","PK_2cmt_no_depot","0","2","3.284897","ug/mL","100","mg","1","0"
"7","PK_2cmt_no_depot","PK_2cmt_no_depot","0","4","2.13158","ug/mL","100","mg","1","0"
"7","PK_2cmt_no_depot","PK_2cmt_no_depot","0","8","0.908159","ug/mL","100","mg","1","0"
"7","PK_2cmt_no_depot","PK_2cmt_no_depot","0","24","0.162646","ug/mL","100","mg","1","0"
"7","PK_2cmt_no_depot","PK_2cmt_no_depot","0","48","0.072487","ug/mL","100","mg","1","0"
"7","PK_2cmt_no_depot","PK_2cmt_no_depot","0","72","0.016733","ug/mL","100","mg","1","0"
"7","PK_2cmt_no_depot","PK_2cmt_no_depot","0","96","0.034122","ug/mL","100","mg","1","0"
"7","PK_2cmt_no_depot","PK_2cmt_no_depot","0","120","0.052677","ug/mL","100","mg","1","0"
"7","PK_2cmt_no_depot","PK_2cmt_no_depot","0","168","0.013786","ug/mL","100","mg","1","0"
"7","PK_2cmt_no_depot","PK_2cmt_no_depot","0","336","0.008903","ug/mL","100","mg","1","0"
"7","PK_2cmt_no_depot","PK_2cmt_no_depot","0","504","0.005141","ug/mL","100","mg","1","0"
"7","PK_2cmt_no_depot","PK_2cmt_no_depot","0","663","0.001813","ug/mL","100","mg","1","0"
"8","PK_2cmt_no_depot","PK_2cmt_no_depot","1","0",".","ug/mL","100","mg","1","."
"8","PK_2cmt_no_depot","PK_2cmt_no_depot","0","0","2.085784","ug/mL","100","mg","1","0"
"8","PK_2cmt_no_depot","PK_2cmt_no_depot","0","1","3.97676","ug/mL","100","mg","1","0"
"8","PK_2cmt_no_depot","PK_2cmt_no_depot","0","2","3.249828","ug/mL","100","mg","1","0"
"8","PK_2cmt_no_depot","PK_2cmt_no_depot","0","4","3.195309","ug/mL","100","mg","1","0"
"8","PK_2cmt_no_depot","PK_2cmt_no_depot","0","8","2.072199","ug/mL","100","mg","1","0"
"8","PK_2cmt_no_depot","PK_2cmt_no_depot","0","24","0.168912","ug/mL","100","mg","1","0"
"8","PK_2cmt_no_depot","PK_2cmt_no_depot","0","48","0.047336","ug/mL","100","mg","1","0"
"8","PK_2cmt_no_depot","PK_2cmt_no_depot","0","72","0.020269","ug/mL","100","mg","1","0"
"8","PK_2cmt_no_depot","PK_2cmt_no_depot","0","96","0.071858","ug/mL","100","mg","1","0"
"8","PK_2cmt_no_depot","PK_2cmt_no_depot","0","120","0.034356","ug/mL","100","mg","1","0"
"8","PK_2cmt_no_depot","PK_2cmt_no_depot","0","168","0.044766","ug/mL","100","mg","1","0"
"8","PK_2cmt_no_depot","PK_2cmt_no_depot","0","336","0.0034","ug/mL","100","mg","1","0"
"8","PK_2cmt_no_depot","PK_2cmt_no_depot","0","504","0.00499","ug/mL","100","mg","1","0"
"8","PK_2cmt_no_depot","PK_2cmt_no_depot","0","663","0.002098","ug/mL","100","mg","1","0"
"9","PK_2cmt_no_depot","PK_2cmt_no_depot","1","0",".","ug/mL","100","mg","1","."
"9","PK_2cmt_no_depot","PK_2cmt_no_depot","0","0","0.753015","ug/mL","100","mg","1","0"
"9","PK_2cmt_no_depot","PK_2cmt_no_depot","0","1","3.835972","ug/mL","100","mg","1","0"
"9","PK_2cmt_no_depot","PK_2cmt_no_depot","0","2","3.851188","ug/mL","100","mg","1","0"
"9","PK_2cmt_no_depot","PK_2cmt_no_depot","0","4","1.242715","ug/mL","100","mg","1","0"
"9","PK_2cmt_no_depot","PK_2cmt_no_depot","0","8","0.931815","ug/mL","100","mg","1","0"
"9","PK_2cmt_no_depot","PK_2cmt_no_depot","0","24","0.056687","ug/mL","100","mg","1","0"
"9","PK_2cmt_no_depot","PK_2cmt_no_depot","0","48","0.010553","ug/mL","100","mg","1","0"
"9","PK_2cmt_no_depot","PK_2cmt_no_depot","0","72","0.043627","ug/mL","100","mg","1","0"
"9","PK_2cmt_no_depot","PK_2cmt_no_depot","0","96","0.027858","ug/mL","100","mg","1","0"
"9","PK_2cmt_no_depot","PK_2cmt_no_depot","0","120","0.062895","ug/mL","100","mg","1","0"
"9","PK_2cmt_no_depot","PK_2cmt_no_depot","0","168","0","ug/mL","100","mg","1","1"
"9","PK_2cmt_no_depot","PK_2cmt_no_depot","0","336","0.00352","ug/mL","100","mg","1","0"
"9","PK_2cmt_no_depot","PK_2cmt_no_depot","0","504","0.005506","ug/mL","100","mg","1","0"
"9","PK_2cmt_no_depot","PK_2cmt_no_depot","0","663","6.5e-05","ug/mL","100","mg","1","0"
"10","PK_2cmt_no_depot","PK_2cmt_no_depot","1","0",".","ug/mL","100","mg","1","."
"10","PK_2cmt_no_depot","PK_2cmt_no_depot","0","0","10.378708","ug/mL","100","mg","1","0"
"10","PK_2cmt_no_depot","PK_2cmt_no_depot","0","1","0","ug/mL","100","mg","1","1"
"10","PK_2cmt_no_depot","PK_2cmt_no_depot","0","2","0.157028","ug/mL","100","mg","1","0"
"10","PK_2cmt_no_depot","PK_2cmt_no_depot","0","4","3.34476","ug/mL","100","mg","1","0"
"10","PK_2cmt_no_depot","PK_2cmt_no_depot","0","8","1.074617","ug/mL","100","mg","1","0"
"10","PK_2cmt_no_depot","PK_2cmt_no_depot","0","24","0.031368","ug/mL","100","mg","1","0"
"10","PK_2cmt_no_depot","PK_2cmt_no_depot","0","48","0.02046","ug/mL","100","mg","1","0"
"10","PK_2cmt_no_depot","PK_2cmt_no_depot","0","72","0.066902","ug/mL","100","mg","1","0"
"10","PK_2cmt_no_depot","PK_2cmt_no_depot","0","96","0.01309","ug/mL","100","mg","1","0"
"10","PK_2cmt_no_depot","PK_2cmt_no_depot","0","120","0.037976","ug/mL","100","mg","1","0"
"10","PK_2cmt_no_depot","PK_2cmt_no_depot","0","168","0.034801","ug/mL","100","mg","1","0"
"10","PK_2cmt_no_depot","PK_2cmt_no_depot","0","336","0.012212","ug/mL","100","mg","1","0"
"10","PK_2cmt_no_depot","PK_2cmt_no_depot","0","504","0","ug/mL","100","mg","1","1"
"10","PK_2cmt_no_depot","PK_2cmt_no_depot","0","663","0.002545","ug/mL","100","mg","1","0"
"1","PK_2cmt_tdcl_des","PK_2cmt_tdcl_des","1","0",".","ug/mL","100","mg","1","."
"1","PK_2cmt_tdcl_des","PK_2cmt_tdcl_des","0","0","8.129324","ug/mL","100","mg","1","0"
"1","PK_2cmt_tdcl_des","PK_2cmt_tdcl_des","0","4","6.577918","ug/mL","100","mg","1","0"
"1","PK_2cmt_tdcl_des","PK_2cmt_tdcl_des","0","24","2.949318","ug/mL","100","mg","1","0"
"1","PK_2cmt_tdcl_des","PK_2cmt_tdcl_des","0","72","0.54256","ug/mL","100","mg","1","0"
"1","PK_2cmt_tdcl_des","PK_2cmt_tdcl_des","0","168","0.616603","ug/mL","100","mg","1","0"
"1","PK_2cmt_tdcl_des","PK_2cmt_tdcl_des","0","336","0.266015","ug/mL","100","mg","1","0"
"1","PK_2cmt_tdcl_des","PK_2cmt_tdcl_des","0","504","0.185719","ug/mL","100","mg","1","0"
"1","PK_2cmt_tdcl_des","PK_2cmt_tdcl_des","0","672","0.184465","ug/mL","100","mg","1","0"
"1","PK_2cmt_tdcl_des","PK_2cmt_tdcl_des","0","840","0.094916","ug/mL","100","mg","1","0"
"1","PK_2cmt_tdcl_des","PK_2cmt_tdcl_des","0","1008","0.105981","ug/mL","100","mg","1","0"
"1","PK_2cmt_tdcl_des","PK_2cmt_tdcl_des","0","1176","0.113135","ug/mL","100","mg","1","0"
"1","PK_2cmt_tdcl_des","PK_2cmt_tdcl_des","0","1512","0.012921","ug/mL","100","mg","1","0"
"1","PK_2cmt_tdcl_des","PK_2cmt_tdcl_des","0","2016","0.025361","ug/mL","100","mg","1","0"
"1","PK_2cmt_tdcl_des","PK_2cmt_tdcl_des","0","2520","0.018269","ug/mL","100","mg","1","0"
"2","PK_2cmt_tdcl_des","PK_2cmt_tdcl_des","1","0",".","ug/mL","100","mg","1","."
"2","PK_2cmt_tdcl_des","PK_2cmt_tdcl_des","0","0","6.051952","ug/mL","100","mg","1","0"
"2","PK_2cmt_tdcl_des","PK_2cmt_tdcl_des","0","4","1.228435","ug/mL","100","mg","1","0"
"2","PK_2cmt_tdcl_des","PK_2cmt_tdcl_des","0","24","2.517278","ug/mL","100","mg","1","0"
"2","PK_2cmt_tdcl_des","PK_2cmt_tdcl_des","0","72","0.642569","ug/mL","100","mg","1","0"
"2","PK_2cmt_tdcl_des","PK_2cmt_tdcl_des","0","168","0.629786","ug/mL","100","mg","1","0"
"2","PK_2cmt_tdcl_des","PK_2cmt_tdcl_des","0","336","0.22389","ug/mL","100","mg","1","0"
"2","PK_2cmt_tdcl_des","PK_2cmt_tdcl_des","0","504","0.19723","ug/mL","100","mg","1","0"
"2","PK_2cmt_tdcl_des","PK_2cmt_tdcl_des","0","672","0.33559","ug/mL","100","mg","1","0"
"2","PK_2cmt_tdcl_des","PK_2cmt_tdcl_des","0","840","0.087006","ug/mL","100","mg","1","0"
"2","PK_2cmt_tdcl_des","PK_2cmt_tdcl_des","0","1008","0.149463","ug/mL","100","mg","1","0"
"2","PK_2cmt_tdcl_des","PK_2cmt_tdcl_des","0","1176","0.08712","ug/mL","100","mg","1","0"
"2","PK_2cmt_tdcl_des","PK_2cmt_tdcl_des","0","1512","0.054647","ug/mL","100","mg","1","0"
"2","PK_2cmt_tdcl_des","PK_2cmt_tdcl_des","0","2016","0.021047","ug/mL","100","mg","1","0"
"2","PK_2cmt_tdcl_des","PK_2cmt_tdcl_des","0","2520","0.034561","ug/mL","100","mg","1","0"
"3","PK_2cmt_tdcl_des","PK_2cmt_tdcl_des","1","0",".","ug/mL","100","mg","1","."
"3","PK_2cmt_tdcl_des","PK_2cmt_tdcl_des","0","0","2.215343","ug/mL","100","mg","1","0"
"3","PK_2cmt_tdcl_des","PK_2cmt_tdcl_des","0","4","4.672108","ug/mL","100","mg","1","0"
"3","PK_2cmt_tdcl_des","PK_2cmt_tdcl_des","0","24","1.14253","ug/mL","100","mg","1","0"
"3","PK_2cmt_tdcl_des","PK_2cmt_tdcl_des","0","72","0.441984","ug/mL","100","mg","1","0"
"3","PK_2cmt_tdcl_des","PK_2cmt_tdcl_des","0","168","0.641707","ug/mL","100","mg","1","0"
"3","PK_2cmt_tdcl_des","PK_2cmt_tdcl_des","0","336","0.270353","ug/mL","100","mg","1","0"
"3","PK_2cmt_tdcl_des","PK_2cmt_tdcl_des","0","504","0","ug/mL","100","mg","1","1"
"3","PK_2cmt_tdcl_des","PK_2cmt_tdcl_des","0","672","0.189654","ug/mL","100","mg","1","0"
"3","PK_2cmt_tdcl_des","PK_2cmt_tdcl_des","0","840","0.076645","ug/mL","100","mg","1","0"
"3","PK_2cmt_tdcl_des","PK_2cmt_tdcl_des","0","1008","0.075","ug/mL","100","mg","1","0"
"3","PK_2cmt_tdcl_des","PK_2cmt_tdcl_des","0","1176","0.182335","ug/mL","100","mg","1","0"
"3","PK_2cmt_tdcl_des","PK_2cmt_tdcl_des","0","1512","0.051872","ug/mL","100","mg","1","0"
"3","PK_2cmt_tdcl_des","PK_2cmt_tdcl_des","0","2016","0.039311","ug/mL","100","mg","1","0"
"3","PK_2cmt_tdcl_des","PK_2cmt_tdcl_des","0","2520","0.021786","ug/mL","100","mg","1","0"
"4","PK_2cmt_tdcl_des","PK_2cmt_tdcl_des","1","0",".","ug/mL","100","mg","1","."
"4","PK_2cmt_tdcl_des","PK_2cmt_tdcl_des","0","0","0","ug/mL","100","mg","1","1"
"4","PK_2cmt_tdcl_des","PK_2cmt_tdcl_des","0","4","5.187836","ug/mL","100","mg","1","0"
"4","PK_2cmt_tdcl_des","PK_2cmt_tdcl_des","0","24","2.610064","ug/mL","100","mg","1","0"
"4","PK_2cmt_tdcl_des","PK_2cmt_tdcl_des","0","72","0.589319","ug/mL","100","mg","1","0"
"4","PK_2cmt_tdcl_des","PK_2cmt_tdcl_des","0","168","0.678727","ug/mL","100","mg","1","0"
"4","PK_2cmt_tdcl_des","PK_2cmt_tdcl_des","0","336","0.051952","ug/mL","100","mg","1","0"
"4","PK_2cmt_tdcl_des","PK_2cmt_tdcl_des","0","504","0.235138","ug/mL","100","mg","1","0"
"4","PK_2cmt_tdcl_des","PK_2cmt_tdcl_des","0","672","0","ug/mL","100","mg","1","1"
"4","PK_2cmt_tdcl_des","PK_2cmt_tdcl_des","0","840","0.054334","ug/mL","100","mg","1","0"
"4","PK_2cmt_tdcl_des","PK_2cmt_tdcl_des","0","1008","0.05316","ug/mL","100","mg","1","0"
"4","PK_2cmt_tdcl_des","PK_2cmt_tdcl_des","0","1176","0.07521","ug/mL","100","mg","1","0"
"4","PK_2cmt_tdcl_des","PK_2cmt_tdcl_des","0","1512","0.147735","ug/mL","100","mg","1","0"
"4","PK_2cmt_tdcl_des","PK_2cmt_tdcl_des","0","2016","0.03365","ug/mL","100","mg","1","0"
"4","PK_2cmt_tdcl_des","PK_2cmt_tdcl_des","0","2520","0.008179","ug/mL","100","mg","1","0"
"5","PK_2cmt_tdcl_des","PK_2cmt_tdcl_des","1","0",".","ug/mL","100","mg","1","."
"5","PK_2cmt_tdcl_des","PK_2cmt_tdcl_des","0","0","4.883928","ug/mL","100","mg","1","0"
"5","PK_2cmt_tdcl_des","PK_2cmt_tdcl_des","0","4","6.15378","ug/mL","100","mg","1","0"
"5","PK_2cmt_tdcl_des","PK_2cmt_tdcl_des","0","24","3.011933","ug/mL","100","mg","1","0"
"5","PK_2cmt_tdcl_des","PK_2cmt_tdcl_des","0","72","0.548389","ug/mL","100","mg","1","0"
"5","PK_2cmt_tdcl_des","PK_2cmt_tdcl_des","0","168","0.427093","ug/mL","100","mg","1","0"
"5","PK_2cmt_tdcl_des","PK_2cmt_tdcl_des","0","336","0.284528","ug/mL","100","mg","1","0"
"5","PK_2cmt_tdcl_des","PK_2cmt_tdcl_des","0","504","0.18741","ug/mL","100","mg","1","0"
"5","PK_2cmt_tdcl_des","PK_2cmt_tdcl_des","0","672","0.169287","ug/mL","100","mg","1","0"
"5","PK_2cmt_tdcl_des","PK_2cmt_tdcl_des","0","840","0","ug/mL","100","mg","1","1"
"5","PK_2cmt_tdcl_des","PK_2cmt_tdcl_des","0","1008","0.050645","ug/mL","100","mg","1","0"
"5","PK_2cmt_tdcl_des","PK_2cmt_tdcl_des","0","1176","0.034195","ug/mL","100","mg","1","0"
"5","PK_2cmt_tdcl_des","PK_2cmt_tdcl_des","0","1512","0.107198","ug/mL","100","mg","1","0"
"5","PK_2cmt_tdcl_des","PK_2cmt_tdcl_des","0","2016","0.031545","ug/mL","100","mg","1","0"
"5","PK_2cmt_tdcl_des","PK_2cmt_tdcl_des","0","2520","0.022757","ug/mL","100","mg","1","0"
"6","PK_2cmt_tdcl_des","PK_2cmt_tdcl_des","1","0",".","ug/mL","100","mg","1","."
"6","PK_2cmt_tdcl_des","PK_2cmt_tdcl_des","0","0","6.427625","ug/mL","100","mg","1","0"
"6","PK_2cmt_tdcl_des","PK_2cmt_tdcl_des","0","4","6.017071","ug/mL","100","mg","1","0"
"6","PK_2cmt_tdcl_des","PK_2cmt_tdcl_des","0","24","1.861568","ug/mL","100","mg","1","0"
"6","PK_2cmt_tdcl_des","PK_2cmt_tdcl_des","0","72","0.497843","ug/mL","100","mg","1","0"
"6","PK_2cmt_tdcl_des","PK_2cmt_tdcl_des","0","168","0.517495","ug/mL","100","mg","1","0"
"6","PK_2cmt_tdcl_des","PK_2cmt_tdcl_des","0","336","0.347152","ug/mL","100","mg","1","0"
"6","PK_2cmt_tdcl_des","PK_2cmt_tdcl_des","0","504","0.092296","ug/mL","100","mg","1","0"
"6","PK_2cmt_tdcl_des","PK_2cmt_tdcl_des","0","672","0.009342","ug/mL","100","mg","1","0"
"6","PK_2cmt_tdcl_des","PK_2cmt_tdcl_des","0","840","0.111438","ug/mL","100","mg","1","0"
"6","PK_2cmt_tdcl_des","PK_2cmt_tdcl_des","0","1008","0.093092","ug/mL","100","mg","1","0"
"6","PK_2cmt_tdcl_des","PK_2cmt_tdcl_des","0","1176","0.139785","ug/mL","100","mg","1","0"
"6","PK_2cmt_tdcl_des","PK_2cmt_tdcl_des","0","1512","0.043282","ug/mL","100","mg","1","0"
"6","PK_2cmt_tdcl_des","PK_2cmt_tdcl_des","0","2016","0.0704","ug/mL","100","mg","1","0"
"6","PK_2cmt_tdcl_des","PK_2cmt_tdcl_des","0","2520","0.018083","ug/mL","100","mg","1","0"
"7","PK_2cmt_tdcl_des","PK_2cmt_tdcl_des","1","0",".","ug/mL","100","mg","1","."
"7","PK_2cmt_tdcl_des","PK_2cmt_tdcl_des","0","0","2.002276","ug/mL","100","mg","1","0"
"7","PK_2cmt_tdcl_des","PK_2cmt_tdcl_des","0","4","4.762817","ug/mL","100","mg","1","0"
"7","PK_2cmt_tdcl_des","PK_2cmt_tdcl_des","0","24","3.055661","ug/mL","100","mg","1","0"
"7","PK_2cmt_tdcl_des","PK_2cmt_tdcl_des","0","72","0.394036","ug/mL","100","mg","1","0"
"7","PK_2cmt_tdcl_des","PK_2cmt_tdcl_des","0","168","0.478345","ug/mL","100","mg","1","0"
"7","PK_2cmt_tdcl_des","PK_2cmt_tdcl_des","0","336","0.249844","ug/mL","100","mg","1","0"
"7","PK_2cmt_tdcl_des","PK_2cmt_tdcl_des","0","504","0.194019","ug/mL","100","mg","1","0"
"7","PK_2cmt_tdcl_des","PK_2cmt_tdcl_des","0","672","0.182957","ug/mL","100","mg","1","0"
"7","PK_2cmt_tdcl_des","PK_2cmt_tdcl_des","0","840","0.208464","ug/mL","100","mg","1","0"
"7","PK_2cmt_tdcl_des","PK_2cmt_tdcl_des","0","1008","0.108067","ug/mL","100","mg","1","0"
"7","PK_2cmt_tdcl_des","PK_2cmt_tdcl_des","0","1176","0.122201","ug/mL","100","mg","1","0"
"7","PK_2cmt_tdcl_des","PK_2cmt_tdcl_des","0","1512","0.03515","ug/mL","100","mg","1","0"
"7","PK_2cmt_tdcl_des","PK_2cmt_tdcl_des","0","2016","0.023994","ug/mL","100","mg","1","0"
"7","PK_2cmt_tdcl_des","PK_2cmt_tdcl_des","0","2520","0.035573","ug/mL","100","mg","1","0"
"8","PK_2cmt_tdcl_des","PK_2cmt_tdcl_des","1","0",".","ug/mL","100","mg","1","."
"8","PK_2cmt_tdcl_des","PK_2cmt_tdcl_des","0","0","5.945513","ug/mL","100","mg","1","0"
"8","PK_2cmt_tdcl_des","PK_2cmt_tdcl_des","0","4","2.423843","ug/mL","100","mg","1","0"
"8","PK_2cmt_tdcl_des","PK_2cmt_tdcl_des","0","24","1.029288","ug/mL","100","mg","1","0"
"8","PK_2cmt_tdcl_des","PK_2cmt_tdcl_des","0","72","0.246801","ug/mL","100","mg","1","0"
"8","PK_2cmt_tdcl_des","PK_2cmt_tdcl_des","0","168","0.164035","ug/mL","100","mg","1","0"
"8","PK_2cmt_tdcl_des","PK_2cmt_tdcl_des","0","336","0.257547","ug/mL","100","mg","1","0"
"8","PK_2cmt_tdcl_des","PK_2cmt_tdcl_des","0","504","0.084455","ug/mL","100","mg","1","0"
"8","PK_2cmt_tdcl_des","PK_2cmt_tdcl_des","0","672","0.128246","ug/mL","100","mg","1","0"
"8","PK_2cmt_tdcl_des","PK_2cmt_tdcl_des","0","840","0.113487","ug/mL","100","mg","1","0"
"8","PK_2cmt_tdcl_des","PK_2cmt_tdcl_des","0","1008","0.067681","ug/mL","100","mg","1","0"
"8","PK_2cmt_tdcl_des","PK_2cmt_tdcl_des","0","1176","0.110003","ug/mL","100","mg","1","0"
"8","PK_2cmt_tdcl_des","PK_2cmt_tdcl_des","0","1512","0.039686","ug/mL","100","mg","1","0"
"8","PK_2cmt_tdcl_des","PK_2cmt_tdcl_des","0","2016","0.031667","ug/mL","100","mg","1","0"
"8","PK_2cmt_tdcl_des","PK_2cmt_tdcl_des","0","2520","0.011737","ug/mL","100","mg","1","0"
"9","PK_2cmt_tdcl_des","PK_2cmt_tdcl_des","1","0",".","ug/mL","100","mg","1","."
"9","PK_2cmt_tdcl_des","PK_2cmt_tdcl_des","0","0","3.704259","ug/mL","100","mg","1","0"
"9","PK_2cmt_tdcl_des","PK_2cmt_tdcl_des","0","4","6.77815","ug/mL","100","mg","1","0"
"9","PK_2cmt_tdcl_des","PK_2cmt_tdcl_des","0","24","1.572187","ug/mL","100","mg","1","0"
"9","PK_2cmt_tdcl_des","PK_2cmt_tdcl_des","0","72","0.545482","ug/mL","100","mg","1","0"
"9","PK_2cmt_tdcl_des","PK_2cmt_tdcl_des","0","168","0.351217","ug/mL","100","mg","1","0"
"9","PK_2cmt_tdcl_des","PK_2cmt_tdcl_des","0","336","0","ug/mL","100","mg","1","1"
"9","PK_2cmt_tdcl_des","PK_2cmt_tdcl_des","0","504","0.32952","ug/mL","100","mg","1","0"
"9","PK_2cmt_tdcl_des","PK_2cmt_tdcl_des","0","672","0.255102","ug/mL","100","mg","1","0"
"9","PK_2cmt_tdcl_des","PK_2cmt_tdcl_des","0","840","0.161595","ug/mL","100","mg","1","0"
"9","PK_2cmt_tdcl_des","PK_2cmt_tdcl_des","0","1008","0.101516","ug/mL","100","mg","1","0"
"9","PK_2cmt_tdcl_des","PK_2cmt_tdcl_des","0","1176","0.189562","ug/mL","100","mg","1","0"
"9","PK_2cmt_tdcl_des","PK_2cmt_tdcl_des","0","1512","0.025477","ug/mL","100","mg","1","0"
"9","PK_2cmt_tdcl_des","PK_2cmt_tdcl_des","0","2016","0.048549","ug/mL","100","mg","1","0"
"9","PK_2cmt_tdcl_des","PK_2cmt_tdcl_des","0","2520","0.044616","ug/mL","100","mg","1","0"
"10","PK_2cmt_tdcl_des","PK_2cmt_tdcl_des","1","0",".","ug/mL","100","mg","1","."
"10","PK_2cmt_tdcl_des","PK_2cmt_tdcl_des","0","0","6.852757","ug/mL","100","mg","1","0"
"10","PK_2cmt_tdcl_des","PK_2cmt_tdcl_des","0","4","4.255944","ug/mL","100","mg","1","0"
"10","PK_2cmt_tdcl_des","PK_2cmt_tdcl_des","0","24","0.629985","ug/mL","100","mg","1","0"
"10","PK_2cmt_tdcl_des","PK_2cmt_tdcl_des","0","72","0.640799","ug/mL","100","mg","1","0"
"10","PK_2cmt_tdcl_des","PK_2cmt_tdcl_des","0","168","0.333348","ug/mL","100","mg","1","0"
"10","PK_2cmt_tdcl_des","PK_2cmt_tdcl_des","0","336","0.351341","ug/mL","100","mg","1","0"
"10","PK_2cmt_tdcl_des","PK_2cmt_tdcl_des","0","504","0","ug/mL","100","mg","1","1"
"10","PK_2cmt_tdcl_des","PK_2cmt_tdcl_des","0","672","0","ug/mL","100","mg","1","1"
"10","PK_2cmt_tdcl_des","PK_2cmt_tdcl_des","0","840","0.228267","ug/mL","100","mg","1","0"
"10","PK_2cmt_tdcl_des","PK_2cmt_tdcl_des","0","1008","0.021264","ug/mL","100","mg","1","0"
"10","PK_2cmt_tdcl_des","PK_2cmt_tdcl_des","0","1176","0.148638","ug/mL","100","mg","1","0"
"10","PK_2cmt_tdcl_des","PK_2cmt_tdcl_des","0","1512","0.061113","ug/mL","100","mg","1","0"
"10","PK_2cmt_tdcl_des","PK_2cmt_tdcl_des","0","2016","0.058096","ug/mL","100","mg","1","0"
"10","PK_2cmt_tdcl_des","PK_2cmt_tdcl_des","0","2520","0.035174","ug/mL","100","mg","1","0"
"1","PK_3cmt","PK_3cmt","1","0",".","ug/mL","100","mg","2","."
"1","PK_3cmt","PK_3cmt","0","0","0","ug/mL","100","mg","2","0"
"1","PK_3cmt","PK_3cmt","0","24","0.004073","ug/mL","100","mg","2","0"
"1","PK_3cmt","PK_3cmt","0","72","0.020048","ug/mL","100","mg","2","0"
"1","PK_3cmt","PK_3cmt","0","168","0.019641","ug/mL","100","mg","2","0"
"1","PK_3cmt","PK_3cmt","0","336","0.009981","ug/mL","100","mg","2","0"
"1","PK_3cmt","PK_3cmt","0","504","0.001104","ug/mL","100","mg","2","0"
"1","PK_3cmt","PK_3cmt","0","672","0.005938","ug/mL","100","mg","2","0"
"1","PK_3cmt","PK_3cmt","0","840","0.003822","ug/mL","100","mg","2","0"
"1","PK_3cmt","PK_3cmt","0","1176","0.000425","ug/mL","100","mg","2","0"
"1","PK_3cmt","PK_3cmt","0","1512","0","ug/mL","100","mg","2","1"
"1","PK_3cmt","PK_3cmt","0","2016","0.001519","ug/mL","100","mg","2","0"
"1","PK_3cmt","PK_3cmt","0","2520","0.003196","ug/mL","100","mg","2","0"
"1","PK_3cmt","PK_3cmt","0","3024","0.001886","ug/mL","100","mg","2","0"
"1","PK_3cmt","PK_3cmt","0","4032","0.00093","ug/mL","100","mg","2","0"
"1","PK_3cmt","PK_3cmt","0","5040","0.001015","ug/mL","100","mg","2","0"
"1","PK_3cmt","PK_3cmt","0","5173","0.001063","ug/mL","100","mg","2","0"
"2","PK_3cmt","PK_3cmt","1","0",".","ug/mL","100","mg","2","."
"2","PK_3cmt","PK_3cmt","0","0","0","ug/mL","100","mg","2","0"
"2","PK_3cmt","PK_3cmt","0","24","0.04014","ug/mL","100","mg","2","0"
"2","PK_3cmt","PK_3cmt","0","72","0.010821","ug/mL","100","mg","2","0"
"2","PK_3cmt","PK_3cmt","0","168","0.006741","ug/mL","100","mg","2","0"
"2","PK_3cmt","PK_3cmt","0","336","0.007635","ug/mL","100","mg","2","0"
"2","PK_3cmt","PK_3cmt","0","504","0.005708","ug/mL","100","mg","2","0"
"2","PK_3cmt","PK_3cmt","0","672","0.005293","ug/mL","100","mg","2","0"
"2","PK_3cmt","PK_3cmt","0","840","0","ug/mL","100","mg","2","1"
"2","PK_3cmt","PK_3cmt","0","1176","0.001401","ug/mL","100","mg","2","0"
"2","PK_3cmt","PK_3cmt","0","1512","0.004","ug/mL","100","mg","2","0"
"2","PK_3cmt","PK_3cmt","0","2016","0.00064","ug/mL","100","mg","2","0"
"2","PK_3cmt","PK_3cmt","0","2520","0.002539","ug/mL","100","mg","2","0"
"2","PK_3cmt","PK_3cmt","0","3024","0.002241","ug/mL","100","mg","2","0"
"2","PK_3cmt","PK_3cmt","0","4032","0.00064","ug/mL","100","mg","2","0"
"2","PK_3cmt","PK_3cmt","0","5040","0.000501","ug/mL","100","mg","2","0"
"2","PK_3cmt","PK_3cmt","0","5173","0.001645","ug/mL","100","mg","2","0"
"3","PK_3cmt","PK_3cmt","1","0",".","ug/mL","100","mg","2","."
"3","PK_3cmt","PK_3cmt","0","0","0","ug/mL","100","mg","2","0"
"3","PK_3cmt","PK_3cmt","0","24","0","ug/mL","100","mg","2","1"
"3","PK_3cmt","PK_3cmt","0","72","0.025589","ug/mL","100","mg","2","0"
"3","PK_3cmt","PK_3cmt","0","168","0.025516","ug/mL","100","mg","2","0"
"3","PK_3cmt","PK_3cmt","0","336","0.009558","ug/mL","100","mg","2","0"
"3","PK_3cmt","PK_3cmt","0","504","0.002306","ug/mL","100","mg","2","0"
"3","PK_3cmt","PK_3cmt","0","672","0.003811","ug/mL","100","mg","2","0"
"3","PK_3cmt","PK_3cmt","0","840","0.002605","ug/mL","100","mg","2","0"
"3","PK_3cmt","PK_3cmt","0","1176","0.00222","ug/mL","100","mg","2","0"
"3","PK_3cmt","PK_3cmt","0","1512","0.002081","ug/mL","100","mg","2","0"
"3","PK_3cmt","PK_3cmt","0","2016","0.00081","ug/mL","100","mg","2","0"
"3","PK_3cmt","PK_3cmt","0","2520","0.002336","ug/mL","100","mg","2","0"
"3","PK_3cmt","PK_3cmt","0","3024","0.000169","ug/mL","100","mg","2","0"
"3","PK_3cmt","PK_3cmt","0","4032","0.001054","ug/mL","100","mg","2","0"
"3","PK_3cmt","PK_3cmt","0","5040","0.001303","ug/mL","100","mg","2","0"
"3","PK_3cmt","PK_3cmt","0","5173","0.001253","ug/mL","100","mg","2","0"
"4","PK_3cmt","PK_3cmt","1","0",".","ug/mL","100","mg","2","."
"4","PK_3cmt","PK_3cmt","0","0","0","ug/mL","100","mg","2","0"
"4","PK_3cmt","PK_3cmt","0","24","0.011326","ug/mL","100","mg","2","0"
"4","PK_3cmt","PK_3cmt","0","72","0.007835","ug/mL","100","mg","2","0"
"4","PK_3cmt","PK_3cmt","0","168","0.017013","ug/mL","100","mg","2","0"
"4","PK_3cmt","PK_3cmt","0","336","0.007447","ug/mL","100","mg","2","0"
"4","PK_3cmt","PK_3cmt","0","504","0.002946","ug/mL","100","mg","2","0"
"4","PK_3cmt","PK_3cmt","0","672","0.002952","ug/mL","100","mg","2","0"
"4","PK_3cmt","PK_3cmt","0","840","0.004835","ug/mL","100","mg","2","0"
"4","PK_3cmt","PK_3cmt","0","1176","0.006021","ug/mL","100","mg","2","0"
"4","PK_3cmt","PK_3cmt","0","1512","0.004787","ug/mL","100","mg","2","0"
"4","PK_3cmt","PK_3cmt","0","2016","0.001979","ug/mL","100","mg","2","0"
"4","PK_3cmt","PK_3cmt","0","2520","0.002202","ug/mL","100","mg","2","0"
"4","PK_3cmt","PK_3cmt","0","3024","0.001294","ug/mL","100","mg","2","0"
"4","PK_3cmt","PK_3cmt","0","4032","0.001188","ug/mL","100","mg","2","0"
"4","PK_3cmt","PK_3cmt","0","5040","0.001141","ug/mL","100","mg","2","0"
"4","PK_3cmt","PK_3cmt","0","5173","0.001012","ug/mL","100","mg","2","0"
"5","PK_3cmt","PK_3cmt","1","0",".","ug/mL","100","mg","2","."
"5","PK_3cmt","PK_3cmt","0","0","0","ug/mL","100","mg","2","0"
"5","PK_3cmt","PK_3cmt","0","24","0.023367","ug/mL","100","mg","2","0"
"5","PK_3cmt","PK_3cmt","0","72","0.0069","ug/mL","100","mg","2","0"
"5","PK_3cmt","PK_3cmt","0","168","0.016329","ug/mL","100","mg","2","0"
"5","PK_3cmt","PK_3cmt","0","336","0.003421","ug/mL","100","mg","2","0"
"5","PK_3cmt","PK_3cmt","0","504","0.00857","ug/mL","100","mg","2","0"
"5","PK_3cmt","PK_3cmt","0","672","0.003019","ug/mL","100","mg","2","0"
"5","PK_3cmt","PK_3cmt","0","840","0.002462","ug/mL","100","mg","2","0"
"5","PK_3cmt","PK_3cmt","0","1176","0.000651","ug/mL","100","mg","2","0"
"5","PK_3cmt","PK_3cmt","0","1512","0","ug/mL","100","mg","2","1"
"5","PK_3cmt","PK_3cmt","0","2016","0.003384","ug/mL","100","mg","2","0"
"5","PK_3cmt","PK_3cmt","0","2520","0.00445","ug/mL","100","mg","2","0"
"5","PK_3cmt","PK_3cmt","0","3024","0.001503","ug/mL","100","mg","2","0"
"5","PK_3cmt","PK_3cmt","0","4032","0.002042","ug/mL","100","mg","2","0"
"5","PK_3cmt","PK_3cmt","0","5040","0.000623","ug/mL","100","mg","2","0"
"5","PK_3cmt","PK_3cmt","0","5173","0.001069","ug/mL","100","mg","2","0"
"6","PK_3cmt","PK_3cmt","1","0",".","ug/mL","100","mg","2","."
"6","PK_3cmt","PK_3cmt","0","0","0","ug/mL","100","mg","2","0"
"6","PK_3cmt","PK_3cmt","0","24","0.010742","ug/mL","100","mg","2","0"
"6","PK_3cmt","PK_3cmt","0","72","0.026656","ug/mL","100","mg","2","0"
"6","PK_3cmt","PK_3cmt","0","168","0.022357","ug/mL","100","mg","2","0"
"6","PK_3cmt","PK_3cmt","0","336","0.005475","ug/mL","100","mg","2","0"
"6","PK_3cmt","PK_3cmt","0","504","0.003841","ug/mL","100","mg","2","0"
"6","PK_3cmt","PK_3cmt","0","672","0.00605","ug/mL","100","mg","2","0"
"6","PK_3cmt","PK_3cmt","0","840","0.006638","ug/mL","100","mg","2","0"
"6","PK_3cmt","PK_3cmt","0","1176","0.003392","ug/mL","100","mg","2","0"
"6","PK_3cmt","PK_3cmt","0","1512","0.002987","ug/mL","100","mg","2","0"
"6","PK_3cmt","PK_3cmt","0","2016","0.002241","ug/mL","100","mg","2","0"
"6","PK_3cmt","PK_3cmt","0","2520","0.002631","ug/mL","100","mg","2","0"
"6","PK_3cmt","PK_3cmt","0","3024","0.000803","ug/mL","100","mg","2","0"
"6","PK_3cmt","PK_3cmt","0","4032","0.001426","ug/mL","100","mg","2","0"
"6","PK_3cmt","PK_3cmt","0","5040","0.000562","ug/mL","100","mg","2","0"
"6","PK_3cmt","PK_3cmt","0","5173","0.001005","ug/mL","100","mg","2","0"
"7","PK_3cmt","PK_3cmt","1","0",".","ug/mL","100","mg","2","."
"7","PK_3cmt","PK_3cmt","0","0","0","ug/mL","100","mg","2","0"
"7","PK_3cmt","PK_3cmt","0","24","0.068539","ug/mL","100","mg","2","0"
"7","PK_3cmt","PK_3cmt","0","72","0.013279","ug/mL","100","mg","2","0"
"7","PK_3cmt","PK_3cmt","0","168","0.010943","ug/mL","100","mg","2","0"
"7","PK_3cmt","PK_3cmt","0","336","0.01718","ug/mL","100","mg","2","0"
"7","PK_3cmt","PK_3cmt","0","504","0.008495","ug/mL","100","mg","2","0"
"7","PK_3cmt","PK_3cmt","0","672","0.006114","ug/mL","100","mg","2","0"
"7","PK_3cmt","PK_3cmt","0","840","0.006198","ug/mL","100","mg","2","0"
"7","PK_3cmt","PK_3cmt","0","1176","0.003513","ug/mL","100","mg","2","0"
"7","PK_3cmt","PK_3cmt","0","1512","0.002948","ug/mL","100","mg","2","0"
"7","PK_3cmt","PK_3cmt","0","2016","0.00345","ug/mL","100","mg","2","0"
"7","PK_3cmt","PK_3cmt","0","2520","0.002793","ug/mL","100","mg","2","0"
"7","PK_3cmt","PK_3cmt","0","3024","0.000934","ug/mL","100","mg","2","0"
"7","PK_3cmt","PK_3cmt","0","4032","0.002267","ug/mL","100","mg","2","0"
"7","PK_3cmt","PK_3cmt","0","5040","0.001165","ug/mL","100","mg","2","0"
"7","PK_3cmt","PK_3cmt","0","5173","0.00063","ug/mL","100","mg","2","0"
"8","PK_3cmt","PK_3cmt","1","0",".","ug/mL","100","mg","2","."
"8","PK_3cmt","PK_3cmt","0","0","0","ug/mL","100","mg","2","0"
"8","PK_3cmt","PK_3cmt","0","24","0.010682","ug/mL","100","mg","2","0"
"8","PK_3cmt","PK_3cmt","0","72","0.041888","ug/mL","100","mg","2","0"
"8","PK_3cmt","PK_3cmt","0","168","0.027494","ug/mL","100","mg","2","0"
"8","PK_3cmt","PK_3cmt","0","336","0.004631","ug/mL","100","mg","2","0"
"8","PK_3cmt","PK_3cmt","0","504","0.00404","ug/mL","100","mg","2","0"
"8","PK_3cmt","PK_3cmt","0","672","8e-05","ug/mL","100","mg","2","0"
"8","PK_3cmt","PK_3cmt","0","840","0","ug/mL","100","mg","2","1"
"8","PK_3cmt","PK_3cmt","0","1176","0.001233","ug/mL","100","mg","2","0"
"8","PK_3cmt","PK_3cmt","0","1512","0.005387","ug/mL","100","mg","2","0"
"8","PK_3cmt","PK_3cmt","0","2016","0.000584","ug/mL","100","mg","2","0"
"8","PK_3cmt","PK_3cmt","0","2520","0.001371","ug/mL","100","mg","2","0"
"8","PK_3cmt","PK_3cmt","0","3024","0.001932","ug/mL","100","mg","2","0"
"8","PK_3cmt","PK_3cmt","0","4032","0.00049","ug/mL","100","mg","2","0"
"8","PK_3cmt","PK_3cmt","0","5040","0.001023","ug/mL","100","mg","2","0"
"8","PK_3cmt","PK_3cmt","0","5173","0.00075","ug/mL","100","mg","2","0"
"9","PK_3cmt","PK_3cmt","1","0",".","ug/mL","100","mg","2","."
"9","PK_3cmt","PK_3cmt","0","0","0","ug/mL","100","mg","2","0"
"9","PK_3cmt","PK_3cmt","0","24","0.037461","ug/mL","100","mg","2","0"
"9","PK_3cmt","PK_3cmt","0","72","0.030772","ug/mL","100","mg","2","0"
"9","PK_3cmt","PK_3cmt","0","168","0.017855","ug/mL","100","mg","2","0"
"9","PK_3cmt","PK_3cmt","0","336","0.010101","ug/mL","100","mg","2","0"
"9","PK_3cmt","PK_3cmt","0","504","0.003498","ug/mL","100","mg","2","0"
"9","PK_3cmt","PK_3cmt","0","672","0.002561","ug/mL","100","mg","2","0"
"9","PK_3cmt","PK_3cmt","0","840","0.003052","ug/mL","100","mg","2","0"
"9","PK_3cmt","PK_3cmt","0","1176","0.001925","ug/mL","100","mg","2","0"
"9","PK_3cmt","PK_3cmt","0","1512","0.003876","ug/mL","100","mg","2","0"
"9","PK_3cmt","PK_3cmt","0","2016","0.002446","ug/mL","100","mg","2","0"
"9","PK_3cmt","PK_3cmt","0","2520","0.001987","ug/mL","100","mg","2","0"
"9","PK_3cmt","PK_3cmt","0","3024","0.002673","ug/mL","100","mg","2","0"
"9","PK_3cmt","PK_3cmt","0","4032","0.00108","ug/mL","100","mg","2","0"
"9","PK_3cmt","PK_3cmt","0","5040","0.001334","ug/mL","100","mg","2","0"
"9","PK_3cmt","PK_3cmt","0","5173","0.001339","ug/mL","100","mg","2","0"
"10","PK_3cmt","PK_3cmt","1","0",".","ug/mL","100","mg","2","."
"10","PK_3cmt","PK_3cmt","0","0","0","ug/mL","100","mg","2","0"
"10","PK_3cmt","PK_3cmt","0","24","0.027612","ug/mL","100","mg","2","0"
"10","PK_3cmt","PK_3cmt","0","72","0.025357","ug/mL","100","mg","2","0"
"10","PK_3cmt","PK_3cmt","0","168","0.016321","ug/mL","100","mg","2","0"
"10","PK_3cmt","PK_3cmt","0","336","0.008152","ug/mL","100","mg","2","0"
"10","PK_3cmt","PK_3cmt","0","504","0.008047","ug/mL","100","mg","2","0"
"10","PK_3cmt","PK_3cmt","0","672","0.007202","ug/mL","100","mg","2","0"
"10","PK_3cmt","PK_3cmt","0","840","0.006051","ug/mL","100","mg","2","0"
"10","PK_3cmt","PK_3cmt","0","1176","0.004829","ug/mL","100","mg","2","0"
"10","PK_3cmt","PK_3cmt","0","1512","0.003409","ug/mL","100","mg","2","0"
"10","PK_3cmt","PK_3cmt","0","2016","0.002075","ug/mL","100","mg","2","0"
"10","PK_3cmt","PK_3cmt","0","2520","0.001278","ug/mL","100","mg","2","0"
"10","PK_3cmt","PK_3cmt","0","3024","0.001518","ug/mL","100","mg","2","0"
"10","PK_3cmt","PK_3cmt","0","4032","0.002261","ug/mL","100","mg","2","0"
"10","PK_3cmt","PK_3cmt","0","5040","0.000648","ug/mL","100","mg","2","0"
"10","PK_3cmt","PK_3cmt","0","5173","0.00136","ug/mL","100","mg","2","0"
"1","PK_3cmt_des","PK_3cmt_des","1","0",".","ug/mL","100","mg","2","."
"1","PK_3cmt_des","PK_3cmt_des","0","0","0","ug/mL","100","mg","2","0"
"1","PK_3cmt_des","PK_3cmt_des","0","24","0.043941","ug/mL","100","mg","2","0"
"1","PK_3cmt_des","PK_3cmt_des","0","72","0.026268","ug/mL","100","mg","2","0"
"1","PK_3cmt_des","PK_3cmt_des","0","168","0.01493","ug/mL","100","mg","2","0"
"1","PK_3cmt_des","PK_3cmt_des","0","336","0","ug/mL","100","mg","2","1"
"1","PK_3cmt_des","PK_3cmt_des","0","504","0.002976","ug/mL","100","mg","2","0"
"1","PK_3cmt_des","PK_3cmt_des","0","672","0.008449","ug/mL","100","mg","2","0"
"1","PK_3cmt_des","PK_3cmt_des","0","840","0.001844","ug/mL","100","mg","2","0"
"1","PK_3cmt_des","PK_3cmt_des","0","1176","0.001877","ug/mL","100","mg","2","0"
"1","PK_3cmt_des","PK_3cmt_des","0","1512","0.0037","ug/mL","100","mg","2","0"
"1","PK_3cmt_des","PK_3cmt_des","0","2016","0.00198","ug/mL","100","mg","2","0"
"1","PK_3cmt_des","PK_3cmt_des","0","2520","0.003461","ug/mL","100","mg","2","0"
"1","PK_3cmt_des","PK_3cmt_des","0","3024","0.004141","ug/mL","100","mg","2","0"
"1","PK_3cmt_des","PK_3cmt_des","0","4032","0.001825","ug/mL","100","mg","2","0"
"1","PK_3cmt_des","PK_3cmt_des","0","5040","0.000549","ug/mL","100","mg","2","0"
"1","PK_3cmt_des","PK_3cmt_des","0","5173","0.000663","ug/mL","100","mg","2","0"
"2","PK_3cmt_des","PK_3cmt_des","1","0",".","ug/mL","100","mg","2","."
"2","PK_3cmt_des","PK_3cmt_des","0","0","0","ug/mL","100","mg","2","0"
"2","PK_3cmt_des","PK_3cmt_des","0","24","0.029199","ug/mL","100","mg","2","0"
"2","PK_3cmt_des","PK_3cmt_des","0","72","0.00789","ug/mL","100","mg","2","0"
"2","PK_3cmt_des","PK_3cmt_des","0","168","0.012608","ug/mL","100","mg","2","0"
"2","PK_3cmt_des","PK_3cmt_des","0","336","0.008914","ug/mL","100","mg","2","0"
"2","PK_3cmt_des","PK_3cmt_des","0","504","0.005149","ug/mL","100","mg","2","0"
"2","PK_3cmt_des","PK_3cmt_des","0","672","0.004717","ug/mL","100","mg","2","0"
"2","PK_3cmt_des","PK_3cmt_des","0","840","0.006148","ug/mL","100","mg","2","0"
"2","PK_3cmt_des","PK_3cmt_des","0","1176","0.000691","ug/mL","100","mg","2","0"
"2","PK_3cmt_des","PK_3cmt_des","0","1512","0.00235","ug/mL","100","mg","2","0"
"2","PK_3cmt_des","PK_3cmt_des","0","2016","0.00208","ug/mL","100","mg","2","0"
"2","PK_3cmt_des","PK_3cmt_des","0","2520","0.00139","ug/mL","100","mg","2","0"
"2","PK_3cmt_des","PK_3cmt_des","0","3024","0.001462","ug/mL","100","mg","2","0"
"2","PK_3cmt_des","PK_3cmt_des","0","4032","0.001647","ug/mL","100","mg","2","0"
"2","PK_3cmt_des","PK_3cmt_des","0","5040","0.001276","ug/mL","100","mg","2","0"
"2","PK_3cmt_des","PK_3cmt_des","0","5173","0.001292","ug/mL","100","mg","2","0"
"3","PK_3cmt_des","PK_3cmt_des","1","0",".","ug/mL","100","mg","2","."
"3","PK_3cmt_des","PK_3cmt_des","0","0","0","ug/mL","100","mg","2","0"
"3","PK_3cmt_des","PK_3cmt_des","0","24","0.036733","ug/mL","100","mg","2","0"
"3","PK_3cmt_des","PK_3cmt_des","0","72","9e-04","ug/mL","100","mg","2","0"
"3","PK_3cmt_des","PK_3cmt_des","0","168","0.011005","ug/mL","100","mg","2","0"
"3","PK_3cmt_des","PK_3cmt_des","0","336","0.01046","ug/mL","100","mg","2","0"
"3","PK_3cmt_des","PK_3cmt_des","0","504","0.005776","ug/mL","100","mg","2","0"
"3","PK_3cmt_des","PK_3cmt_des","0","672","0.00527","ug/mL","100","mg","2","0"
"3","PK_3cmt_des","PK_3cmt_des","0","840","0.006293","ug/mL","100","mg","2","0"
"3","PK_3cmt_des","PK_3cmt_des","0","1176","0.001993","ug/mL","100","mg","2","0"
"3","PK_3cmt_des","PK_3cmt_des","0","1512","0.001685","ug/mL","100","mg","2","0"
"3","PK_3cmt_des","PK_3cmt_des","0","2016","0.002271","ug/mL","100","mg","2","0"
"3","PK_3cmt_des","PK_3cmt_des","0","2520","0.002686","ug/mL","100","mg","2","0"
"3","PK_3cmt_des","PK_3cmt_des","0","3024","0.001555","ug/mL","100","mg","2","0"
"3","PK_3cmt_des","PK_3cmt_des","0","4032","0.001313","ug/mL","100","mg","2","0"
"3","PK_3cmt_des","PK_3cmt_des","0","5040","0.001138","ug/mL","100","mg","2","0"
"3","PK_3cmt_des","PK_3cmt_des","0","5173","0.000958","ug/mL","100","mg","2","0"
"4","PK_3cmt_des","PK_3cmt_des","1","0",".","ug/mL","100","mg","2","."
"4","PK_3cmt_des","PK_3cmt_des","0","0","0","ug/mL","100","mg","2","0"
"4","PK_3cmt_des","PK_3cmt_des","0","24","0.030392","ug/mL","100","mg","2","0"
"4","PK_3cmt_des","PK_3cmt_des","0","72","0.023358","ug/mL","100","mg","2","0"
"4","PK_3cmt_des","PK_3cmt_des","0","168","0.009178","ug/mL","100","mg","2","0"
"4","PK_3cmt_des","PK_3cmt_des","0","336","0.001322","ug/mL","100","mg","2","0"
"4","PK_3cmt_des","PK_3cmt_des","0","504","0.005612","ug/mL","100","mg","2","0"
"4","PK_3cmt_des","PK_3cmt_des","0","672","0.007925","ug/mL","100","mg","2","0"
"4","PK_3cmt_des","PK_3cmt_des","0","840","0.002134","ug/mL","100","mg","2","0"
"4","PK_3cmt_des","PK_3cmt_des","0","1176","0.004539","ug/mL","100","mg","2","0"
"4","PK_3cmt_des","PK_3cmt_des","0","1512","0.004467","ug/mL","100","mg","2","0"
"4","PK_3cmt_des","PK_3cmt_des","0","2016","0.002999","ug/mL","100","mg","2","0"
"4","PK_3cmt_des","PK_3cmt_des","0","2520","0.002402","ug/mL","100","mg","2","0"
"4","PK_3cmt_des","PK_3cmt_des","0","3024","0.001079","ug/mL","100","mg","2","0"
"4","PK_3cmt_des","PK_3cmt_des","0","4032","0.001033","ug/mL","100","mg","2","0"
"4","PK_3cmt_des","PK_3cmt_des","0","5040","0.000507","ug/mL","100","mg","2","0"
"4","PK_3cmt_des","PK_3cmt_des","0","5173","0.000838","ug/mL","100","mg","2","0"
"5","PK_3cmt_des","PK_3cmt_des","1","0",".","ug/mL","100","mg","2","."
"5","PK_3cmt_des","PK_3cmt_des","0","0","0","ug/mL","100","mg","2","0"
"5","PK_3cmt_des","PK_3cmt_des","0","24","0.043743","ug/mL","100","mg","2","0"
"5","PK_3cmt_des","PK_3cmt_des","0","72","0.031904","ug/mL","100","mg","2","0"
"5","PK_3cmt_des","PK_3cmt_des","0","168","0.001753","ug/mL","100","mg","2","0"
"5","PK_3cmt_des","PK_3cmt_des","0","336","0.001263","ug/mL","100","mg","2","0"
"5","PK_3cmt_des","PK_3cmt_des","0","504","0.002224","ug/mL","100","mg","2","0"
"5","PK_3cmt_des","PK_3cmt_des","0","672","0.003886","ug/mL","100","mg","2","0"
"5","PK_3cmt_des","PK_3cmt_des","0","840","0.00239","ug/mL","100","mg","2","0"
"5","PK_3cmt_des","PK_3cmt_des","0","1176","0.004983","ug/mL","100","mg","2","0"
"5","PK_3cmt_des","PK_3cmt_des","0","1512","0.000433","ug/mL","100","mg","2","0"
"5","PK_3cmt_des","PK_3cmt_des","0","2016","0.001085","ug/mL","100","mg","2","0"
"5","PK_3cmt_des","PK_3cmt_des","0","2520","0.003953","ug/mL","100","mg","2","0"
"5","PK_3cmt_des","PK_3cmt_des","0","3024","0.002545","ug/mL","100","mg","2","0"
"5","PK_3cmt_des","PK_3cmt_des","0","4032","0.001711","ug/mL","100","mg","2","0"
"5","PK_3cmt_des","PK_3cmt_des","0","5040","0.000927","ug/mL","100","mg","2","0"
"5","PK_3cmt_des","PK_3cmt_des","0","5173","7.1e-05","ug/mL","100","mg","2","0"
"6","PK_3cmt_des","PK_3cmt_des","1","0",".","ug/mL","100","mg","2","."
"6","PK_3cmt_des","PK_3cmt_des","0","0","0","ug/mL","100","mg","2","0"
"6","PK_3cmt_des","PK_3cmt_des","0","24","0.048744","ug/mL","100","mg","2","0"
"6","PK_3cmt_des","PK_3cmt_des","0","72","0.028051","ug/mL","100","mg","2","0"
"6","PK_3cmt_des","PK_3cmt_des","0","168","0.02316","ug/mL","100","mg","2","0"
"6","PK_3cmt_des","PK_3cmt_des","0","336","0.013434","ug/mL","100","mg","2","0"
"6","PK_3cmt_des","PK_3cmt_des","0","504","0.005271","ug/mL","100","mg","2","0"
"6","PK_3cmt_des","PK_3cmt_des","0","672","0.007692","ug/mL","100","mg","2","0"
"6","PK_3cmt_des","PK_3cmt_des","0","840","0.001496","ug/mL","100","mg","2","0"
"6","PK_3cmt_des","PK_3cmt_des","0","1176","0.002538","ug/mL","100","mg","2","0"
"6","PK_3cmt_des","PK_3cmt_des","0","1512","0.00356","ug/mL","100","mg","2","0"
"6","PK_3cmt_des","PK_3cmt_des","0","2016","0.002418","ug/mL","100","mg","2","0"
"6","PK_3cmt_des","PK_3cmt_des","0","2520","0.002766","ug/mL","100","mg","2","0"
"6","PK_3cmt_des","PK_3cmt_des","0","3024","0.002261","ug/mL","100","mg","2","0"
"6","PK_3cmt_des","PK_3cmt_des","0","4032","0.000935","ug/mL","100","mg","2","0"
"6","PK_3cmt_des","PK_3cmt_des","0","5040","0.000672","ug/mL","100","mg","2","0"
"6","PK_3cmt_des","PK_3cmt_des","0","5173","0.000544","ug/mL","100","mg","2","0"
"7","PK_3cmt_des","PK_3cmt_des","1","0",".","ug/mL","100","mg","2","."
"7","PK_3cmt_des","PK_3cmt_des","0","0","0","ug/mL","100","mg","2","0"
"7","PK_3cmt_des","PK_3cmt_des","0","24","0.02506","ug/mL","100","mg","2","0"
"7","PK_3cmt_des","PK_3cmt_des","0","72","0.017595","ug/mL","100","mg","2","0"
"7","PK_3cmt_des","PK_3cmt_des","0","168","0.017763","ug/mL","100","mg","2","0"
"7","PK_3cmt_des","PK_3cmt_des","0","336","0.000461","ug/mL","100","mg","2","0"
"7","PK_3cmt_des","PK_3cmt_des","0","504","0.004603","ug/mL","100","mg","2","0"
"7","PK_3cmt_des","PK_3cmt_des","0","672","0.006607","ug/mL","100","mg","2","0"
"7","PK_3cmt_des","PK_3cmt_des","0","840","0.001574","ug/mL","100","mg","2","0"
"7","PK_3cmt_des","PK_3cmt_des","0","1176","0.002866","ug/mL","100","mg","2","0"
"7","PK_3cmt_des","PK_3cmt_des","0","1512","0.003119","ug/mL","100","mg","2","0"
"7","PK_3cmt_des","PK_3cmt_des","0","2016","0.001726","ug/mL","100","mg","2","0"
"7","PK_3cmt_des","PK_3cmt_des","0","2520","0.001341","ug/mL","100","mg","2","0"
"7","PK_3cmt_des","PK_3cmt_des","0","3024","0.00306","ug/mL","100","mg","2","0"
"7","PK_3cmt_des","PK_3cmt_des","0","4032","0.000816","ug/mL","100","mg","2","0"
"7","PK_3cmt_des","PK_3cmt_des","0","5040","0.000106","ug/mL","100","mg","2","0"
"7","PK_3cmt_des","PK_3cmt_des","0","5173","0.000834","ug/mL","100","mg","2","0"
"8","PK_3cmt_des","PK_3cmt_des","1","0",".","ug/mL","100","mg","2","."
"8","PK_3cmt_des","PK_3cmt_des","0","0","0","ug/mL","100","mg","2","0"
"8","PK_3cmt_des","PK_3cmt_des","0","24","0.041375","ug/mL","100","mg","2","0"
"8","PK_3cmt_des","PK_3cmt_des","0","72","0.003189","ug/mL","100","mg","2","0"
"8","PK_3cmt_des","PK_3cmt_des","0","168","0.009933","ug/mL","100","mg","2","0"
"8","PK_3cmt_des","PK_3cmt_des","0","336","0.012133","ug/mL","100","mg","2","0"
"8","PK_3cmt_des","PK_3cmt_des","0","504","0.002663","ug/mL","100","mg","2","0"
"8","PK_3cmt_des","PK_3cmt_des","0","672","0.003131","ug/mL","100","mg","2","0"
"8","PK_3cmt_des","PK_3cmt_des","0","840","0.002409","ug/mL","100","mg","2","0"
"8","PK_3cmt_des","PK_3cmt_des","0","1176","0.000601","ug/mL","100","mg","2","0"
"8","PK_3cmt_des","PK_3cmt_des","0","1512","0.004263","ug/mL","100","mg","2","0"
"8","PK_3cmt_des","PK_3cmt_des","0","2016","0.004452","ug/mL","100","mg","2","0"
"8","PK_3cmt_des","PK_3cmt_des","0","2520","0.001513","ug/mL","100","mg","2","0"
"8","PK_3cmt_des","PK_3cmt_des","0","3024","0.001367","ug/mL","100","mg","2","0"
"8","PK_3cmt_des","PK_3cmt_des","0","4032","0.000703","ug/mL","100","mg","2","0"
"8","PK_3cmt_des","PK_3cmt_des","0","5040","0.00023","ug/mL","100","mg","2","0"
"8","PK_3cmt_des","PK_3cmt_des","0","5173","0.000365","ug/mL","100","mg","2","0"
"9","PK_3cmt_des","PK_3cmt_des","1","0",".","ug/mL","100","mg","2","."
"9","PK_3cmt_des","PK_3cmt_des","0","0","0","ug/mL","100","mg","2","0"
"9","PK_3cmt_des","PK_3cmt_des","0","24","0.040662","ug/mL","100","mg","2","0"
"9","PK_3cmt_des","PK_3cmt_des","0","72","0.007541","ug/mL","100","mg","2","0"
"9","PK_3cmt_des","PK_3cmt_des","0","168","0.003242","ug/mL","100","mg","2","0"
"9","PK_3cmt_des","PK_3cmt_des","0","336","0.008346","ug/mL","100","mg","2","0"
"9","PK_3cmt_des","PK_3cmt_des","0","504","0.00214","ug/mL","100","mg","2","0"
"9","PK_3cmt_des","PK_3cmt_des","0","672","0.000136","ug/mL","100","mg","2","0"
"9","PK_3cmt_des","PK_3cmt_des","0","840","0.008729","ug/mL","100","mg","2","0"
"9","PK_3cmt_des","PK_3cmt_des","0","1176","0.003426","ug/mL","100","mg","2","0"
"9","PK_3cmt_des","PK_3cmt_des","0","1512","0.003603","ug/mL","100","mg","2","0"
"9","PK_3cmt_des","PK_3cmt_des","0","2016","0.001401","ug/mL","100","mg","2","0"
"9","PK_3cmt_des","PK_3cmt_des","0","2520","0.002152","ug/mL","100","mg","2","0"
"9","PK_3cmt_des","PK_3cmt_des","0","3024","0.002232","ug/mL","100","mg","2","0"
"9","PK_3cmt_des","PK_3cmt_des","0","4032","0.000283","ug/mL","100","mg","2","0"
"9","PK_3cmt_des","PK_3cmt_des","0","5040","0.000657","ug/mL","100","mg","2","0"
"9","PK_3cmt_des","PK_3cmt_des","0","5173","0","ug/mL","100","mg","2","1"
"10","PK_3cmt_des","PK_3cmt_des","1","0",".","ug/mL","100","mg","2","."
"10","PK_3cmt_des","PK_3cmt_des","0","0","0","ug/mL","100","mg","2","0"
"10","PK_3cmt_des","PK_3cmt_des","0","24","0.026031","ug/mL","100","mg","2","0"
"10","PK_3cmt_des","PK_3cmt_des","0","72","0.019196","ug/mL","100","mg","2","0"
"10","PK_3cmt_des","PK_3cmt_des","0","168","0.025306","ug/mL","100","mg","2","0"
"10","PK_3cmt_des","PK_3cmt_des","0","336","0.009943","ug/mL","100","mg","2","0"
"10","PK_3cmt_des","PK_3cmt_des","0","504","0.005696","ug/mL","100","mg","2","0"
"10","PK_3cmt_des","PK_3cmt_des","0","672","0.003815","ug/mL","100","mg","2","0"
"10","PK_3cmt_des","PK_3cmt_des","0","840","0.002592","ug/mL","100","mg","2","0"
"10","PK_3cmt_des","PK_3cmt_des","0","1176","0.003525","ug/mL","100","mg","2","0"
"10","PK_3cmt_des","PK_3cmt_des","0","1512","0.005405","ug/mL","100","mg","2","0"
"10","PK_3cmt_des","PK_3cmt_des","0","2016","0.00436","ug/mL","100","mg","2","0"
"10","PK_3cmt_des","PK_3cmt_des","0","2520","0.002328","ug/mL","100","mg","2","0"
"10","PK_3cmt_des","PK_3cmt_des","0","3024","0.00309","ug/mL","100","mg","2","0"
"10","PK_3cmt_des","PK_3cmt_des","0","4032","0.000842","ug/mL","100","mg","2","0"
"10","PK_3cmt_des","PK_3cmt_des","0","5040","0.000413","ug/mL","100","mg","2","0"
"10","PK_3cmt_des","PK_3cmt_des","0","5173","0.001087","ug/mL","100","mg","2","0"
"1","PK_double_sim_11","PK_double_sim_11","1","0",".","ug/mL","100","mg","2","."
"1","PK_double_sim_11","PK_double_sim_11","0","0","0","ug/mL","100","mg","2","0"
"1","PK_double_sim_11","PK_double_sim_11","0","0.25","1.447934","ug/mL","100","mg","2","0"
"1","PK_double_sim_11","PK_double_sim_11","0","0.5","2.147929","ug/mL","100","mg","2","0"
"1","PK_double_sim_11","PK_double_sim_11","0","1","2.253697","ug/mL","100","mg","2","0"
"1","PK_double_sim_11","PK_double_sim_11","0","2","0.902855","ug/mL","100","mg","2","0"
"1","PK_double_sim_11","PK_double_sim_11","0","4","0.96027","ug/mL","100","mg","2","0"
"1","PK_double_sim_11","PK_double_sim_11","0","6","0.17955","ug/mL","100","mg","2","0"
"1","PK_double_sim_11","PK_double_sim_11","0","8","2.144205","ug/mL","100","mg","2","0"
"1","PK_double_sim_11","PK_double_sim_11","0","12","0.359146","ug/mL","100","mg","2","0"
"1","PK_double_sim_11","PK_double_sim_11","0","24","0.045131","ug/mL","100","mg","2","0"
"1","PK_double_sim_11","PK_double_sim_11","0","26","0.117783","ug/mL","100","mg","2","0"
"2","PK_double_sim_11","PK_double_sim_11","1","0",".","ug/mL","100","mg","2","."
"2","PK_double_sim_11","PK_double_sim_11","0","0","0","ug/mL","100","mg","2","0"
"2","PK_double_sim_11","PK_double_sim_11","0","0.25","0.156744","ug/mL","100","mg","2","0"
"2","PK_double_sim_11","PK_double_sim_11","0","0.5","1.261297","ug/mL","100","mg","2","0"
"2","PK_double_sim_11","PK_double_sim_11","0","1","2.213588","ug/mL","100","mg","2","0"
"2","PK_double_sim_11","PK_double_sim_11","0","2","0.450022","ug/mL","100","mg","2","0"
"2","PK_double_sim_11","PK_double_sim_11","0","4","1.130757","ug/mL","100","mg","2","0"
"2","PK_double_sim_11","PK_double_sim_11","0","6","1.942462","ug/mL","100","mg","2","0"
"2","PK_double_sim_11","PK_double_sim_11","0","8","0.920684","ug/mL","100","mg","2","0"
"2","PK_double_sim_11","PK_double_sim_11","0","12","0.16129","ug/mL","100","mg","2","0"
"2","PK_double_sim_11","PK_double_sim_11","0","24","0.289044","ug/mL","100","mg","2","0"
"2","PK_double_sim_11","PK_double_sim_11","0","26","0.104519","ug/mL","100","mg","2","0"
"3","PK_double_sim_11","PK_double_sim_11","1","0",".","ug/mL","100","mg","2","."
"3","PK_double_sim_11","PK_double_sim_11","0","0","0","ug/mL","100","mg","2","0"
"3","PK_double_sim_11","PK_double_sim_11","0","0.25","0.722886","ug/mL","100","mg","2","0"
"3","PK_double_sim_11","PK_double_sim_11","0","0.5","1.040728","ug/mL","100","mg","2","0"
"3","PK_double_sim_11","PK_double_sim_11","0","1","4.222471","ug/mL","100","mg","2","0"
"3","PK_double_sim_11","PK_double_sim_11","0","2","2.442939","ug/mL","100","mg","2","0"
"3","PK_double_sim_11","PK_double_sim_11","0","4","3.080591","ug/mL","100","mg","2","0"
"3","PK_double_sim_11","PK_double_sim_11","0","6","1.85174","ug/mL","100","mg","2","0"
"3","PK_double_sim_11","PK_double_sim_11","0","8","2.282416","ug/mL","100","mg","2","0"
"3","PK_double_sim_11","PK_double_sim_11","0","12","1.03268","ug/mL","100","mg","2","0"
"3","PK_double_sim_11","PK_double_sim_11","0","24","0.163729","ug/mL","100","mg","2","0"
"3","PK_double_sim_11","PK_double_sim_11","0","26","0","ug/mL","100","mg","2","1"
"4","PK_double_sim_11","PK_double_sim_11","1","0",".","ug/mL","100","mg","2","."
"4","PK_double_sim_11","PK_double_sim_11","0","0","0","ug/mL","100","mg","2","0"
"4","PK_double_sim_11","PK_double_sim_11","0","0.25","1.346114","ug/mL","100","mg","2","0"
"4","PK_double_sim_11","PK_double_sim_11","0","0.5","2.766938","ug/mL","100","mg","2","0"
"4","PK_double_sim_11","PK_double_sim_11","0","1","4.879914","ug/mL","100","mg","2","0"
"4","PK_double_sim_11","PK_double_sim_11","0","2","2.424455","ug/mL","100","mg","2","0"
"4","PK_double_sim_11","PK_double_sim_11","0","4","1.016564","ug/mL","100","mg","2","0"
"4","PK_double_sim_11","PK_double_sim_11","0","6","1.316984","ug/mL","100","mg","2","0"
"4","PK_double_sim_11","PK_double_sim_11","0","8","0.731096","ug/mL","100","mg","2","0"
"4","PK_double_sim_11","PK_double_sim_11","0","12","1.060107","ug/mL","100","mg","2","0"
"4","PK_double_sim_11","PK_double_sim_11","0","24","0.097601","ug/mL","100","mg","2","0"
"4","PK_double_sim_11","PK_double_sim_11","0","26","0.177804","ug/mL","100","mg","2","0"
"5","PK_double_sim_11","PK_double_sim_11","1","0",".","ug/mL","100","mg","2","."
"5","PK_double_sim_11","PK_double_sim_11","0","0","0","ug/mL","100","mg","2","0"
"5","PK_double_sim_11","PK_double_sim_11","0","0.25","1.432866","ug/mL","100","mg","2","0"
"5","PK_double_sim_11","PK_double_sim_11","0","0.5","1.077012","ug/mL","100","mg","2","0"
"5","PK_double_sim_11","PK_double_sim_11","0","1","1.074722","ug/mL","100","mg","2","0"
"5","PK_double_sim_11","PK_double_sim_11","0","2","0","ug/mL","100","mg","2","1"
"5","PK_double_sim_11","PK_double_sim_11","0","4","3.195625","ug/mL","100","mg","2","0"
"5","PK_double_sim_11","PK_double_sim_11","0","6","1.196085","ug/mL","100","mg","2","0"
"5","PK_double_sim_11","PK_double_sim_11","0","8","1.604433","ug/mL","100","mg","2","0"
"5","PK_double_sim_11","PK_double_sim_11","0","12","0.398781","ug/mL","100","mg","2","0"
"5","PK_double_sim_11","PK_double_sim_11","0","24","0.206329","ug/mL","100","mg","2","0"
"5","PK_double_sim_11","PK_double_sim_11","0","26","0.17938","ug/mL","100","mg","2","0"
"6","PK_double_sim_11","PK_double_sim_11","1","0",".","ug/mL","100","mg","2","."
"6","PK_double_sim_11","PK_double_sim_11","0","0","0","ug/mL","100","mg","2","0"
"6","PK_double_sim_11","PK_double_sim_11","0","0.25","1.359055","ug/mL","100","mg","2","0"
"6","PK_double_sim_11","PK_double_sim_11","0","0.5","1.961315","ug/mL","100","mg","2","0"
"6","PK_double_sim_11","PK_double_sim_11","0","1","0.226233","ug/mL","100","mg","2","0"
"6","PK_double_sim_11","PK_double_sim_11","0","2","1.756443","ug/mL","100","mg","2","0"
"6","PK_double_sim_11","PK_double_sim_11","0","4","1.378921","ug/mL","100","mg","2","0"
"6","PK_double_sim_11","PK_double_sim_11","0","6","2.174579","ug/mL","100","mg","2","0"
"6","PK_double_sim_11","PK_double_sim_11","0","8","1.022596","ug/mL","100","mg","2","0"
"6","PK_double_sim_11","PK_double_sim_11","0","12","1.161258","ug/mL","100","mg","2","0"
"6","PK_double_sim_11","PK_double_sim_11","0","24","0.069019","ug/mL","100","mg","2","0"
"6","PK_double_sim_11","PK_double_sim_11","0","26","0.203579","ug/mL","100","mg","2","0"
"7","PK_double_sim_11","PK_double_sim_11","1","0",".","ug/mL","100","mg","2","."
"7","PK_double_sim_11","PK_double_sim_11","0","0","0","ug/mL","100","mg","2","0"
"7","PK_double_sim_11","PK_double_sim_11","0","0.25","0.922823","ug/mL","100","mg","2","0"
"7","PK_double_sim_11","PK_double_sim_11","0","0.5","3.362432","ug/mL","100","mg","2","0"
"7","PK_double_sim_11","PK_double_sim_11","0","1","1.164034","ug/mL","100","mg","2","0"
"7","PK_double_sim_11","PK_double_sim_11","0","2","2.633978","ug/mL","100","mg","2","0"
"7","PK_double_sim_11","PK_double_sim_11","0","4","1.993696","ug/mL","100","mg","2","0"
"7","PK_double_sim_11","PK_double_sim_11","0","6","1.546013","ug/mL","100","mg","2","0"
"7","PK_double_sim_11","PK_double_sim_11","0","8","2.216598","ug/mL","100","mg","2","0"
"7","PK_double_sim_11","PK_double_sim_11","0","12","0.913866","ug/mL","100","mg","2","0"
"7","PK_double_sim_11","PK_double_sim_11","0","24","0.211682","ug/mL","100","mg","2","0"
"7","PK_double_sim_11","PK_double_sim_11","0","26","0.081017","ug/mL","100","mg","2","0"
"8","PK_double_sim_11","PK_double_sim_11","1","0",".","ug/mL","100","mg","2","."
"8","PK_double_sim_11","PK_double_sim_11","0","0","0","ug/mL","100","mg","2","0"
"8","PK_double_sim_11","PK_double_sim_11","0","0.25","0.990672","ug/mL","100","mg","2","0"
"8","PK_double_sim_11","PK_double_sim_11","0","0.5","2.041186","ug/mL","100","mg","2","0"
"8","PK_double_sim_11","PK_double_sim_11","0","1","1.777537","ug/mL","100","mg","2","0"
"8","PK_double_sim_11","PK_double_sim_11","0","2","2.770672","ug/mL","100","mg","2","0"
"8","PK_double_sim_11","PK_double_sim_11","0","4","1.774056","ug/mL","100","mg","2","0"
"8","PK_double_sim_11","PK_double_sim_11","0","6","2.018804","ug/mL","100","mg","2","0"
"8","PK_double_sim_11","PK_double_sim_11","0","8","2.217698","ug/mL","100","mg","2","0"
"8","PK_double_sim_11","PK_double_sim_11","0","12","0.947892","ug/mL","100","mg","2","0"
"8","PK_double_sim_11","PK_double_sim_11","0","24","0.088199","ug/mL","100","mg","2","0"
"8","PK_double_sim_11","PK_double_sim_11","0","26","0.132598","ug/mL","100","mg","2","0"
"9","PK_double_sim_11","PK_double_sim_11","1","0",".","ug/mL","100","mg","2","."
"9","PK_double_sim_11","PK_double_sim_11","0","0","0","ug/mL","100","mg","2","0"
"9","PK_double_sim_11","PK_double_sim_11","0","0.25","1.973241","ug/mL","100","mg","2","0"
"9","PK_double_sim_11","PK_double_sim_11","0","0.5","1.083311","ug/mL","100","mg","2","0"
"9","PK_double_sim_11","PK_double_sim_11","0","1","1.358677","ug/mL","100","mg","2","0"
"9","PK_double_sim_11","PK_double_sim_11","0","2","4.396749","ug/mL","100","mg","2","0"
"9","PK_double_sim_11","PK_double_sim_11","0","4","0.891499","ug/mL","100","mg","2","0"
"9","PK_double_sim_11","PK_double_sim_11","0","6","1.371851","ug/mL","100","mg","2","0"
"9","PK_double_sim_11","PK_double_sim_11","0","8","0.094475","ug/mL","100","mg","2","0"
"9","PK_double_sim_11","PK_double_sim_11","0","12","0.517325","ug/mL","100","mg","2","0"
"9","PK_double_sim_11","PK_double_sim_11","0","24","0.265544","ug/mL","100","mg","2","0"
"9","PK_double_sim_11","PK_double_sim_11","0","26","0.119476","ug/mL","100","mg","2","0"
"10","PK_double_sim_11","PK_double_sim_11","1","0",".","ug/mL","100","mg","2","."
"10","PK_double_sim_11","PK_double_sim_11","0","0","0","ug/mL","100","mg","2","0"
"10","PK_double_sim_11","PK_double_sim_11","0","0.25","1.015257","ug/mL","100","mg","2","0"
"10","PK_double_sim_11","PK_double_sim_11","0","0.5","0.027619","ug/mL","100","mg","2","0"
"10","PK_double_sim_11","PK_double_sim_11","0","1","3.003785","ug/mL","100","mg","2","0"
"10","PK_double_sim_11","PK_double_sim_11","0","2","0.601036","ug/mL","100","mg","2","0"
"10","PK_double_sim_11","PK_double_sim_11","0","4","2.212793","ug/mL","100","mg","2","0"
"10","PK_double_sim_11","PK_double_sim_11","0","6","1.92148","ug/mL","100","mg","2","0"
"10","PK_double_sim_11","PK_double_sim_11","0","8","1.823142","ug/mL","100","mg","2","0"
"10","PK_double_sim_11","PK_double_sim_11","0","12","0.814404","ug/mL","100","mg","2","0"
"10","PK_double_sim_11","PK_double_sim_11","0","24","0.215223","ug/mL","100","mg","2","0"
"10","PK_double_sim_11","PK_double_sim_11","0","26","0.059272","ug/mL","100","mg","2","0"
"1","Ide_2009_pravastatin","pravastatin","1","0",".","ng/mL","10","mg","2","."
"1","Ide_2009_pravastatin","pravastatin","0","0","0","ng/mL","10","mg","2","0"
"1","Ide_2009_pravastatin","pravastatin","0","0.25","0.107814","ng/mL","10","mg","2","0"
"1","Ide_2009_pravastatin","pravastatin","0","0.5","1.446397","ng/mL","10","mg","2","0"
"1","Ide_2009_pravastatin","pravastatin","0","1","7.425603","ng/mL","10","mg","2","0"
"1","Ide_2009_pravastatin","pravastatin","0","2","11.14223","ng/mL","10","mg","2","0"
"1","Ide_2009_pravastatin","pravastatin","0","4","3.192032","ng/mL","10","mg","2","0"
"1","Ide_2009_pravastatin","pravastatin","0","6","4.101262","ng/mL","10","mg","2","0"
"1","Ide_2009_pravastatin","pravastatin","0","8","3.115413","ng/mL","10","mg","2","0"
"1","Ide_2009_pravastatin","pravastatin","0","12","1.644617","ng/mL","10","mg","2","0"
"1","Ide_2009_pravastatin","pravastatin","0","14","1.640146","ng/mL","10","mg","2","0"
"2","Ide_2009_pravastatin","pravastatin","1","0",".","ng/mL","10","mg","2","."
"2","Ide_2009_pravastatin","pravastatin","0","0","0","ng/mL","10","mg","2","0"
"2","Ide_2009_pravastatin","pravastatin","0","0.25","0.572906","ng/mL","10","mg","2","0"
"2","Ide_2009_pravastatin","pravastatin","0","0.5","4.428531","ng/mL","10","mg","2","0"
"2","Ide_2009_pravastatin","pravastatin","0","1","21.739481","ng/mL","10","mg","2","0"
"2","Ide_2009_pravastatin","pravastatin","0","2","6.353044","ng/mL","10","mg","2","0"
"2","Ide_2009_pravastatin","pravastatin","0","4","2.406831","ng/mL","10","mg","2","0"
"2","Ide_2009_pravastatin","pravastatin","0","6","2.173364","ng/mL","10","mg","2","0"
"2","Ide_2009_pravastatin","pravastatin","0","8","2.499013","ng/mL","10","mg","2","0"
"2","Ide_2009_pravastatin","pravastatin","0","12","1.128558","ng/mL","10","mg","2","0"
"2","Ide_2009_pravastatin","pravastatin","0","14","0.541258","ng/mL","10","mg","2","0"
"3","Ide_2009_pravastatin","pravastatin","1","0",".","ng/mL","10","mg","2","."
"3","Ide_2009_pravastatin","pravastatin","0","0","0","ng/mL","10","mg","2","0"
"3","Ide_2009_pravastatin","pravastatin","0","0.25","0","ng/mL","10","mg","2","1"
"3","Ide_2009_pravastatin","pravastatin","0","0.5","1.060339","ng/mL","10","mg","2","0"
"3","Ide_2009_pravastatin","pravastatin","0","1","10.708875","ng/mL","10","mg","2","0"
"3","Ide_2009_pravastatin","pravastatin","0","2","8.73979","ng/mL","10","mg","2","0"
"3","Ide_2009_pravastatin","pravastatin","0","4","0.956843","ng/mL","10","mg","2","0"
"3","Ide_2009_pravastatin","pravastatin","0","6","0.535392","ng/mL","10","mg","2","0"
"3","Ide_2009_pravastatin","pravastatin","0","8","0.415481","ng/mL","10","mg","2","0"
"3","Ide_2009_pravastatin","pravastatin","0","12","0.158928","ng/mL","10","mg","2","0"
"3","Ide_2009_pravastatin","pravastatin","0","14","0.162132","ng/mL","10","mg","2","0"
"4","Ide_2009_pravastatin","pravastatin","1","0",".","ng/mL","10","mg","2","."
"4","Ide_2009_pravastatin","pravastatin","0","0","0","ng/mL","10","mg","2","0"
"4","Ide_2009_pravastatin","pravastatin","0","0.25","0.450581","ng/mL","10","mg","2","0"
"4","Ide_2009_pravastatin","pravastatin","0","0.5","5.807559","ng/mL","10","mg","2","0"
"4","Ide_2009_pravastatin","pravastatin","0","1","12.485726","ng/mL","10","mg","2","0"
"4","Ide_2009_pravastatin","pravastatin","0","2","8.002301","ng/mL","10","mg","2","0"
"4","Ide_2009_pravastatin","pravastatin","0","4","3.500721","ng/mL","10","mg","2","0"
"4","Ide_2009_pravastatin","pravastatin","0","6","3.298812","ng/mL","10","mg","2","0"
"4","Ide_2009_pravastatin","pravastatin","0","8","1.15211","ng/mL","10","mg","2","0"
"4","Ide_2009_pravastatin","pravastatin","0","12","0.833285","ng/mL","10","mg","2","0"
"4","Ide_2009_pravastatin","pravastatin","0","14","0.503249","ng/mL","10","mg","2","0"
"5","Ide_2009_pravastatin","pravastatin","1","0",".","ng/mL","10","mg","2","."
"5","Ide_2009_pravastatin","pravastatin","0","0","0","ng/mL","10","mg","2","0"
"5","Ide_2009_pravastatin","pravastatin","0","0.25","0.89494","ng/mL","10","mg","2","0"
"5","Ide_2009_pravastatin","pravastatin","0","0.5","9.056193","ng/mL","10","mg","2","0"
"5","Ide_2009_pravastatin","pravastatin","0","1","8.845928","ng/mL","10","mg","2","0"
"5","Ide_2009_pravastatin","pravastatin","0","2","6.728209","ng/mL","10","mg","2","0"
"5","Ide_2009_pravastatin","pravastatin","0","4","1.623294","ng/mL","10","mg","2","0"
"5","Ide_2009_pravastatin","pravastatin","0","6","1.779871","ng/mL","10","mg","2","0"
"5","Ide_2009_pravastatin","pravastatin","0","8","0.997811","ng/mL","10","mg","2","0"
"5","Ide_2009_pravastatin","pravastatin","0","12","0.600319","ng/mL","10","mg","2","0"
"5","Ide_2009_pravastatin","pravastatin","0","14","0.497745","ng/mL","10","mg","2","0"
"6","Ide_2009_pravastatin","pravastatin","1","0",".","ng/mL","10","mg","2","."
"6","Ide_2009_pravastatin","pravastatin","0","0","0","ng/mL","10","mg","2","0"
"6","Ide_2009_pravastatin","pravastatin","0","0.25","0.569282","ng/mL","10","mg","2","0"
"6","Ide_2009_pravastatin","pravastatin","0","0.5","6.497815","ng/mL","10","mg","2","0"
"6","Ide_2009_pravastatin","pravastatin","0","1","17.437367","ng/mL","10","mg","2","0"
"6","Ide_2009_pravastatin","pravastatin","0","2","7.53196","ng/mL","10","mg","2","0"
"6","Ide_2009_pravastatin","pravastatin","0","4","4.08791","ng/mL","10","mg","2","0"
"6","Ide_2009_pravastatin","pravastatin","0","6","3.112392","ng/mL","10","mg","2","0"
"6","Ide_2009_pravastatin","pravastatin","0","8","1.54054","ng/mL","10","mg","2","0"
"6","Ide_2009_pravastatin","pravastatin","0","12","0.990095","ng/mL","10","mg","2","0"
"6","Ide_2009_pravastatin","pravastatin","0","14","0.888311","ng/mL","10","mg","2","0"
"7","Ide_2009_pravastatin","pravastatin","1","0",".","ng/mL","10","mg","2","."
"7","Ide_2009_pravastatin","pravastatin","0","0","0","ng/mL","10","mg","2","0"
"7","Ide_2009_pravastatin","pravastatin","0","0.25","0","ng/mL","10","mg","2","1"
"7","Ide_2009_pravastatin","pravastatin","0","0.5","1.641343","ng/mL","10","mg","2","0"
"7","Ide_2009_pravastatin","pravastatin","0","1","10.560921","ng/mL","10","mg","2","0"
"7","Ide_2009_pravastatin","pravastatin","0","2","8.682759","ng/mL","10","mg","2","0"
"7","Ide_2009_pravastatin","pravastatin","0","4","3.793421","ng/mL","10","mg","2","0"
"7","Ide_2009_pravastatin","pravastatin","0","6","2.90277","ng/mL","10","mg","2","0"
"7","Ide_2009_pravastatin","pravastatin","0","8","0.905192","ng/mL","10","mg","2","0"
"7","Ide_2009_pravastatin","pravastatin","0","12","0.951301","ng/mL","10","mg","2","0"
"7","Ide_2009_pravastatin","pravastatin","0","14","0.146153","ng/mL","10","mg","2","0"
"8","Ide_2009_pravastatin","pravastatin","1","0",".","ng/mL","10","mg","2","."
"8","Ide_2009_pravastatin","pravastatin","0","0","0","ng/mL","10","mg","2","0"
"8","Ide_2009_pravastatin","pravastatin","0","0.25","0.8281","ng/mL","10","mg","2","0"
"8","Ide_2009_pravastatin","pravastatin","0","0.5","9.837662","ng/mL","10","mg","2","0"
"8","Ide_2009_pravastatin","pravastatin","0","1","20.256972","ng/mL","10","mg","2","0"
"8","Ide_2009_pravastatin","pravastatin","0","2","13.128755","ng/mL","10","mg","2","0"
"8","Ide_2009_pravastatin","pravastatin","0","4","3.262707","ng/mL","10","mg","2","0"
"8","Ide_2009_pravastatin","pravastatin","0","6","3.256418","ng/mL","10","mg","2","0"
"8","Ide_2009_pravastatin","pravastatin","0","8","2.172811","ng/mL","10","mg","2","0"
"8","Ide_2009_pravastatin","pravastatin","0","12","0.420122","ng/mL","10","mg","2","0"
"8","Ide_2009_pravastatin","pravastatin","0","14","0.501948","ng/mL","10","mg","2","0"
"9","Ide_2009_pravastatin","pravastatin","1","0",".","ng/mL","10","mg","2","."
"9","Ide_2009_pravastatin","pravastatin","0","0","0","ng/mL","10","mg","2","0"
"9","Ide_2009_pravastatin","pravastatin","0","0.25","1.588528","ng/mL","10","mg","2","0"
"9","Ide_2009_pravastatin","pravastatin","0","0.5","13.597141","ng/mL","10","mg","2","0"
"9","Ide_2009_pravastatin","pravastatin","0","1","20.915556","ng/mL","10","mg","2","0"
"9","Ide_2009_pravastatin","pravastatin","0","2","8.143256","ng/mL","10","mg","2","0"
"9","Ide_2009_pravastatin","pravastatin","0","4","3.04324","ng/mL","10","mg","2","0"
"9","Ide_2009_pravastatin","pravastatin","0","6","1.826386","ng/mL","10","mg","2","0"
"9","Ide_2009_pravastatin","pravastatin","0","8","1.107337","ng/mL","10","mg","2","0"
"9","Ide_2009_pravastatin","pravastatin","0","12","0.51035","ng/mL","10","mg","2","0"
"9","Ide_2009_pravastatin","pravastatin","0","14","0.121531","ng/mL","10","mg","2","0"
"10","Ide_2009_pravastatin","pravastatin","1","0",".","ng/mL","10","mg","2","."
"10","Ide_2009_pravastatin","pravastatin","0","0","0","ng/mL","10","mg","2","0"
"10","Ide_2009_pravastatin","pravastatin","0","0.25","0.985753","ng/mL","10","mg","2","0"
"10","Ide_2009_pravastatin","pravastatin","0","0.5","7.43608","ng/mL","10","mg","2","0"
"10","Ide_2009_pravastatin","pravastatin","0","1","22.400233","ng/mL","10","mg","2","0"
"10","Ide_2009_pravastatin","pravastatin","0","2","7.436433","ng/mL","10","mg","2","0"
"10","Ide_2009_pravastatin","pravastatin","0","4","0.817866","ng/mL","10","mg","2","0"
"10","Ide_2009_pravastatin","pravastatin","0","6","0.830629","ng/mL","10","mg","2","0"
"10","Ide_2009_pravastatin","pravastatin","0","8","0.380081","ng/mL","10","mg","2","0"
"10","Ide_2009_pravastatin","pravastatin","0","12","0.269544","ng/mL","10","mg","2","0"
"10","Ide_2009_pravastatin","pravastatin","0","14","0.220382","ng/mL","10","mg","2","0"
"1","Diao_2014_rFIXFc","rFIXFc","1","0",".","IU/dL","100","mg","1","."
"1","Diao_2014_rFIXFc","rFIXFc","0","0","1.323961","IU/dL","100","mg","1","0"
"1","Diao_2014_rFIXFc","rFIXFc","0","1","1.123359","IU/dL","100","mg","1","0"
"1","Diao_2014_rFIXFc","rFIXFc","0","2","0.833108","IU/dL","100","mg","1","0"
"1","Diao_2014_rFIXFc","rFIXFc","0","4","0.873844","IU/dL","100","mg","1","0"
"1","Diao_2014_rFIXFc","rFIXFc","0","8","0.782085","IU/dL","100","mg","1","0"
"1","Diao_2014_rFIXFc","rFIXFc","0","24","0.204188","IU/dL","100","mg","1","0"
"1","Diao_2014_rFIXFc","rFIXFc","0","48","0.128844","IU/dL","100","mg","1","0"
"1","Diao_2014_rFIXFc","rFIXFc","0","72","0.111669","IU/dL","100","mg","1","0"
"1","Diao_2014_rFIXFc","rFIXFc","0","96","0.420006","IU/dL","100","mg","1","0"
"1","Diao_2014_rFIXFc","rFIXFc","0","120","0.208197","IU/dL","100","mg","1","0"
"1","Diao_2014_rFIXFc","rFIXFc","0","168","0.169595","IU/dL","100","mg","1","0"
"1","Diao_2014_rFIXFc","rFIXFc","0","336","0","IU/dL","100","mg","1","1"
"1","Diao_2014_rFIXFc","rFIXFc","0","361","0","IU/dL","100","mg","1","1"
"2","Diao_2014_rFIXFc","rFIXFc","1","0",".","IU/dL","100","mg","1","."
"2","Diao_2014_rFIXFc","rFIXFc","0","0","0.994758","IU/dL","100","mg","1","0"
"2","Diao_2014_rFIXFc","rFIXFc","0","1","0.644812","IU/dL","100","mg","1","0"
"2","Diao_2014_rFIXFc","rFIXFc","0","2","0.683101","IU/dL","100","mg","1","0"
"2","Diao_2014_rFIXFc","rFIXFc","0","4","0.980576","IU/dL","100","mg","1","0"
"2","Diao_2014_rFIXFc","rFIXFc","0","8","0.705332","IU/dL","100","mg","1","0"
"2","Diao_2014_rFIXFc","rFIXFc","0","24","0","IU/dL","100","mg","1","1"
"2","Diao_2014_rFIXFc","rFIXFc","0","48","0","IU/dL","100","mg","1","1"
"2","Diao_2014_rFIXFc","rFIXFc","0","72","0.233146","IU/dL","100","mg","1","0"
"2","Diao_2014_rFIXFc","rFIXFc","0","96","0.328543","IU/dL","100","mg","1","0"
"2","Diao_2014_rFIXFc","rFIXFc","0","120","0.318302","IU/dL","100","mg","1","0"
"2","Diao_2014_rFIXFc","rFIXFc","0","168","0","IU/dL","100","mg","1","1"
"2","Diao_2014_rFIXFc","rFIXFc","0","336","0.184215","IU/dL","100","mg","1","0"
"2","Diao_2014_rFIXFc","rFIXFc","0","361","0.297639","IU/dL","100","mg","1","0"
"3","Diao_2014_rFIXFc","rFIXFc","1","0",".","IU/dL","100","mg","1","."
"3","Diao_2014_rFIXFc","rFIXFc","0","0","2.132801","IU/dL","100","mg","1","0"
"3","Diao_2014_rFIXFc","rFIXFc","0","1","1.158758","IU/dL","100","mg","1","0"
"3","Diao_2014_rFIXFc","rFIXFc","0","2","1.103278","IU/dL","100","mg","1","0"
"3","Diao_2014_rFIXFc","rFIXFc","0","4","0.844802","IU/dL","100","mg","1","0"
"3","Diao_2014_rFIXFc","rFIXFc","0","8","0.56839","IU/dL","100","mg","1","0"
"3","Diao_2014_rFIXFc","rFIXFc","0","24","0.511389","IU/dL","100","mg","1","0"
"3","Diao_2014_rFIXFc","rFIXFc","0","48","0.393243","IU/dL","100","mg","1","0"
"3","Diao_2014_rFIXFc","rFIXFc","0","72","0.001715","IU/dL","100","mg","1","0"
"3","Diao_2014_rFIXFc","rFIXFc","0","96","0.369148","IU/dL","100","mg","1","0"
"3","Diao_2014_rFIXFc","rFIXFc","0","120","0.165407","IU/dL","100","mg","1","0"
"3","Diao_2014_rFIXFc","rFIXFc","0","168","0","IU/dL","100","mg","1","1"
"3","Diao_2014_rFIXFc","rFIXFc","0","336","0.133296","IU/dL","100","mg","1","0"
"3","Diao_2014_rFIXFc","rFIXFc","0","361","0.322598","IU/dL","100","mg","1","0"
"4","Diao_2014_rFIXFc","rFIXFc","1","0",".","IU/dL","100","mg","1","."
"4","Diao_2014_rFIXFc","rFIXFc","0","0","0.72177","IU/dL","100","mg","1","0"
"4","Diao_2014_rFIXFc","rFIXFc","0","1","1.190752","IU/dL","100","mg","1","0"
"4","Diao_2014_rFIXFc","rFIXFc","0","2","0.508258","IU/dL","100","mg","1","0"
"4","Diao_2014_rFIXFc","rFIXFc","0","4","0.596037","IU/dL","100","mg","1","0"
"4","Diao_2014_rFIXFc","rFIXFc","0","8","0.651734","IU/dL","100","mg","1","0"
"4","Diao_2014_rFIXFc","rFIXFc","0","24","0.80077","IU/dL","100","mg","1","0"
"4","Diao_2014_rFIXFc","rFIXFc","0","48","0.121435","IU/dL","100","mg","1","0"
"4","Diao_2014_rFIXFc","rFIXFc","0","72","0.749318","IU/dL","100","mg","1","0"
"4","Diao_2014_rFIXFc","rFIXFc","0","96","0.484095","IU/dL","100","mg","1","0"
"4","Diao_2014_rFIXFc","rFIXFc","0","120","0.419618","IU/dL","100","mg","1","0"
"4","Diao_2014_rFIXFc","rFIXFc","0","168","0","IU/dL","100","mg","1","1"
"4","Diao_2014_rFIXFc","rFIXFc","0","336","0","IU/dL","100","mg","1","1"
"4","Diao_2014_rFIXFc","rFIXFc","0","361","0.168185","IU/dL","100","mg","1","0"
"5","Diao_2014_rFIXFc","rFIXFc","1","0",".","IU/dL","100","mg","1","."
"5","Diao_2014_rFIXFc","rFIXFc","0","0","1.164503","IU/dL","100","mg","1","0"
"5","Diao_2014_rFIXFc","rFIXFc","0","1","1.107761","IU/dL","100","mg","1","0"
"5","Diao_2014_rFIXFc","rFIXFc","0","2","1.163275","IU/dL","100","mg","1","0"
"5","Diao_2014_rFIXFc","rFIXFc","0","4","1.096291","IU/dL","100","mg","1","0"
"5","Diao_2014_rFIXFc","rFIXFc","0","8","0.423098","IU/dL","100","mg","1","0"
"5","Diao_2014_rFIXFc","rFIXFc","0","24","0.109578","IU/dL","100","mg","1","0"
"5","Diao_2014_rFIXFc","rFIXFc","0","48","0.287896","IU/dL","100","mg","1","0"
"5","Diao_2014_rFIXFc","rFIXFc","0","72","0.006952","IU/dL","100","mg","1","0"
"5","Diao_2014_rFIXFc","rFIXFc","0","96","0","IU/dL","100","mg","1","1"
"5","Diao_2014_rFIXFc","rFIXFc","0","120","0.472377","IU/dL","100","mg","1","0"
"5","Diao_2014_rFIXFc","rFIXFc","0","168","0","IU/dL","100","mg","1","1"
"5","Diao_2014_rFIXFc","rFIXFc","0","336","0.402696","IU/dL","100","mg","1","0"
"5","Diao_2014_rFIXFc","rFIXFc","0","361","0.167884","IU/dL","100","mg","1","0"
"6","Diao_2014_rFIXFc","rFIXFc","1","0",".","IU/dL","100","mg","1","."
"6","Diao_2014_rFIXFc","rFIXFc","0","0","0.780574","IU/dL","100","mg","1","0"
"6","Diao_2014_rFIXFc","rFIXFc","0","1","0.794251","IU/dL","100","mg","1","0"
"6","Diao_2014_rFIXFc","rFIXFc","0","2","0.960877","IU/dL","100","mg","1","0"
"6","Diao_2014_rFIXFc","rFIXFc","0","4","0.638096","IU/dL","100","mg","1","0"
"6","Diao_2014_rFIXFc","rFIXFc","0","8","0.531714","IU/dL","100","mg","1","0"
"6","Diao_2014_rFIXFc","rFIXFc","0","24","0","IU/dL","100","mg","1","1"
"6","Diao_2014_rFIXFc","rFIXFc","0","48","0","IU/dL","100","mg","1","1"
"6","Diao_2014_rFIXFc","rFIXFc","0","72","0.454998","IU/dL","100","mg","1","0"
"6","Diao_2014_rFIXFc","rFIXFc","0","96","0.17333","IU/dL","100","mg","1","0"
"6","Diao_2014_rFIXFc","rFIXFc","0","120","0.19851","IU/dL","100","mg","1","0"
"6","Diao_2014_rFIXFc","rFIXFc","0","168","0.028299","IU/dL","100","mg","1","0"
"6","Diao_2014_rFIXFc","rFIXFc","0","336","0","IU/dL","100","mg","1","1"
"6","Diao_2014_rFIXFc","rFIXFc","0","361","0.296048","IU/dL","100","mg","1","0"
"7","Diao_2014_rFIXFc","rFIXFc","1","0",".","IU/dL","100","mg","1","."
"7","Diao_2014_rFIXFc","rFIXFc","0","0","0.921721","IU/dL","100","mg","1","0"
"7","Diao_2014_rFIXFc","rFIXFc","0","1","0.700408","IU/dL","100","mg","1","0"
"7","Diao_2014_rFIXFc","rFIXFc","0","2","0.752876","IU/dL","100","mg","1","0"
"7","Diao_2014_rFIXFc","rFIXFc","0","4","0.267942","IU/dL","100","mg","1","0"
"7","Diao_2014_rFIXFc","rFIXFc","0","8","0.874554","IU/dL","100","mg","1","0"
"7","Diao_2014_rFIXFc","rFIXFc","0","24","0.10591","IU/dL","100","mg","1","0"
"7","Diao_2014_rFIXFc","rFIXFc","0","48","0.325289","IU/dL","100","mg","1","0"
"7","Diao_2014_rFIXFc","rFIXFc","0","72","0","IU/dL","100","mg","1","1"
"7","Diao_2014_rFIXFc","rFIXFc","0","96","0","IU/dL","100","mg","1","1"
"7","Diao_2014_rFIXFc","rFIXFc","0","120","0","IU/dL","100","mg","1","1"
"7","Diao_2014_rFIXFc","rFIXFc","0","168","0","IU/dL","100","mg","1","1"
"7","Diao_2014_rFIXFc","rFIXFc","0","336","0","IU/dL","100","mg","1","1"
"7","Diao_2014_rFIXFc","rFIXFc","0","361","0.351586","IU/dL","100","mg","1","0"
"8","Diao_2014_rFIXFc","rFIXFc","1","0",".","IU/dL","100","mg","1","."
"8","Diao_2014_rFIXFc","rFIXFc","0","0","1.707554","IU/dL","100","mg","1","0"
"8","Diao_2014_rFIXFc","rFIXFc","0","1","0.799844","IU/dL","100","mg","1","0"
"8","Diao_2014_rFIXFc","rFIXFc","0","2","0.296593","IU/dL","100","mg","1","0"
"8","Diao_2014_rFIXFc","rFIXFc","0","4","0.731201","IU/dL","100","mg","1","0"
"8","Diao_2014_rFIXFc","rFIXFc","0","8","0.578008","IU/dL","100","mg","1","0"
"8","Diao_2014_rFIXFc","rFIXFc","0","24","0.805396","IU/dL","100","mg","1","0"
"8","Diao_2014_rFIXFc","rFIXFc","0","48","0.213622","IU/dL","100","mg","1","0"
"8","Diao_2014_rFIXFc","rFIXFc","0","72","0.460507","IU/dL","100","mg","1","0"
"8","Diao_2014_rFIXFc","rFIXFc","0","96","0.273609","IU/dL","100","mg","1","0"
"8","Diao_2014_rFIXFc","rFIXFc","0","120","0.223466","IU/dL","100","mg","1","0"
"8","Diao_2014_rFIXFc","rFIXFc","0","168","0.308754","IU/dL","100","mg","1","0"
"8","Diao_2014_rFIXFc","rFIXFc","0","336","0.261597","IU/dL","100","mg","1","0"
"8","Diao_2014_rFIXFc","rFIXFc","0","361","0.131211","IU/dL","100","mg","1","0"
"9","Diao_2014_rFIXFc","rFIXFc","1","0",".","IU/dL","100","mg","1","."
"9","Diao_2014_rFIXFc","rFIXFc","0","0","1.984589","IU/dL","100","mg","1","0"
"9","Diao_2014_rFIXFc","rFIXFc","0","1","0.737161","IU/dL","100","mg","1","0"
"9","Diao_2014_rFIXFc","rFIXFc","0","2","1.320805","IU/dL","100","mg","1","0"
"9","Diao_2014_rFIXFc","rFIXFc","0","4","1.008258","IU/dL","100","mg","1","0"
"9","Diao_2014_rFIXFc","rFIXFc","0","8","0.563576","IU/dL","100","mg","1","0"
"9","Diao_2014_rFIXFc","rFIXFc","0","24","0.220484","IU/dL","100","mg","1","0"
"9","Diao_2014_rFIXFc","rFIXFc","0","48","0","IU/dL","100","mg","1","1"
"9","Diao_2014_rFIXFc","rFIXFc","0","72","0.213903","IU/dL","100","mg","1","0"
"9","Diao_2014_rFIXFc","rFIXFc","0","96","0","IU/dL","100","mg","1","1"
"9","Diao_2014_rFIXFc","rFIXFc","0","120","0.129342","IU/dL","100","mg","1","0"
"9","Diao_2014_rFIXFc","rFIXFc","0","168","0.522418","IU/dL","100","mg","1","0"
"9","Diao_2014_rFIXFc","rFIXFc","0","336","0.182607","IU/dL","100","mg","1","0"
"9","Diao_2014_rFIXFc","rFIXFc","0","361","0.258093","IU/dL","100","mg","1","0"
"10","Diao_2014_rFIXFc","rFIXFc","1","0",".","IU/dL","100","mg","1","."
"10","Diao_2014_rFIXFc","rFIXFc","0","0","1.756784","IU/dL","100","mg","1","0"
"10","Diao_2014_rFIXFc","rFIXFc","0","1","1.125263","IU/dL","100","mg","1","0"
"10","Diao_2014_rFIXFc","rFIXFc","0","2","0.965436","IU/dL","100","mg","1","0"
"10","Diao_2014_rFIXFc","rFIXFc","0","4","0.847353","IU/dL","100","mg","1","0"
"10","Diao_2014_rFIXFc","rFIXFc","0","8","1.524432","IU/dL","100","mg","1","0"
"10","Diao_2014_rFIXFc","rFIXFc","0","24","1.070969","IU/dL","100","mg","1","0"
"10","Diao_2014_rFIXFc","rFIXFc","0","48","0.302864","IU/dL","100","mg","1","0"
"10","Diao_2014_rFIXFc","rFIXFc","0","72","0.636445","IU/dL","100","mg","1","0"
"10","Diao_2014_rFIXFc","rFIXFc","0","96","0.124018","IU/dL","100","mg","1","0"
"10","Diao_2014_rFIXFc","rFIXFc","0","120","0.08413","IU/dL","100","mg","1","0"
"10","Diao_2014_rFIXFc","rFIXFc","0","168","0.088097","IU/dL","100","mg","1","0"
"10","Diao_2014_rFIXFc","rFIXFc","0","336","0","IU/dL","100","mg","1","1"
"10","Diao_2014_rFIXFc","rFIXFc","0","361","0.075747","IU/dL","100","mg","1","0"
"1","Barnett_2018_rifampicin","rifampicin","1","0",".","umol/L","600","mg","2","."
"1","Barnett_2018_rifampicin","rifampicin","0","0","0","umol/L","600","mg","2","0"
"1","Barnett_2018_rifampicin","rifampicin","0","0.25","0.008077","umol/L","600","mg","2","0"
"1","Barnett_2018_rifampicin","rifampicin","0","0.5","0.013684","umol/L","600","mg","2","0"
"1","Barnett_2018_rifampicin","rifampicin","0","1","0.805747","umol/L","600","mg","2","0"
"1","Barnett_2018_rifampicin","rifampicin","0","2","12.456735","umol/L","600","mg","2","0"
"1","Barnett_2018_rifampicin","rifampicin","0","4","19.125121","umol/L","600","mg","2","0"
"1","Barnett_2018_rifampicin","rifampicin","0","6","13.429727","umol/L","600","mg","2","0"
"1","Barnett_2018_rifampicin","rifampicin","0","8","10.80141","umol/L","600","mg","2","0"
"1","Barnett_2018_rifampicin","rifampicin","0","12","6.216767","umol/L","600","mg","2","0"
"1","Barnett_2018_rifampicin","rifampicin","0","22","1.93042","umol/L","600","mg","2","0"
"2","Barnett_2018_rifampicin","rifampicin","1","0",".","umol/L","600","mg","2","."
"2","Barnett_2018_rifampicin","rifampicin","0","0","0","umol/L","600","mg","2","0"
"2","Barnett_2018_rifampicin","rifampicin","0","0.25","0.213268","umol/L","600","mg","2","0"
"2","Barnett_2018_rifampicin","rifampicin","0","0.5","1.838937","umol/L","600","mg","2","0"
"2","Barnett_2018_rifampicin","rifampicin","0","1","33.325194","umol/L","600","mg","2","0"
"2","Barnett_2018_rifampicin","rifampicin","0","2","19.924522","umol/L","600","mg","2","0"
"2","Barnett_2018_rifampicin","rifampicin","0","4","9.091892","umol/L","600","mg","2","0"
"2","Barnett_2018_rifampicin","rifampicin","0","6","9.587059","umol/L","600","mg","2","0"
"2","Barnett_2018_rifampicin","rifampicin","0","8","7.452119","umol/L","600","mg","2","0"
"2","Barnett_2018_rifampicin","rifampicin","0","12","5.148128","umol/L","600","mg","2","0"
"2","Barnett_2018_rifampicin","rifampicin","0","22","0.770075","umol/L","600","mg","2","0"
"3","Barnett_2018_rifampicin","rifampicin","1","0",".","umol/L","600","mg","2","."
"3","Barnett_2018_rifampicin","rifampicin","0","0","0","umol/L","600","mg","2","0"
"3","Barnett_2018_rifampicin","rifampicin","0","0.25","0.044777","umol/L","600","mg","2","0"
"3","Barnett_2018_rifampicin","rifampicin","0","0.5","2.463474","umol/L","600","mg","2","0"
"3","Barnett_2018_rifampicin","rifampicin","0","1","25.752652","umol/L","600","mg","2","0"
"3","Barnett_2018_rifampicin","rifampicin","0","2","34.266364","umol/L","600","mg","2","0"
"3","Barnett_2018_rifampicin","rifampicin","0","4","24.640215","umol/L","600","mg","2","0"
"3","Barnett_2018_rifampicin","rifampicin","0","6","23.71982","umol/L","600","mg","2","0"
"3","Barnett_2018_rifampicin","rifampicin","0","8","8.592315","umol/L","600","mg","2","0"
"3","Barnett_2018_rifampicin","rifampicin","0","12","8.254414","umol/L","600","mg","2","0"
"3","Barnett_2018_rifampicin","rifampicin","0","22","4.124729","umol/L","600","mg","2","0"
"4","Barnett_2018_rifampicin","rifampicin","1","0",".","umol/L","600","mg","2","."
"4","Barnett_2018_rifampicin","rifampicin","0","0","0","umol/L","600","mg","2","0"
"4","Barnett_2018_rifampicin","rifampicin","0","0.25","0","umol/L","600","mg","2","1"
"4","Barnett_2018_rifampicin","rifampicin","0","0.5","0.01376","umol/L","600","mg","2","0"
"4","Barnett_2018_rifampicin","rifampicin","0","1","2.771337","umol/L","600","mg","2","0"
"4","Barnett_2018_rifampicin","rifampicin","0","2","14.628771","umol/L","600","mg","2","0"
"4","Barnett_2018_rifampicin","rifampicin","0","4","17.5506","umol/L","600","mg","2","0"
"4","Barnett_2018_rifampicin","rifampicin","0","6","11.986801","umol/L","600","mg","2","0"
"4","Barnett_2018_rifampicin","rifampicin","0","8","8.921457","umol/L","600","mg","2","0"
"4","Barnett_2018_rifampicin","rifampicin","0","12","5.421883","umol/L","600","mg","2","0"
"4","Barnett_2018_rifampicin","rifampicin","0","22","2.54937","umol/L","600","mg","2","0"
"5","Barnett_2018_rifampicin","rifampicin","1","0",".","umol/L","600","mg","2","."
"5","Barnett_2018_rifampicin","rifampicin","0","0","0","umol/L","600","mg","2","0"
"5","Barnett_2018_rifampicin","rifampicin","0","0.25","0.009187","umol/L","600","mg","2","0"
"5","Barnett_2018_rifampicin","rifampicin","0","0.5","0.402411","umol/L","600","mg","2","0"
"5","Barnett_2018_rifampicin","rifampicin","0","1","7.17926","umol/L","600","mg","2","0"
"5","Barnett_2018_rifampicin","rifampicin","0","2","15.699443","umol/L","600","mg","2","0"
"5","Barnett_2018_rifampicin","rifampicin","0","4","19.651006","umol/L","600","mg","2","0"
"5","Barnett_2018_rifampicin","rifampicin","0","6","14.227651","umol/L","600","mg","2","0"
"5","Barnett_2018_rifampicin","rifampicin","0","8","12.562278","umol/L","600","mg","2","0"
"5","Barnett_2018_rifampicin","rifampicin","0","12","3.009258","umol/L","600","mg","2","0"
"5","Barnett_2018_rifampicin","rifampicin","0","22","2.784429","umol/L","600","mg","2","0"
"6","Barnett_2018_rifampicin","rifampicin","1","0",".","umol/L","600","mg","2","."
"6","Barnett_2018_rifampicin","rifampicin","0","0","0","umol/L","600","mg","2","0"
"6","Barnett_2018_rifampicin","rifampicin","0","0.25","0","umol/L","600","mg","2","1"
"6","Barnett_2018_rifampicin","rifampicin","0","0.5","0.557112","umol/L","600","mg","2","0"
"6","Barnett_2018_rifampicin","rifampicin","0","1","15.087013","umol/L","600","mg","2","0"
"6","Barnett_2018_rifampicin","rifampicin","0","2","18.494479","umol/L","600","mg","2","0"
"6","Barnett_2018_rifampicin","rifampicin","0","4","12.462687","umol/L","600","mg","2","0"
"6","Barnett_2018_rifampicin","rifampicin","0","6","8.708005","umol/L","600","mg","2","0"
"6","Barnett_2018_rifampicin","rifampicin","0","8","10.09025","umol/L","600","mg","2","0"
"6","Barnett_2018_rifampicin","rifampicin","0","12","2.529184","umol/L","600","mg","2","0"
"6","Barnett_2018_rifampicin","rifampicin","0","22","0.586784","umol/L","600","mg","2","0"
"7","Barnett_2018_rifampicin","rifampicin","1","0",".","umol/L","600","mg","2","."
"7","Barnett_2018_rifampicin","rifampicin","0","0","0","umol/L","600","mg","2","0"
"7","Barnett_2018_rifampicin","rifampicin","0","0.25","0.012517","umol/L","600","mg","2","0"
"7","Barnett_2018_rifampicin","rifampicin","0","0.5","1.322601","umol/L","600","mg","2","0"
"7","Barnett_2018_rifampicin","rifampicin","0","1","16.499422","umol/L","600","mg","2","0"
"7","Barnett_2018_rifampicin","rifampicin","0","2","18.76036","umol/L","600","mg","2","0"
"7","Barnett_2018_rifampicin","rifampicin","0","4","6.541546","umol/L","600","mg","2","0"
"7","Barnett_2018_rifampicin","rifampicin","0","6","10.384782","umol/L","600","mg","2","0"
"7","Barnett_2018_rifampicin","rifampicin","0","8","4.45717","umol/L","600","mg","2","0"
"7","Barnett_2018_rifampicin","rifampicin","0","12","1.126701","umol/L","600","mg","2","0"
"7","Barnett_2018_rifampicin","rifampicin","0","22","0.059056","umol/L","600","mg","2","0"
"8","Barnett_2018_rifampicin","rifampicin","1","0",".","umol/L","600","mg","2","."
"8","Barnett_2018_rifampicin","rifampicin","0","0","0","umol/L","600","mg","2","0"
"8","Barnett_2018_rifampicin","rifampicin","0","0.25","0.133564","umol/L","600","mg","2","0"
"8","Barnett_2018_rifampicin","rifampicin","0","0.5","4.131805","umol/L","600","mg","2","0"
"8","Barnett_2018_rifampicin","rifampicin","0","1","33.504704","umol/L","600","mg","2","0"
"8","Barnett_2018_rifampicin","rifampicin","0","2","12.486942","umol/L","600","mg","2","0"
"8","Barnett_2018_rifampicin","rifampicin","0","4","24.306136","umol/L","600","mg","2","0"
"8","Barnett_2018_rifampicin","rifampicin","0","6","9.270258","umol/L","600","mg","2","0"
"8","Barnett_2018_rifampicin","rifampicin","0","8","7.926877","umol/L","600","mg","2","0"
"8","Barnett_2018_rifampicin","rifampicin","0","12","3.680692","umol/L","600","mg","2","0"
"8","Barnett_2018_rifampicin","rifampicin","0","22","0.599228","umol/L","600","mg","2","0"
"9","Barnett_2018_rifampicin","rifampicin","1","0",".","umol/L","600","mg","2","."
"9","Barnett_2018_rifampicin","rifampicin","0","0","0","umol/L","600","mg","2","0"
"9","Barnett_2018_rifampicin","rifampicin","0","0.25","0","umol/L","600","mg","2","1"
"9","Barnett_2018_rifampicin","rifampicin","0","0.5","0.004333","umol/L","600","mg","2","0"
"9","Barnett_2018_rifampicin","rifampicin","0","1","0.041841","umol/L","600","mg","2","0"
"9","Barnett_2018_rifampicin","rifampicin","0","2","0.959096","umol/L","600","mg","2","0"
"9","Barnett_2018_rifampicin","rifampicin","0","4","17.394582","umol/L","600","mg","2","0"
"9","Barnett_2018_rifampicin","rifampicin","0","6","17.608823","umol/L","600","mg","2","0"
"9","Barnett_2018_rifampicin","rifampicin","0","8","12.572254","umol/L","600","mg","2","0"
"9","Barnett_2018_rifampicin","rifampicin","0","12","5.140007","umol/L","600","mg","2","0"
"9","Barnett_2018_rifampicin","rifampicin","0","22","0.174346","umol/L","600","mg","2","0"
"10","Barnett_2018_rifampicin","rifampicin","1","0",".","umol/L","600","mg","2","."
"10","Barnett_2018_rifampicin","rifampicin","0","0","0","umol/L","600","mg","2","0"
"10","Barnett_2018_rifampicin","rifampicin","0","0.25","0","umol/L","600","mg","2","1"
"10","Barnett_2018_rifampicin","rifampicin","0","0.5","1.784549","umol/L","600","mg","2","0"
"10","Barnett_2018_rifampicin","rifampicin","0","1","8.760877","umol/L","600","mg","2","0"
"10","Barnett_2018_rifampicin","rifampicin","0","2","14.055037","umol/L","600","mg","2","0"
"10","Barnett_2018_rifampicin","rifampicin","0","4","20.097604","umol/L","600","mg","2","0"
"10","Barnett_2018_rifampicin","rifampicin","0","6","16.725129","umol/L","600","mg","2","0"
"10","Barnett_2018_rifampicin","rifampicin","0","8","9.803941","umol/L","600","mg","2","0"
"10","Barnett_2018_rifampicin","rifampicin","0","12","5.236061","umol/L","600","mg","2","0"
"10","Barnett_2018_rifampicin","rifampicin","0","22","0.915294","umol/L","600","mg","2","0"
"1","Candelaria_2018_rituximab","rituximab","1","0",".","ug/mL","375","mg","1","."
"1","Candelaria_2018_rituximab","rituximab","0","0","106.521201","ug/mL","375","mg","1","0"
"1","Candelaria_2018_rituximab","rituximab","0","4","162.307516","ug/mL","375","mg","1","0"
"1","Candelaria_2018_rituximab","rituximab","0","24","117.410579","ug/mL","375","mg","1","0"
"1","Candelaria_2018_rituximab","rituximab","0","72","54.872374","ug/mL","375","mg","1","0"
"1","Candelaria_2018_rituximab","rituximab","0","168","37.164841","ug/mL","375","mg","1","0"
"1","Candelaria_2018_rituximab","rituximab","0","336","28.769287","ug/mL","375","mg","1","0"
"1","Candelaria_2018_rituximab","rituximab","0","504","14.880576","ug/mL","375","mg","1","0"
"1","Candelaria_2018_rituximab","rituximab","0","672","13.141689","ug/mL","375","mg","1","0"
"1","Candelaria_2018_rituximab","rituximab","0","840","11.045017","ug/mL","375","mg","1","0"
"1","Candelaria_2018_rituximab","rituximab","0","1008","8.839425","ug/mL","375","mg","1","0"
"1","Candelaria_2018_rituximab","rituximab","0","1176","6.815184","ug/mL","375","mg","1","0"
"1","Candelaria_2018_rituximab","rituximab","0","1512","4.402098","ug/mL","375","mg","1","0"
"1","Candelaria_2018_rituximab","rituximab","0","2016","1.939638","ug/mL","375","mg","1","0"
"1","Candelaria_2018_rituximab","rituximab","0","2520","1.267766","ug/mL","375","mg","1","0"
"2","Candelaria_2018_rituximab","rituximab","1","0",".","ug/mL","375","mg","1","."
"2","Candelaria_2018_rituximab","rituximab","0","0","145.780267","ug/mL","375","mg","1","0"
"2","Candelaria_2018_rituximab","rituximab","0","4","72.184438","ug/mL","375","mg","1","0"
"2","Candelaria_2018_rituximab","rituximab","0","24","81.931687","ug/mL","375","mg","1","0"
"2","Candelaria_2018_rituximab","rituximab","0","72","70.531433","ug/mL","375","mg","1","0"
"2","Candelaria_2018_rituximab","rituximab","0","168","30.84271","ug/mL","375","mg","1","0"
"2","Candelaria_2018_rituximab","rituximab","0","336","8.420342","ug/mL","375","mg","1","0"
"2","Candelaria_2018_rituximab","rituximab","0","504","12.822184","ug/mL","375","mg","1","0"
"2","Candelaria_2018_rituximab","rituximab","0","672","7.498697","ug/mL","375","mg","1","0"
"2","Candelaria_2018_rituximab","rituximab","0","840","8.889104","ug/mL","375","mg","1","0"
"2","Candelaria_2018_rituximab","rituximab","0","1008","9.352503","ug/mL","375","mg","1","0"
"2","Candelaria_2018_rituximab","rituximab","0","1176","7.528332","ug/mL","375","mg","1","0"
"2","Candelaria_2018_rituximab","rituximab","0","1512","2.808518","ug/mL","375","mg","1","0"
"2","Candelaria_2018_rituximab","rituximab","0","2016","2.394799","ug/mL","375","mg","1","0"
"2","Candelaria_2018_rituximab","rituximab","0","2520","2.435959","ug/mL","375","mg","1","0"
"3","Candelaria_2018_rituximab","rituximab","1","0",".","ug/mL","375","mg","1","."
"3","Candelaria_2018_rituximab","rituximab","0","0","119.039913","ug/mL","375","mg","1","0"
"3","Candelaria_2018_rituximab","rituximab","0","4","99.123605","ug/mL","375","mg","1","0"
"3","Candelaria_2018_rituximab","rituximab","0","24","68.464904","ug/mL","375","mg","1","0"
"3","Candelaria_2018_rituximab","rituximab","0","72","62.381502","ug/mL","375","mg","1","0"
"3","Candelaria_2018_rituximab","rituximab","0","168","50.293197","ug/mL","375","mg","1","0"
"3","Candelaria_2018_rituximab","rituximab","0","336","19.316876","ug/mL","375","mg","1","0"
"3","Candelaria_2018_rituximab","rituximab","0","504","12.792034","ug/mL","375","mg","1","0"
"3","Candelaria_2018_rituximab","rituximab","0","672","14.567719","ug/mL","375","mg","1","0"
"3","Candelaria_2018_rituximab","rituximab","0","840","15.618902","ug/mL","375","mg","1","0"
"3","Candelaria_2018_rituximab","rituximab","0","1008","7.786398","ug/mL","375","mg","1","0"
"3","Candelaria_2018_rituximab","rituximab","0","1176","5.72457","ug/mL","375","mg","1","0"
"3","Candelaria_2018_rituximab","rituximab","0","1512","3.924759","ug/mL","375","mg","1","0"
"3","Candelaria_2018_rituximab","rituximab","0","2016","3.593634","ug/mL","375","mg","1","0"
"3","Candelaria_2018_rituximab","rituximab","0","2520","1.197937","ug/mL","375","mg","1","0"
"4","Candelaria_2018_rituximab","rituximab","1","0",".","ug/mL","375","mg","1","."
"4","Candelaria_2018_rituximab","rituximab","0","0","121.210347","ug/mL","375","mg","1","0"
"4","Candelaria_2018_rituximab","rituximab","0","4","132.164466","ug/mL","375","mg","1","0"
"4","Candelaria_2018_rituximab","rituximab","0","24","86.009136","ug/mL","375","mg","1","0"
"4","Candelaria_2018_rituximab","rituximab","0","72","39.344912","ug/mL","375","mg","1","0"
"4","Candelaria_2018_rituximab","rituximab","0","168","34.987595","ug/mL","375","mg","1","0"
"4","Candelaria_2018_rituximab","rituximab","0","336","26.732639","ug/mL","375","mg","1","0"
"4","Candelaria_2018_rituximab","rituximab","0","504","17.876602","ug/mL","375","mg","1","0"
"4","Candelaria_2018_rituximab","rituximab","0","672","8.769196","ug/mL","375","mg","1","0"
"4","Candelaria_2018_rituximab","rituximab","0","840","5.621768","ug/mL","375","mg","1","0"
"4","Candelaria_2018_rituximab","rituximab","0","1008","7.596876","ug/mL","375","mg","1","0"
"4","Candelaria_2018_rituximab","rituximab","0","1176","5.533833","ug/mL","375","mg","1","0"
"4","Candelaria_2018_rituximab","rituximab","0","1512","1.77408","ug/mL","375","mg","1","0"
"4","Candelaria_2018_rituximab","rituximab","0","2016","1.314443","ug/mL","375","mg","1","0"
"4","Candelaria_2018_rituximab","rituximab","0","2520","0.476851","ug/mL","375","mg","1","0"
"5","Candelaria_2018_rituximab","rituximab","1","0",".","ug/mL","375","mg","1","."
"5","Candelaria_2018_rituximab","rituximab","0","0","143.996526","ug/mL","375","mg","1","0"
"5","Candelaria_2018_rituximab","rituximab","0","4","53.459351","ug/mL","375","mg","1","0"
"5","Candelaria_2018_rituximab","rituximab","0","24","61.257472","ug/mL","375","mg","1","0"
"5","Candelaria_2018_rituximab","rituximab","0","72","59.097255","ug/mL","375","mg","1","0"
"5","Candelaria_2018_rituximab","rituximab","0","168","31.836302","ug/mL","375","mg","1","0"
"5","Candelaria_2018_rituximab","rituximab","0","336","28.123624","ug/mL","375","mg","1","0"
"5","Candelaria_2018_rituximab","rituximab","0","504","20.390975","ug/mL","375","mg","1","0"
"5","Candelaria_2018_rituximab","rituximab","0","672","12.13923","ug/mL","375","mg","1","0"
"5","Candelaria_2018_rituximab","rituximab","0","840","16.996467","ug/mL","375","mg","1","0"
"5","Candelaria_2018_rituximab","rituximab","0","1008","9.325199","ug/mL","375","mg","1","0"
"5","Candelaria_2018_rituximab","rituximab","0","1176","5.650882","ug/mL","375","mg","1","0"
"5","Candelaria_2018_rituximab","rituximab","0","1512","6.185576","ug/mL","375","mg","1","0"
"5","Candelaria_2018_rituximab","rituximab","0","2016","2.622856","ug/mL","375","mg","1","0"
"5","Candelaria_2018_rituximab","rituximab","0","2520","1.984111","ug/mL","375","mg","1","0"
"6","Candelaria_2018_rituximab","rituximab","1","0",".","ug/mL","375","mg","1","."
"6","Candelaria_2018_rituximab","rituximab","0","0","135.515436","ug/mL","375","mg","1","0"
"6","Candelaria_2018_rituximab","rituximab","0","4","76.480553","ug/mL","375","mg","1","0"
"6","Candelaria_2018_rituximab","rituximab","0","24","117.438619","ug/mL","375","mg","1","0"
"6","Candelaria_2018_rituximab","rituximab","0","72","82.215627","ug/mL","375","mg","1","0"
"6","Candelaria_2018_rituximab","rituximab","0","168","26.599687","ug/mL","375","mg","1","0"
"6","Candelaria_2018_rituximab","rituximab","0","336","16.197462","ug/mL","375","mg","1","0"
"6","Candelaria_2018_rituximab","rituximab","0","504","10.541346","ug/mL","375","mg","1","0"
"6","Candelaria_2018_rituximab","rituximab","0","672","6.140989","ug/mL","375","mg","1","0"
"6","Candelaria_2018_rituximab","rituximab","0","840","4.826417","ug/mL","375","mg","1","0"
"6","Candelaria_2018_rituximab","rituximab","0","1008","5.148062","ug/mL","375","mg","1","0"
"6","Candelaria_2018_rituximab","rituximab","0","1176","4.249539","ug/mL","375","mg","1","0"
"6","Candelaria_2018_rituximab","rituximab","0","1512","1.557203","ug/mL","375","mg","1","0"
"6","Candelaria_2018_rituximab","rituximab","0","2016","0.573063","ug/mL","375","mg","1","0"
"6","Candelaria_2018_rituximab","rituximab","0","2520","0","ug/mL","375","mg","1","1"
"7","Candelaria_2018_rituximab","rituximab","1","0",".","ug/mL","375","mg","1","."
"7","Candelaria_2018_rituximab","rituximab","0","0","91.504851","ug/mL","375","mg","1","0"
"7","Candelaria_2018_rituximab","rituximab","0","4","150.115354","ug/mL","375","mg","1","0"
"7","Candelaria_2018_rituximab","rituximab","0","24","129.600249","ug/mL","375","mg","1","0"
"7","Candelaria_2018_rituximab","rituximab","0","72","29.794502","ug/mL","375","mg","1","0"
"7","Candelaria_2018_rituximab","rituximab","0","168","32.189841","ug/mL","375","mg","1","0"
"7","Candelaria_2018_rituximab","rituximab","0","336","17.646023","ug/mL","375","mg","1","0"
"7","Candelaria_2018_rituximab","rituximab","0","504","17.044354","ug/mL","375","mg","1","0"
"7","Candelaria_2018_rituximab","rituximab","0","672","10.251693","ug/mL","375","mg","1","0"
"7","Candelaria_2018_rituximab","rituximab","0","840","9.522786","ug/mL","375","mg","1","0"
"7","Candelaria_2018_rituximab","rituximab","0","1008","4.265361","ug/mL","375","mg","1","0"
"7","Candelaria_2018_rituximab","rituximab","0","1176","6.540282","ug/mL","375","mg","1","0"
"7","Candelaria_2018_rituximab","rituximab","0","1512","5.067293","ug/mL","375","mg","1","0"
"7","Candelaria_2018_rituximab","rituximab","0","2016","3.134139","ug/mL","375","mg","1","0"
"7","Candelaria_2018_rituximab","rituximab","0","2520","1.333297","ug/mL","375","mg","1","0"
"8","Candelaria_2018_rituximab","rituximab","1","0",".","ug/mL","375","mg","1","."
"8","Candelaria_2018_rituximab","rituximab","0","0","71.800464","ug/mL","375","mg","1","0"
"8","Candelaria_2018_rituximab","rituximab","0","4","49.983979","ug/mL","375","mg","1","0"
"8","Candelaria_2018_rituximab","rituximab","0","24","48.98777","ug/mL","375","mg","1","0"
"8","Candelaria_2018_rituximab","rituximab","0","72","80.041054","ug/mL","375","mg","1","0"
"8","Candelaria_2018_rituximab","rituximab","0","168","44.00144","ug/mL","375","mg","1","0"
"8","Candelaria_2018_rituximab","rituximab","0","336","28.062123","ug/mL","375","mg","1","0"
"8","Candelaria_2018_rituximab","rituximab","0","504","33.938793","ug/mL","375","mg","1","0"
"8","Candelaria_2018_rituximab","rituximab","0","672","8.428003","ug/mL","375","mg","1","0"
"8","Candelaria_2018_rituximab","rituximab","0","840","13.34901","ug/mL","375","mg","1","0"
"8","Candelaria_2018_rituximab","rituximab","0","1008","18.516431","ug/mL","375","mg","1","0"
"8","Candelaria_2018_rituximab","rituximab","0","1176","16.234898","ug/mL","375","mg","1","0"
"8","Candelaria_2018_rituximab","rituximab","0","1512","9.375312","ug/mL","375","mg","1","0"
"8","Candelaria_2018_rituximab","rituximab","0","2016","4.434678","ug/mL","375","mg","1","0"
"8","Candelaria_2018_rituximab","rituximab","0","2520","2.824982","ug/mL","375","mg","1","0"
"9","Candelaria_2018_rituximab","rituximab","1","0",".","ug/mL","375","mg","1","."
"9","Candelaria_2018_rituximab","rituximab","0","0","73.183821","ug/mL","375","mg","1","0"
"9","Candelaria_2018_rituximab","rituximab","0","4","76.586171","ug/mL","375","mg","1","0"
"9","Candelaria_2018_rituximab","rituximab","0","24","57.951443","ug/mL","375","mg","1","0"
"9","Candelaria_2018_rituximab","rituximab","0","72","50.965844","ug/mL","375","mg","1","0"
"9","Candelaria_2018_rituximab","rituximab","0","168","44.559077","ug/mL","375","mg","1","0"
"9","Candelaria_2018_rituximab","rituximab","0","336","26.352743","ug/mL","375","mg","1","0"
"9","Candelaria_2018_rituximab","rituximab","0","504","23.23093","ug/mL","375","mg","1","0"
"9","Candelaria_2018_rituximab","rituximab","0","672","15.789069","ug/mL","375","mg","1","0"
"9","Candelaria_2018_rituximab","rituximab","0","840","17.722722","ug/mL","375","mg","1","0"
"9","Candelaria_2018_rituximab","rituximab","0","1008","13.648512","ug/mL","375","mg","1","0"
"9","Candelaria_2018_rituximab","rituximab","0","1176","8.377491","ug/mL","375","mg","1","0"
"9","Candelaria_2018_rituximab","rituximab","0","1512","6.573092","ug/mL","375","mg","1","0"
"9","Candelaria_2018_rituximab","rituximab","0","2016","4.797696","ug/mL","375","mg","1","0"
"9","Candelaria_2018_rituximab","rituximab","0","2520","2.702453","ug/mL","375","mg","1","0"
"10","Candelaria_2018_rituximab","rituximab","1","0",".","ug/mL","375","mg","1","."
"10","Candelaria_2018_rituximab","rituximab","0","0","67.934586","ug/mL","375","mg","1","0"
"10","Candelaria_2018_rituximab","rituximab","0","4","87.673445","ug/mL","375","mg","1","0"
"10","Candelaria_2018_rituximab","rituximab","0","24","101.90806","ug/mL","375","mg","1","0"
"10","Candelaria_2018_rituximab","rituximab","0","72","99.321952","ug/mL","375","mg","1","0"
"10","Candelaria_2018_rituximab","rituximab","0","168","32.70555","ug/mL","375","mg","1","0"
"10","Candelaria_2018_rituximab","rituximab","0","336","23.324956","ug/mL","375","mg","1","0"
"10","Candelaria_2018_rituximab","rituximab","0","504","12.746143","ug/mL","375","mg","1","0"
"10","Candelaria_2018_rituximab","rituximab","0","672","17.736538","ug/mL","375","mg","1","0"
"10","Candelaria_2018_rituximab","rituximab","0","840","7.739365","ug/mL","375","mg","1","0"
"10","Candelaria_2018_rituximab","rituximab","0","1008","7.700933","ug/mL","375","mg","1","0"
"10","Candelaria_2018_rituximab","rituximab","0","1176","7.192051","ug/mL","375","mg","1","0"
"10","Candelaria_2018_rituximab","rituximab","0","1512","3.980561","ug/mL","375","mg","1","0"
"10","Candelaria_2018_rituximab","rituximab","0","2016","1.890277","ug/mL","375","mg","1","0"
"10","Candelaria_2018_rituximab","rituximab","0","2520","1.35449","ug/mL","375","mg","1","0"
"1","Macpherson_2015_rosuvastatin","rosuvastatin","1","0",".","ng/mL","80","mg","2","."
"1","Macpherson_2015_rosuvastatin","rosuvastatin","0","0","0","ng/mL","80","mg","2","0"
"1","Macpherson_2015_rosuvastatin","rosuvastatin","0","1","12.601863","ng/mL","80","mg","2","0"
"1","Macpherson_2015_rosuvastatin","rosuvastatin","0","2","25.430595","ng/mL","80","mg","2","0"
"1","Macpherson_2015_rosuvastatin","rosuvastatin","0","4","65.295961","ng/mL","80","mg","2","0"
"1","Macpherson_2015_rosuvastatin","rosuvastatin","0","8","31.059627","ng/mL","80","mg","2","0"
"1","Macpherson_2015_rosuvastatin","rosuvastatin","0","24","2.409108","ng/mL","80","mg","2","0"
"1","Macpherson_2015_rosuvastatin","rosuvastatin","0","48","4.528702","ng/mL","80","mg","2","0"
"1","Macpherson_2015_rosuvastatin","rosuvastatin","0","72","0.814231","ng/mL","80","mg","2","0"
"1","Macpherson_2015_rosuvastatin","rosuvastatin","0","96","0.848931","ng/mL","80","mg","2","0"
"1","Macpherson_2015_rosuvastatin","rosuvastatin","0","120","1.392434","ng/mL","80","mg","2","0"
"1","Macpherson_2015_rosuvastatin","rosuvastatin","0","168","0.433514","ng/mL","80","mg","2","0"
"1","Macpherson_2015_rosuvastatin","rosuvastatin","0","283","0.000813","ng/mL","80","mg","2","0"
"2","Macpherson_2015_rosuvastatin","rosuvastatin","1","0",".","ng/mL","80","mg","2","."
"2","Macpherson_2015_rosuvastatin","rosuvastatin","0","0","0","ng/mL","80","mg","2","0"
"2","Macpherson_2015_rosuvastatin","rosuvastatin","0","1","45.9992","ng/mL","80","mg","2","0"
"2","Macpherson_2015_rosuvastatin","rosuvastatin","0","2","27.967245","ng/mL","80","mg","2","0"
"2","Macpherson_2015_rosuvastatin","rosuvastatin","0","4","40.233863","ng/mL","80","mg","2","0"
"2","Macpherson_2015_rosuvastatin","rosuvastatin","0","8","24.45774","ng/mL","80","mg","2","0"
"2","Macpherson_2015_rosuvastatin","rosuvastatin","0","24","0.513096","ng/mL","80","mg","2","0"
"2","Macpherson_2015_rosuvastatin","rosuvastatin","0","48","0.333713","ng/mL","80","mg","2","0"
"2","Macpherson_2015_rosuvastatin","rosuvastatin","0","72","0.260375","ng/mL","80","mg","2","0"
"2","Macpherson_2015_rosuvastatin","rosuvastatin","0","96","0.323186","ng/mL","80","mg","2","0"
"2","Macpherson_2015_rosuvastatin","rosuvastatin","0","120","0.184953","ng/mL","80","mg","2","0"
"2","Macpherson_2015_rosuvastatin","rosuvastatin","0","168","0.098079","ng/mL","80","mg","2","0"
"2","Macpherson_2015_rosuvastatin","rosuvastatin","0","283","0.104565","ng/mL","80","mg","2","0"
"3","Macpherson_2015_rosuvastatin","rosuvastatin","1","0",".","ng/mL","80","mg","2","."
"3","Macpherson_2015_rosuvastatin","rosuvastatin","0","0","0","ng/mL","80","mg","2","0"
"3","Macpherson_2015_rosuvastatin","rosuvastatin","0","1","31.897106","ng/mL","80","mg","2","0"
"3","Macpherson_2015_rosuvastatin","rosuvastatin","0","2","12.999637","ng/mL","80","mg","2","0"
"3","Macpherson_2015_rosuvastatin","rosuvastatin","0","4","0","ng/mL","80","mg","2","1"
"3","Macpherson_2015_rosuvastatin","rosuvastatin","0","8","2.961876","ng/mL","80","mg","2","0"
"3","Macpherson_2015_rosuvastatin","rosuvastatin","0","24","3.473998","ng/mL","80","mg","2","0"
"3","Macpherson_2015_rosuvastatin","rosuvastatin","0","48","5.401986","ng/mL","80","mg","2","0"
"3","Macpherson_2015_rosuvastatin","rosuvastatin","0","72","3.744016","ng/mL","80","mg","2","0"
"3","Macpherson_2015_rosuvastatin","rosuvastatin","0","96","1.810878","ng/mL","80","mg","2","0"
"3","Macpherson_2015_rosuvastatin","rosuvastatin","0","120","0.695056","ng/mL","80","mg","2","0"
"3","Macpherson_2015_rosuvastatin","rosuvastatin","0","168","0.209473","ng/mL","80","mg","2","0"
"3","Macpherson_2015_rosuvastatin","rosuvastatin","0","283","0.024445","ng/mL","80","mg","2","0"
"4","Macpherson_2015_rosuvastatin","rosuvastatin","1","0",".","ng/mL","80","mg","2","."
"4","Macpherson_2015_rosuvastatin","rosuvastatin","0","0","0","ng/mL","80","mg","2","0"
"4","Macpherson_2015_rosuvastatin","rosuvastatin","0","1","0","ng/mL","80","mg","2","1"
"4","Macpherson_2015_rosuvastatin","rosuvastatin","0","2","28.132446","ng/mL","80","mg","2","0"
"4","Macpherson_2015_rosuvastatin","rosuvastatin","0","4","18.959383","ng/mL","80","mg","2","0"
"4","Macpherson_2015_rosuvastatin","rosuvastatin","0","8","19.847216","ng/mL","80","mg","2","0"
"4","Macpherson_2015_rosuvastatin","rosuvastatin","0","24","3.301148","ng/mL","80","mg","2","0"
"4","Macpherson_2015_rosuvastatin","rosuvastatin","0","48","0.798115","ng/mL","80","mg","2","0"
"4","Macpherson_2015_rosuvastatin","rosuvastatin","0","72","0.999289","ng/mL","80","mg","2","0"
"4","Macpherson_2015_rosuvastatin","rosuvastatin","0","96","0.451404","ng/mL","80","mg","2","0"
"4","Macpherson_2015_rosuvastatin","rosuvastatin","0","120","0","ng/mL","80","mg","2","1"
"4","Macpherson_2015_rosuvastatin","rosuvastatin","0","168","0.139945","ng/mL","80","mg","2","0"
"4","Macpherson_2015_rosuvastatin","rosuvastatin","0","283","0.048088","ng/mL","80","mg","2","0"
"5","Macpherson_2015_rosuvastatin","rosuvastatin","1","0",".","ng/mL","80","mg","2","."
"5","Macpherson_2015_rosuvastatin","rosuvastatin","0","0","0","ng/mL","80","mg","2","0"
"5","Macpherson_2015_rosuvastatin","rosuvastatin","0","1","41.095939","ng/mL","80","mg","2","0"
"5","Macpherson_2015_rosuvastatin","rosuvastatin","0","2","14.851668","ng/mL","80","mg","2","0"
"5","Macpherson_2015_rosuvastatin","rosuvastatin","0","4","36.423918","ng/mL","80","mg","2","0"
"5","Macpherson_2015_rosuvastatin","rosuvastatin","0","8","10.081823","ng/mL","80","mg","2","0"
"5","Macpherson_2015_rosuvastatin","rosuvastatin","0","24","0","ng/mL","80","mg","2","1"
"5","Macpherson_2015_rosuvastatin","rosuvastatin","0","48","0.701046","ng/mL","80","mg","2","0"
"5","Macpherson_2015_rosuvastatin","rosuvastatin","0","72","0.34575","ng/mL","80","mg","2","0"
"5","Macpherson_2015_rosuvastatin","rosuvastatin","0","96","0.471061","ng/mL","80","mg","2","0"
"5","Macpherson_2015_rosuvastatin","rosuvastatin","0","120","0.258746","ng/mL","80","mg","2","0"
"5","Macpherson_2015_rosuvastatin","rosuvastatin","0","168","0.14681","ng/mL","80","mg","2","0"
"5","Macpherson_2015_rosuvastatin","rosuvastatin","0","283","0.013098","ng/mL","80","mg","2","0"
"6","Macpherson_2015_rosuvastatin","rosuvastatin","1","0",".","ng/mL","80","mg","2","."
"6","Macpherson_2015_rosuvastatin","rosuvastatin","0","0","0","ng/mL","80","mg","2","0"
"6","Macpherson_2015_rosuvastatin","rosuvastatin","0","1","10.011482","ng/mL","80","mg","2","0"
"6","Macpherson_2015_rosuvastatin","rosuvastatin","0","2","18.717614","ng/mL","80","mg","2","0"
"6","Macpherson_2015_rosuvastatin","rosuvastatin","0","4","19.299281","ng/mL","80","mg","2","0"
"6","Macpherson_2015_rosuvastatin","rosuvastatin","0","8","11.633574","ng/mL","80","mg","2","0"
"6","Macpherson_2015_rosuvastatin","rosuvastatin","0","24","1.589825","ng/mL","80","mg","2","0"
"6","Macpherson_2015_rosuvastatin","rosuvastatin","0","48","0.15019","ng/mL","80","mg","2","0"
"6","Macpherson_2015_rosuvastatin","rosuvastatin","0","72","0.207777","ng/mL","80","mg","2","0"
"6","Macpherson_2015_rosuvastatin","rosuvastatin","0","96","0.049291","ng/mL","80","mg","2","0"
"6","Macpherson_2015_rosuvastatin","rosuvastatin","0","120","0.171561","ng/mL","80","mg","2","0"
"6","Macpherson_2015_rosuvastatin","rosuvastatin","0","168","0.030207","ng/mL","80","mg","2","0"
"6","Macpherson_2015_rosuvastatin","rosuvastatin","0","283","0.004671","ng/mL","80","mg","2","0"
"7","Macpherson_2015_rosuvastatin","rosuvastatin","1","0",".","ng/mL","80","mg","2","."
"7","Macpherson_2015_rosuvastatin","rosuvastatin","0","0","0","ng/mL","80","mg","2","0"
"7","Macpherson_2015_rosuvastatin","rosuvastatin","0","1","88.114818","ng/mL","80","mg","2","0"
"7","Macpherson_2015_rosuvastatin","rosuvastatin","0","2","30.646071","ng/mL","80","mg","2","0"
"7","Macpherson_2015_rosuvastatin","rosuvastatin","0","4","30.922713","ng/mL","80","mg","2","0"
"7","Macpherson_2015_rosuvastatin","rosuvastatin","0","8","0","ng/mL","80","mg","2","1"
"7","Macpherson_2015_rosuvastatin","rosuvastatin","0","24","0.64485","ng/mL","80","mg","2","0"
"7","Macpherson_2015_rosuvastatin","rosuvastatin","0","48","0","ng/mL","80","mg","2","1"
"7","Macpherson_2015_rosuvastatin","rosuvastatin","0","72","0.151616","ng/mL","80","mg","2","0"
"7","Macpherson_2015_rosuvastatin","rosuvastatin","0","96","0.432815","ng/mL","80","mg","2","0"
"7","Macpherson_2015_rosuvastatin","rosuvastatin","0","120","0.033311","ng/mL","80","mg","2","0"
"7","Macpherson_2015_rosuvastatin","rosuvastatin","0","168","0.098386","ng/mL","80","mg","2","0"
"7","Macpherson_2015_rosuvastatin","rosuvastatin","0","283","0.043672","ng/mL","80","mg","2","0"
"8","Macpherson_2015_rosuvastatin","rosuvastatin","1","0",".","ng/mL","80","mg","2","."
"8","Macpherson_2015_rosuvastatin","rosuvastatin","0","0","0","ng/mL","80","mg","2","0"
"8","Macpherson_2015_rosuvastatin","rosuvastatin","0","1","41.220698","ng/mL","80","mg","2","0"
"8","Macpherson_2015_rosuvastatin","rosuvastatin","0","2","29.799541","ng/mL","80","mg","2","0"
"8","Macpherson_2015_rosuvastatin","rosuvastatin","0","4","56.570613","ng/mL","80","mg","2","0"
"8","Macpherson_2015_rosuvastatin","rosuvastatin","0","8","24.077962","ng/mL","80","mg","2","0"
"8","Macpherson_2015_rosuvastatin","rosuvastatin","0","24","0.793982","ng/mL","80","mg","2","0"
"8","Macpherson_2015_rosuvastatin","rosuvastatin","0","48","0.199495","ng/mL","80","mg","2","0"
"8","Macpherson_2015_rosuvastatin","rosuvastatin","0","72","0.062662","ng/mL","80","mg","2","0"
"8","Macpherson_2015_rosuvastatin","rosuvastatin","0","96","0.173991","ng/mL","80","mg","2","0"
"8","Macpherson_2015_rosuvastatin","rosuvastatin","0","120","0.084259","ng/mL","80","mg","2","0"
"8","Macpherson_2015_rosuvastatin","rosuvastatin","0","168","0.070676","ng/mL","80","mg","2","0"
"8","Macpherson_2015_rosuvastatin","rosuvastatin","0","283","0.022705","ng/mL","80","mg","2","0"
"9","Macpherson_2015_rosuvastatin","rosuvastatin","1","0",".","ng/mL","80","mg","2","."
"9","Macpherson_2015_rosuvastatin","rosuvastatin","0","0","0","ng/mL","80","mg","2","0"
"9","Macpherson_2015_rosuvastatin","rosuvastatin","0","1","39.925262","ng/mL","80","mg","2","0"
"9","Macpherson_2015_rosuvastatin","rosuvastatin","0","2","27.989204","ng/mL","80","mg","2","0"
"9","Macpherson_2015_rosuvastatin","rosuvastatin","0","4","0","ng/mL","80","mg","2","1"
"9","Macpherson_2015_rosuvastatin","rosuvastatin","0","8","20.898857","ng/mL","80","mg","2","0"
"9","Macpherson_2015_rosuvastatin","rosuvastatin","0","24","4.380718","ng/mL","80","mg","2","0"
"9","Macpherson_2015_rosuvastatin","rosuvastatin","0","48","0.742646","ng/mL","80","mg","2","0"
"9","Macpherson_2015_rosuvastatin","rosuvastatin","0","72","0","ng/mL","80","mg","2","1"
"9","Macpherson_2015_rosuvastatin","rosuvastatin","0","96","0.548153","ng/mL","80","mg","2","0"
"9","Macpherson_2015_rosuvastatin","rosuvastatin","0","120","0.647797","ng/mL","80","mg","2","0"
"9","Macpherson_2015_rosuvastatin","rosuvastatin","0","168","0","ng/mL","80","mg","2","1"
"9","Macpherson_2015_rosuvastatin","rosuvastatin","0","283","0.016369","ng/mL","80","mg","2","0"
"10","Macpherson_2015_rosuvastatin","rosuvastatin","1","0",".","ng/mL","80","mg","2","."
"10","Macpherson_2015_rosuvastatin","rosuvastatin","0","0","0","ng/mL","80","mg","2","0"
"10","Macpherson_2015_rosuvastatin","rosuvastatin","0","1","13.75705","ng/mL","80","mg","2","0"
"10","Macpherson_2015_rosuvastatin","rosuvastatin","0","2","36.09843","ng/mL","80","mg","2","0"
"10","Macpherson_2015_rosuvastatin","rosuvastatin","0","4","33.409447","ng/mL","80","mg","2","0"
"10","Macpherson_2015_rosuvastatin","rosuvastatin","0","8","11.180452","ng/mL","80","mg","2","0"
"10","Macpherson_2015_rosuvastatin","rosuvastatin","0","24","0.560121","ng/mL","80","mg","2","0"
"10","Macpherson_2015_rosuvastatin","rosuvastatin","0","48","1.20504","ng/mL","80","mg","2","0"
"10","Macpherson_2015_rosuvastatin","rosuvastatin","0","72","0.14688","ng/mL","80","mg","2","0"
"10","Macpherson_2015_rosuvastatin","rosuvastatin","0","96","0.685478","ng/mL","80","mg","2","0"
"10","Macpherson_2015_rosuvastatin","rosuvastatin","0","120","0.273625","ng/mL","80","mg","2","0"
"10","Macpherson_2015_rosuvastatin","rosuvastatin","0","168","0.28416","ng/mL","80","mg","2","0"
"10","Macpherson_2015_rosuvastatin","rosuvastatin","0","283","0.132222","ng/mL","80","mg","2","0"
"1","Kloft_2004_sibrotuzumab","sibrotuzumab","1","0",".","mg/L","80","mg","1","."
"1","Kloft_2004_sibrotuzumab","sibrotuzumab","0","0","19.361095","mg/L","80","mg","1","0"
"1","Kloft_2004_sibrotuzumab","sibrotuzumab","0","4","17.169753","mg/L","80","mg","1","0"
"1","Kloft_2004_sibrotuzumab","sibrotuzumab","0","24","13.651528","mg/L","80","mg","1","0"
"1","Kloft_2004_sibrotuzumab","sibrotuzumab","0","72","8.973784","mg/L","80","mg","1","0"
"1","Kloft_2004_sibrotuzumab","sibrotuzumab","0","168","6.729723","mg/L","80","mg","1","0"
"1","Kloft_2004_sibrotuzumab","sibrotuzumab","0","336","4.496648","mg/L","80","mg","1","0"
"1","Kloft_2004_sibrotuzumab","sibrotuzumab","0","504","2.66807","mg/L","80","mg","1","0"
"1","Kloft_2004_sibrotuzumab","sibrotuzumab","0","672","1.775045","mg/L","80","mg","1","0"
"1","Kloft_2004_sibrotuzumab","sibrotuzumab","0","840","0.831858","mg/L","80","mg","1","0"
"1","Kloft_2004_sibrotuzumab","sibrotuzumab","0","1008","0.689254","mg/L","80","mg","1","0"
"1","Kloft_2004_sibrotuzumab","sibrotuzumab","0","1176","0.583091","mg/L","80","mg","1","0"
"1","Kloft_2004_sibrotuzumab","sibrotuzumab","0","1328","0.14209","mg/L","80","mg","1","0"
"2","Kloft_2004_sibrotuzumab","sibrotuzumab","1","0",".","mg/L","80","mg","1","."
"2","Kloft_2004_sibrotuzumab","sibrotuzumab","0","0","15.463324","mg/L","80","mg","1","0"
"2","Kloft_2004_sibrotuzumab","sibrotuzumab","0","4","12.96853","mg/L","80","mg","1","0"
"2","Kloft_2004_sibrotuzumab","sibrotuzumab","0","24","11.547849","mg/L","80","mg","1","0"
"2","Kloft_2004_sibrotuzumab","sibrotuzumab","0","72","8.437201","mg/L","80","mg","1","0"
"2","Kloft_2004_sibrotuzumab","sibrotuzumab","0","168","5.43691","mg/L","80","mg","1","0"
"2","Kloft_2004_sibrotuzumab","sibrotuzumab","0","336","3.295585","mg/L","80","mg","1","0"
"2","Kloft_2004_sibrotuzumab","sibrotuzumab","0","504","1.814956","mg/L","80","mg","1","0"
"2","Kloft_2004_sibrotuzumab","sibrotuzumab","0","672","1.754021","mg/L","80","mg","1","0"
"2","Kloft_2004_sibrotuzumab","sibrotuzumab","0","840","0.719565","mg/L","80","mg","1","0"
"2","Kloft_2004_sibrotuzumab","sibrotuzumab","0","1008","0.514067","mg/L","80","mg","1","0"
"2","Kloft_2004_sibrotuzumab","sibrotuzumab","0","1176","0.496804","mg/L","80","mg","1","0"
"2","Kloft_2004_sibrotuzumab","sibrotuzumab","0","1328","0.275637","mg/L","80","mg","1","0"
"3","Kloft_2004_sibrotuzumab","sibrotuzumab","1","0",".","mg/L","80","mg","1","."
"3","Kloft_2004_sibrotuzumab","sibrotuzumab","0","0","17.578493","mg/L","80","mg","1","0"
"3","Kloft_2004_sibrotuzumab","sibrotuzumab","0","4","16.557073","mg/L","80","mg","1","0"
"3","Kloft_2004_sibrotuzumab","sibrotuzumab","0","24","12.9074","mg/L","80","mg","1","0"
"3","Kloft_2004_sibrotuzumab","sibrotuzumab","0","72","8.218911","mg/L","80","mg","1","0"
"3","Kloft_2004_sibrotuzumab","sibrotuzumab","0","168","4.589603","mg/L","80","mg","1","0"
"3","Kloft_2004_sibrotuzumab","sibrotuzumab","0","336","2.662579","mg/L","80","mg","1","0"
"3","Kloft_2004_sibrotuzumab","sibrotuzumab","0","504","1.327566","mg/L","80","mg","1","0"
"3","Kloft_2004_sibrotuzumab","sibrotuzumab","0","672","0.996526","mg/L","80","mg","1","0"
"3","Kloft_2004_sibrotuzumab","sibrotuzumab","0","840","0.422969","mg/L","80","mg","1","0"
"3","Kloft_2004_sibrotuzumab","sibrotuzumab","0","1008","0.326308","mg/L","80","mg","1","0"
"3","Kloft_2004_sibrotuzumab","sibrotuzumab","0","1176","0.227394","mg/L","80","mg","1","0"
"3","Kloft_2004_sibrotuzumab","sibrotuzumab","0","1328","0.120738","mg/L","80","mg","1","0"
"4","Kloft_2004_sibrotuzumab","sibrotuzumab","1","0",".","mg/L","80","mg","1","."
"4","Kloft_2004_sibrotuzumab","sibrotuzumab","0","0","32.378321","mg/L","80","mg","1","0"
"4","Kloft_2004_sibrotuzumab","sibrotuzumab","0","4","26.267877","mg/L","80","mg","1","0"
"4","Kloft_2004_sibrotuzumab","sibrotuzumab","0","24","18.049137","mg/L","80","mg","1","0"
"4","Kloft_2004_sibrotuzumab","sibrotuzumab","0","72","10.259898","mg/L","80","mg","1","0"
"4","Kloft_2004_sibrotuzumab","sibrotuzumab","0","168","6.596125","mg/L","80","mg","1","0"
"4","Kloft_2004_sibrotuzumab","sibrotuzumab","0","336","3.838462","mg/L","80","mg","1","0"
"4","Kloft_2004_sibrotuzumab","sibrotuzumab","0","504","2.718819","mg/L","80","mg","1","0"
"4","Kloft_2004_sibrotuzumab","sibrotuzumab","0","672","1.893205","mg/L","80","mg","1","0"
"4","Kloft_2004_sibrotuzumab","sibrotuzumab","0","840","1.170361","mg/L","80","mg","1","0"
"4","Kloft_2004_sibrotuzumab","sibrotuzumab","0","1008","0.802243","mg/L","80","mg","1","0"
"4","Kloft_2004_sibrotuzumab","sibrotuzumab","0","1176","0.769518","mg/L","80","mg","1","0"
"4","Kloft_2004_sibrotuzumab","sibrotuzumab","0","1328","0.47847","mg/L","80","mg","1","0"
"5","Kloft_2004_sibrotuzumab","sibrotuzumab","1","0",".","mg/L","80","mg","1","."
"5","Kloft_2004_sibrotuzumab","sibrotuzumab","0","0","22.863807","mg/L","80","mg","1","0"
"5","Kloft_2004_sibrotuzumab","sibrotuzumab","0","4","19.275963","mg/L","80","mg","1","0"
"5","Kloft_2004_sibrotuzumab","sibrotuzumab","0","24","14.059722","mg/L","80","mg","1","0"
"5","Kloft_2004_sibrotuzumab","sibrotuzumab","0","72","6.459405","mg/L","80","mg","1","0"
"5","Kloft_2004_sibrotuzumab","sibrotuzumab","0","168","3.103269","mg/L","80","mg","1","0"
"5","Kloft_2004_sibrotuzumab","sibrotuzumab","0","336","0.889775","mg/L","80","mg","1","0"
"5","Kloft_2004_sibrotuzumab","sibrotuzumab","0","504","0.340247","mg/L","80","mg","1","0"
"5","Kloft_2004_sibrotuzumab","sibrotuzumab","0","672","0.085555","mg/L","80","mg","1","0"
"5","Kloft_2004_sibrotuzumab","sibrotuzumab","0","840","0.07795","mg/L","80","mg","1","0"
"5","Kloft_2004_sibrotuzumab","sibrotuzumab","0","1008","0","mg/L","80","mg","1","1"
"5","Kloft_2004_sibrotuzumab","sibrotuzumab","0","1176","0","mg/L","80","mg","1","1"
"5","Kloft_2004_sibrotuzumab","sibrotuzumab","0","1328","0","mg/L","80","mg","1","1"
"6","Kloft_2004_sibrotuzumab","sibrotuzumab","1","0",".","mg/L","80","mg","1","."
"6","Kloft_2004_sibrotuzumab","sibrotuzumab","0","0","21.539407","mg/L","80","mg","1","0"
"6","Kloft_2004_sibrotuzumab","sibrotuzumab","0","4","20.321835","mg/L","80","mg","1","0"
"6","Kloft_2004_sibrotuzumab","sibrotuzumab","0","24","14.828039","mg/L","80","mg","1","0"
"6","Kloft_2004_sibrotuzumab","sibrotuzumab","0","72","8.216498","mg/L","80","mg","1","0"
"6","Kloft_2004_sibrotuzumab","sibrotuzumab","0","168","4.554529","mg/L","80","mg","1","0"
"6","Kloft_2004_sibrotuzumab","sibrotuzumab","0","336","2.467883","mg/L","80","mg","1","0"
"6","Kloft_2004_sibrotuzumab","sibrotuzumab","0","504","1.728416","mg/L","80","mg","1","0"
"6","Kloft_2004_sibrotuzumab","sibrotuzumab","0","672","1.028302","mg/L","80","mg","1","0"
"6","Kloft_2004_sibrotuzumab","sibrotuzumab","0","840","0.410157","mg/L","80","mg","1","0"
"6","Kloft_2004_sibrotuzumab","sibrotuzumab","0","1008","0.240103","mg/L","80","mg","1","0"
"6","Kloft_2004_sibrotuzumab","sibrotuzumab","0","1176","0.148386","mg/L","80","mg","1","0"
"6","Kloft_2004_sibrotuzumab","sibrotuzumab","0","1328","0.050665","mg/L","80","mg","1","0"
"7","Kloft_2004_sibrotuzumab","sibrotuzumab","1","0",".","mg/L","80","mg","1","."
"7","Kloft_2004_sibrotuzumab","sibrotuzumab","0","0","23.06581","mg/L","80","mg","1","0"
"7","Kloft_2004_sibrotuzumab","sibrotuzumab","0","4","21.331167","mg/L","80","mg","1","0"
"7","Kloft_2004_sibrotuzumab","sibrotuzumab","0","24","15.624314","mg/L","80","mg","1","0"
"7","Kloft_2004_sibrotuzumab","sibrotuzumab","0","72","9.697736","mg/L","80","mg","1","0"
"7","Kloft_2004_sibrotuzumab","sibrotuzumab","0","168","5.762935","mg/L","80","mg","1","0"
"7","Kloft_2004_sibrotuzumab","sibrotuzumab","0","336","3.249994","mg/L","80","mg","1","0"
"7","Kloft_2004_sibrotuzumab","sibrotuzumab","0","504","1.712141","mg/L","80","mg","1","0"
"7","Kloft_2004_sibrotuzumab","sibrotuzumab","0","672","1.179381","mg/L","80","mg","1","0"
"7","Kloft_2004_sibrotuzumab","sibrotuzumab","0","840","0.232645","mg/L","80","mg","1","0"
"7","Kloft_2004_sibrotuzumab","sibrotuzumab","0","1008","0.516004","mg/L","80","mg","1","0"
"7","Kloft_2004_sibrotuzumab","sibrotuzumab","0","1176","0.158512","mg/L","80","mg","1","0"
"7","Kloft_2004_sibrotuzumab","sibrotuzumab","0","1328","0.103439","mg/L","80","mg","1","0"
"8","Kloft_2004_sibrotuzumab","sibrotuzumab","1","0",".","mg/L","80","mg","1","."
"8","Kloft_2004_sibrotuzumab","sibrotuzumab","0","0","23.986845","mg/L","80","mg","1","0"
"8","Kloft_2004_sibrotuzumab","sibrotuzumab","0","4","24.49123","mg/L","80","mg","1","0"
"8","Kloft_2004_sibrotuzumab","sibrotuzumab","0","24","16.995161","mg/L","80","mg","1","0"
"8","Kloft_2004_sibrotuzumab","sibrotuzumab","0","72","11.306494","mg/L","80","mg","1","0"
"8","Kloft_2004_sibrotuzumab","sibrotuzumab","0","168","7.803351","mg/L","80","mg","1","0"
"8","Kloft_2004_sibrotuzumab","sibrotuzumab","0","336","4.916654","mg/L","80","mg","1","0"
"8","Kloft_2004_sibrotuzumab","sibrotuzumab","0","504","3.788426","mg/L","80","mg","1","0"
"8","Kloft_2004_sibrotuzumab","sibrotuzumab","0","672","1.860459","mg/L","80","mg","1","0"
"8","Kloft_2004_sibrotuzumab","sibrotuzumab","0","840","1.505861","mg/L","80","mg","1","0"
"8","Kloft_2004_sibrotuzumab","sibrotuzumab","0","1008","0.840687","mg/L","80","mg","1","0"
"8","Kloft_2004_sibrotuzumab","sibrotuzumab","0","1176","0.583021","mg/L","80","mg","1","0"
"8","Kloft_2004_sibrotuzumab","sibrotuzumab","0","1328","0.440677","mg/L","80","mg","1","0"
"9","Kloft_2004_sibrotuzumab","sibrotuzumab","1","0",".","mg/L","80","mg","1","."
"9","Kloft_2004_sibrotuzumab","sibrotuzumab","0","0","24.298299","mg/L","80","mg","1","0"
"9","Kloft_2004_sibrotuzumab","sibrotuzumab","0","4","21.866806","mg/L","80","mg","1","0"
"9","Kloft_2004_sibrotuzumab","sibrotuzumab","0","24","17.193447","mg/L","80","mg","1","0"
"9","Kloft_2004_sibrotuzumab","sibrotuzumab","0","72","12.00231","mg/L","80","mg","1","0"
"9","Kloft_2004_sibrotuzumab","sibrotuzumab","0","168","9.878579","mg/L","80","mg","1","0"
"9","Kloft_2004_sibrotuzumab","sibrotuzumab","0","336","7.081503","mg/L","80","mg","1","0"
"9","Kloft_2004_sibrotuzumab","sibrotuzumab","0","504","6.088898","mg/L","80","mg","1","0"
"9","Kloft_2004_sibrotuzumab","sibrotuzumab","0","672","5.391835","mg/L","80","mg","1","0"
"9","Kloft_2004_sibrotuzumab","sibrotuzumab","0","840","4.842667","mg/L","80","mg","1","0"
"9","Kloft_2004_sibrotuzumab","sibrotuzumab","0","1008","4.118635","mg/L","80","mg","1","0"
"9","Kloft_2004_sibrotuzumab","sibrotuzumab","0","1176","3.558886","mg/L","80","mg","1","0"
"9","Kloft_2004_sibrotuzumab","sibrotuzumab","0","1328","2.629218","mg/L","80","mg","1","0"
"10","Kloft_2004_sibrotuzumab","sibrotuzumab","1","0",".","mg/L","80","mg","1","."
"10","Kloft_2004_sibrotuzumab","sibrotuzumab","0","0","19.252831","mg/L","80","mg","1","0"
"10","Kloft_2004_sibrotuzumab","sibrotuzumab","0","4","17.154546","mg/L","80","mg","1","0"
"10","Kloft_2004_sibrotuzumab","sibrotuzumab","0","24","13.497675","mg/L","80","mg","1","0"
"10","Kloft_2004_sibrotuzumab","sibrotuzumab","0","72","9.010907","mg/L","80","mg","1","0"
"10","Kloft_2004_sibrotuzumab","sibrotuzumab","0","168","5.892486","mg/L","80","mg","1","0"
"10","Kloft_2004_sibrotuzumab","sibrotuzumab","0","336","4.156307","mg/L","80","mg","1","0"
"10","Kloft_2004_sibrotuzumab","sibrotuzumab","0","504","3.235357","mg/L","80","mg","1","0"
"10","Kloft_2004_sibrotuzumab","sibrotuzumab","0","672","2.523316","mg/L","80","mg","1","0"
"10","Kloft_2004_sibrotuzumab","sibrotuzumab","0","840","1.308975","mg/L","80","mg","1","0"
"10","Kloft_2004_sibrotuzumab","sibrotuzumab","0","1008","0.907916","mg/L","80","mg","1","0"
"10","Kloft_2004_sibrotuzumab","sibrotuzumab","0","1176","0.490319","mg/L","80","mg","1","0"
"10","Kloft_2004_sibrotuzumab","sibrotuzumab","0","1328","0.345758","mg/L","80","mg","1","0"
"1","Golubovic_2019_sirolimus","sirolimus","1","0",".","ng/mL","100","mg","2","."
"1","Golubovic_2019_sirolimus","sirolimus","0","0","0","ng/mL","100","mg","2","0"
"1","Golubovic_2019_sirolimus","sirolimus","0","1","1124.81252","ng/mL","100","mg","2","0"
"1","Golubovic_2019_sirolimus","sirolimus","0","2","1221.078627","ng/mL","100","mg","2","0"
"1","Golubovic_2019_sirolimus","sirolimus","0","4","746.806639","ng/mL","100","mg","2","0"
"1","Golubovic_2019_sirolimus","sirolimus","0","8","389.728406","ng/mL","100","mg","2","0"
"1","Golubovic_2019_sirolimus","sirolimus","0","24","46.801505","ng/mL","100","mg","2","0"
"1","Golubovic_2019_sirolimus","sirolimus","0","48","19.644574","ng/mL","100","mg","2","0"
"1","Golubovic_2019_sirolimus","sirolimus","0","72","16.924591","ng/mL","100","mg","2","0"
"1","Golubovic_2019_sirolimus","sirolimus","0","96","8.368597","ng/mL","100","mg","2","0"
"1","Golubovic_2019_sirolimus","sirolimus","0","120","11.468079","ng/mL","100","mg","2","0"
"1","Golubovic_2019_sirolimus","sirolimus","0","168","7.793942","ng/mL","100","mg","2","0"
"1","Golubovic_2019_sirolimus","sirolimus","0","336","3.361499","ng/mL","100","mg","2","0"
"1","Golubovic_2019_sirolimus","sirolimus","0","504","3.093349","ng/mL","100","mg","2","0"
"1","Golubovic_2019_sirolimus","sirolimus","0","672","0","ng/mL","100","mg","2","1"
"1","Golubovic_2019_sirolimus","sirolimus","0","705","0","ng/mL","100","mg","2","1"
"2","Golubovic_2019_sirolimus","sirolimus","1","0",".","ng/mL","100","mg","2","."
"2","Golubovic_2019_sirolimus","sirolimus","0","0","0","ng/mL","100","mg","2","0"
"2","Golubovic_2019_sirolimus","sirolimus","0","1","946.807297","ng/mL","100","mg","2","0"
"2","Golubovic_2019_sirolimus","sirolimus","0","2","1117.863071","ng/mL","100","mg","2","0"
"2","Golubovic_2019_sirolimus","sirolimus","0","4","990.735244","ng/mL","100","mg","2","0"
"2","Golubovic_2019_sirolimus","sirolimus","0","8","504.747549","ng/mL","100","mg","2","0"
"2","Golubovic_2019_sirolimus","sirolimus","0","24","50.628871","ng/mL","100","mg","2","0"
"2","Golubovic_2019_sirolimus","sirolimus","0","48","26.141977","ng/mL","100","mg","2","0"
"2","Golubovic_2019_sirolimus","sirolimus","0","72","22.270314","ng/mL","100","mg","2","0"
"2","Golubovic_2019_sirolimus","sirolimus","0","96","11.680731","ng/mL","100","mg","2","0"
"2","Golubovic_2019_sirolimus","sirolimus","0","120","13.209274","ng/mL","100","mg","2","0"
"2","Golubovic_2019_sirolimus","sirolimus","0","168","17.222171","ng/mL","100","mg","2","0"
"2","Golubovic_2019_sirolimus","sirolimus","0","336","6.714576","ng/mL","100","mg","2","0"
"2","Golubovic_2019_sirolimus","sirolimus","0","504","4.894912","ng/mL","100","mg","2","0"
"2","Golubovic_2019_sirolimus","sirolimus","0","672","0.160339","ng/mL","100","mg","2","0"
"2","Golubovic_2019_sirolimus","sirolimus","0","705","0","ng/mL","100","mg","2","1"
"3","Golubovic_2019_sirolimus","sirolimus","1","0",".","ng/mL","100","mg","2","."
"3","Golubovic_2019_sirolimus","sirolimus","0","0","0","ng/mL","100","mg","2","0"
"3","Golubovic_2019_sirolimus","sirolimus","0","1","852.744071","ng/mL","100","mg","2","0"
"3","Golubovic_2019_sirolimus","sirolimus","0","2","1067.168736","ng/mL","100","mg","2","0"
"3","Golubovic_2019_sirolimus","sirolimus","0","4","855.069296","ng/mL","100","mg","2","0"
"3","Golubovic_2019_sirolimus","sirolimus","0","8","440.869965","ng/mL","100","mg","2","0"
"3","Golubovic_2019_sirolimus","sirolimus","0","24","53.879646","ng/mL","100","mg","2","0"
"3","Golubovic_2019_sirolimus","sirolimus","0","48","17.727742","ng/mL","100","mg","2","0"
"3","Golubovic_2019_sirolimus","sirolimus","0","72","24.193649","ng/mL","100","mg","2","0"
"3","Golubovic_2019_sirolimus","sirolimus","0","96","19.49147","ng/mL","100","mg","2","0"
"3","Golubovic_2019_sirolimus","sirolimus","0","120","16.316048","ng/mL","100","mg","2","0"
"3","Golubovic_2019_sirolimus","sirolimus","0","168","18.189243","ng/mL","100","mg","2","0"
"3","Golubovic_2019_sirolimus","sirolimus","0","336","6.807484","ng/mL","100","mg","2","0"
"3","Golubovic_2019_sirolimus","sirolimus","0","504","1.382289","ng/mL","100","mg","2","0"
"3","Golubovic_2019_sirolimus","sirolimus","0","672","5.16825","ng/mL","100","mg","2","0"
"3","Golubovic_2019_sirolimus","sirolimus","0","705","3.763936","ng/mL","100","mg","2","0"
"4","Golubovic_2019_sirolimus","sirolimus","1","0",".","ng/mL","100","mg","2","."
"4","Golubovic_2019_sirolimus","sirolimus","0","0","0","ng/mL","100","mg","2","0"
"4","Golubovic_2019_sirolimus","sirolimus","0","1","655.264715","ng/mL","100","mg","2","0"
"4","Golubovic_2019_sirolimus","sirolimus","0","2","659.947874","ng/mL","100","mg","2","0"
"4","Golubovic_2019_sirolimus","sirolimus","0","4","477.351868","ng/mL","100","mg","2","0"
"4","Golubovic_2019_sirolimus","sirolimus","0","8","319.281219","ng/mL","100","mg","2","0"
"4","Golubovic_2019_sirolimus","sirolimus","0","24","38.096106","ng/mL","100","mg","2","0"
"4","Golubovic_2019_sirolimus","sirolimus","0","48","39.086623","ng/mL","100","mg","2","0"
"4","Golubovic_2019_sirolimus","sirolimus","0","72","46.013541","ng/mL","100","mg","2","0"
"4","Golubovic_2019_sirolimus","sirolimus","0","96","20.3476","ng/mL","100","mg","2","0"
"4","Golubovic_2019_sirolimus","sirolimus","0","120","26.787942","ng/mL","100","mg","2","0"
"4","Golubovic_2019_sirolimus","sirolimus","0","168","9.913372","ng/mL","100","mg","2","0"
"4","Golubovic_2019_sirolimus","sirolimus","0","336","0.360617","ng/mL","100","mg","2","0"
"4","Golubovic_2019_sirolimus","sirolimus","0","504","0.274022","ng/mL","100","mg","2","0"
"4","Golubovic_2019_sirolimus","sirolimus","0","672","0","ng/mL","100","mg","2","1"
"4","Golubovic_2019_sirolimus","sirolimus","0","705","0.795249","ng/mL","100","mg","2","0"
"5","Golubovic_2019_sirolimus","sirolimus","1","0",".","ng/mL","100","mg","2","."
"5","Golubovic_2019_sirolimus","sirolimus","0","0","0","ng/mL","100","mg","2","0"
"5","Golubovic_2019_sirolimus","sirolimus","0","1","764.403448","ng/mL","100","mg","2","0"
"5","Golubovic_2019_sirolimus","sirolimus","0","2","781.660527","ng/mL","100","mg","2","0"
"5","Golubovic_2019_sirolimus","sirolimus","0","4","435.563924","ng/mL","100","mg","2","0"
"5","Golubovic_2019_sirolimus","sirolimus","0","8","355.079065","ng/mL","100","mg","2","0"
"5","Golubovic_2019_sirolimus","sirolimus","0","24","42.749753","ng/mL","100","mg","2","0"
"5","Golubovic_2019_sirolimus","sirolimus","0","48","8.910132","ng/mL","100","mg","2","0"
"5","Golubovic_2019_sirolimus","sirolimus","0","72","8.248148","ng/mL","100","mg","2","0"
"5","Golubovic_2019_sirolimus","sirolimus","0","96","8.549179","ng/mL","100","mg","2","0"
"5","Golubovic_2019_sirolimus","sirolimus","0","120","6.972977","ng/mL","100","mg","2","0"
"5","Golubovic_2019_sirolimus","sirolimus","0","168","6.576343","ng/mL","100","mg","2","0"
"5","Golubovic_2019_sirolimus","sirolimus","0","336","2.540039","ng/mL","100","mg","2","0"
"5","Golubovic_2019_sirolimus","sirolimus","0","504","0","ng/mL","100","mg","2","1"
"5","Golubovic_2019_sirolimus","sirolimus","0","672","3.68465","ng/mL","100","mg","2","0"
"5","Golubovic_2019_sirolimus","sirolimus","0","705","4.32752","ng/mL","100","mg","2","0"
"6","Golubovic_2019_sirolimus","sirolimus","1","0",".","ng/mL","100","mg","2","."
"6","Golubovic_2019_sirolimus","sirolimus","0","0","0","ng/mL","100","mg","2","0"
"6","Golubovic_2019_sirolimus","sirolimus","0","1","559.270609","ng/mL","100","mg","2","0"
"6","Golubovic_2019_sirolimus","sirolimus","0","2","278.664592","ng/mL","100","mg","2","0"
"6","Golubovic_2019_sirolimus","sirolimus","0","4","412.247447","ng/mL","100","mg","2","0"
"6","Golubovic_2019_sirolimus","sirolimus","0","8","209.776101","ng/mL","100","mg","2","0"
"6","Golubovic_2019_sirolimus","sirolimus","0","24","66.08412","ng/mL","100","mg","2","0"
"6","Golubovic_2019_sirolimus","sirolimus","0","48","47.188484","ng/mL","100","mg","2","0"
"6","Golubovic_2019_sirolimus","sirolimus","0","72","25.231861","ng/mL","100","mg","2","0"
"6","Golubovic_2019_sirolimus","sirolimus","0","96","21.809801","ng/mL","100","mg","2","0"
"6","Golubovic_2019_sirolimus","sirolimus","0","120","8.860697","ng/mL","100","mg","2","0"
"6","Golubovic_2019_sirolimus","sirolimus","0","168","1.98824","ng/mL","100","mg","2","0"
"6","Golubovic_2019_sirolimus","sirolimus","0","336","5.935138","ng/mL","100","mg","2","0"
"6","Golubovic_2019_sirolimus","sirolimus","0","504","0","ng/mL","100","mg","2","1"
"6","Golubovic_2019_sirolimus","sirolimus","0","672","0","ng/mL","100","mg","2","1"
"6","Golubovic_2019_sirolimus","sirolimus","0","705","1.209626","ng/mL","100","mg","2","0"
"7","Golubovic_2019_sirolimus","sirolimus","1","0",".","ng/mL","100","mg","2","."
"7","Golubovic_2019_sirolimus","sirolimus","0","0","0","ng/mL","100","mg","2","0"
"7","Golubovic_2019_sirolimus","sirolimus","0","1","765.942764","ng/mL","100","mg","2","0"
"7","Golubovic_2019_sirolimus","sirolimus","0","2","1158.169156","ng/mL","100","mg","2","0"
"7","Golubovic_2019_sirolimus","sirolimus","0","4","738.915451","ng/mL","100","mg","2","0"
"7","Golubovic_2019_sirolimus","sirolimus","0","8","365.88962","ng/mL","100","mg","2","0"
"7","Golubovic_2019_sirolimus","sirolimus","0","24","50.507154","ng/mL","100","mg","2","0"
"7","Golubovic_2019_sirolimus","sirolimus","0","48","19.638872","ng/mL","100","mg","2","0"
"7","Golubovic_2019_sirolimus","sirolimus","0","72","33.19259","ng/mL","100","mg","2","0"
"7","Golubovic_2019_sirolimus","sirolimus","0","96","27.823621","ng/mL","100","mg","2","0"
"7","Golubovic_2019_sirolimus","sirolimus","0","120","17.265375","ng/mL","100","mg","2","0"
"7","Golubovic_2019_sirolimus","sirolimus","0","168","9.547046","ng/mL","100","mg","2","0"
"7","Golubovic_2019_sirolimus","sirolimus","0","336","8.848162","ng/mL","100","mg","2","0"
"7","Golubovic_2019_sirolimus","sirolimus","0","504","4.554321","ng/mL","100","mg","2","0"
"7","Golubovic_2019_sirolimus","sirolimus","0","672","3.780112","ng/mL","100","mg","2","0"
"7","Golubovic_2019_sirolimus","sirolimus","0","705","1.503377","ng/mL","100","mg","2","0"
"8","Golubovic_2019_sirolimus","sirolimus","1","0",".","ng/mL","100","mg","2","."
"8","Golubovic_2019_sirolimus","sirolimus","0","0","0","ng/mL","100","mg","2","0"
"8","Golubovic_2019_sirolimus","sirolimus","0","1","314.812936","ng/mL","100","mg","2","0"
"8","Golubovic_2019_sirolimus","sirolimus","0","2","415.936247","ng/mL","100","mg","2","0"
"8","Golubovic_2019_sirolimus","sirolimus","0","4","353.941334","ng/mL","100","mg","2","0"
"8","Golubovic_2019_sirolimus","sirolimus","0","8","340.138045","ng/mL","100","mg","2","0"
"8","Golubovic_2019_sirolimus","sirolimus","0","24","141.893593","ng/mL","100","mg","2","0"
"8","Golubovic_2019_sirolimus","sirolimus","0","48","48.051704","ng/mL","100","mg","2","0"
"8","Golubovic_2019_sirolimus","sirolimus","0","72","35.863223","ng/mL","100","mg","2","0"
"8","Golubovic_2019_sirolimus","sirolimus","0","96","21.918389","ng/mL","100","mg","2","0"
"8","Golubovic_2019_sirolimus","sirolimus","0","120","29.293325","ng/mL","100","mg","2","0"
"8","Golubovic_2019_sirolimus","sirolimus","0","168","17.563087","ng/mL","100","mg","2","0"
"8","Golubovic_2019_sirolimus","sirolimus","0","336","7.620531","ng/mL","100","mg","2","0"
"8","Golubovic_2019_sirolimus","sirolimus","0","504","6.475682","ng/mL","100","mg","2","0"
"8","Golubovic_2019_sirolimus","sirolimus","0","672","0.227137","ng/mL","100","mg","2","0"
"8","Golubovic_2019_sirolimus","sirolimus","0","705","2.548079","ng/mL","100","mg","2","0"
"9","Golubovic_2019_sirolimus","sirolimus","1","0",".","ng/mL","100","mg","2","."
"9","Golubovic_2019_sirolimus","sirolimus","0","0","0","ng/mL","100","mg","2","0"
"9","Golubovic_2019_sirolimus","sirolimus","0","1","638.38805","ng/mL","100","mg","2","0"
"9","Golubovic_2019_sirolimus","sirolimus","0","2","374.96529","ng/mL","100","mg","2","0"
"9","Golubovic_2019_sirolimus","sirolimus","0","4","570.893879","ng/mL","100","mg","2","0"
"9","Golubovic_2019_sirolimus","sirolimus","0","8","316.141374","ng/mL","100","mg","2","0"
"9","Golubovic_2019_sirolimus","sirolimus","0","24","82.395295","ng/mL","100","mg","2","0"
"9","Golubovic_2019_sirolimus","sirolimus","0","48","26.868375","ng/mL","100","mg","2","0"
"9","Golubovic_2019_sirolimus","sirolimus","0","72","6.381119","ng/mL","100","mg","2","0"
"9","Golubovic_2019_sirolimus","sirolimus","0","96","10.728651","ng/mL","100","mg","2","0"
"9","Golubovic_2019_sirolimus","sirolimus","0","120","8.624847","ng/mL","100","mg","2","0"
"9","Golubovic_2019_sirolimus","sirolimus","0","168","11.067836","ng/mL","100","mg","2","0"
"9","Golubovic_2019_sirolimus","sirolimus","0","336","0","ng/mL","100","mg","2","1"
"9","Golubovic_2019_sirolimus","sirolimus","0","504","1.198729","ng/mL","100","mg","2","0"
"9","Golubovic_2019_sirolimus","sirolimus","0","672","1.021957","ng/mL","100","mg","2","0"
"9","Golubovic_2019_sirolimus","sirolimus","0","705","1.416972","ng/mL","100","mg","2","0"
"10","Golubovic_2019_sirolimus","sirolimus","1","0",".","ng/mL","100","mg","2","."
"10","Golubovic_2019_sirolimus","sirolimus","0","0","0","ng/mL","100","mg","2","0"
"10","Golubovic_2019_sirolimus","sirolimus","0","1","669.072281","ng/mL","100","mg","2","0"
"10","Golubovic_2019_sirolimus","sirolimus","0","2","823.13031","ng/mL","100","mg","2","0"
"10","Golubovic_2019_sirolimus","sirolimus","0","4","599.962336","ng/mL","100","mg","2","0"
"10","Golubovic_2019_sirolimus","sirolimus","0","8","374.967691","ng/mL","100","mg","2","0"
"10","Golubovic_2019_sirolimus","sirolimus","0","24","84.842626","ng/mL","100","mg","2","0"
"10","Golubovic_2019_sirolimus","sirolimus","0","48","36.436991","ng/mL","100","mg","2","0"
"10","Golubovic_2019_sirolimus","sirolimus","0","72","23.071316","ng/mL","100","mg","2","0"
"10","Golubovic_2019_sirolimus","sirolimus","0","96","27.806562","ng/mL","100","mg","2","0"
"10","Golubovic_2019_sirolimus","sirolimus","0","120","15.391236","ng/mL","100","mg","2","0"
"10","Golubovic_2019_sirolimus","sirolimus","0","168","12.143111","ng/mL","100","mg","2","0"
"10","Golubovic_2019_sirolimus","sirolimus","0","336","2.445187","ng/mL","100","mg","2","0"
"10","Golubovic_2019_sirolimus","sirolimus","0","504","2.473241","ng/mL","100","mg","2","0"
"10","Golubovic_2019_sirolimus","sirolimus","0","672","0.995218","ng/mL","100","mg","2","0"
"10","Golubovic_2019_sirolimus","sirolimus","0","705","1.623662","ng/mL","100","mg","2","0"
"1","Dunlap_2025_tacrolimus","tacrolimus","1","0",".","ng/mL","100","mg","2","."
"1","Dunlap_2025_tacrolimus","tacrolimus","0","0","0","ng/mL","100","mg","2","0"
"1","Dunlap_2025_tacrolimus","tacrolimus","0","1","398.989383","ng/mL","100","mg","2","0"
"1","Dunlap_2025_tacrolimus","tacrolimus","0","2","352.536301","ng/mL","100","mg","2","0"
"1","Dunlap_2025_tacrolimus","tacrolimus","0","4","181.863978","ng/mL","100","mg","2","0"
"1","Dunlap_2025_tacrolimus","tacrolimus","0","8","70.099603","ng/mL","100","mg","2","0"
"1","Dunlap_2025_tacrolimus","tacrolimus","0","24","32.081092","ng/mL","100","mg","2","0"
"1","Dunlap_2025_tacrolimus","tacrolimus","0","48","16.05632","ng/mL","100","mg","2","0"
"1","Dunlap_2025_tacrolimus","tacrolimus","0","72","10.355809","ng/mL","100","mg","2","0"
"1","Dunlap_2025_tacrolimus","tacrolimus","0","96","5.295012","ng/mL","100","mg","2","0"
"1","Dunlap_2025_tacrolimus","tacrolimus","0","120","1.499652","ng/mL","100","mg","2","0"
"1","Dunlap_2025_tacrolimus","tacrolimus","0","168","3.370046","ng/mL","100","mg","2","0"
"1","Dunlap_2025_tacrolimus","tacrolimus","0","282","0","ng/mL","100","mg","2","1"
"2","Dunlap_2025_tacrolimus","tacrolimus","1","0",".","ng/mL","100","mg","2","."
"2","Dunlap_2025_tacrolimus","tacrolimus","0","0","0","ng/mL","100","mg","2","0"
"2","Dunlap_2025_tacrolimus","tacrolimus","0","1","124.39644","ng/mL","100","mg","2","0"
"2","Dunlap_2025_tacrolimus","tacrolimus","0","2","180.69099","ng/mL","100","mg","2","0"
"2","Dunlap_2025_tacrolimus","tacrolimus","0","4","195.015406","ng/mL","100","mg","2","0"
"2","Dunlap_2025_tacrolimus","tacrolimus","0","8","123.399333","ng/mL","100","mg","2","0"
"2","Dunlap_2025_tacrolimus","tacrolimus","0","24","24.409041","ng/mL","100","mg","2","0"
"2","Dunlap_2025_tacrolimus","tacrolimus","0","48","24.007039","ng/mL","100","mg","2","0"
"2","Dunlap_2025_tacrolimus","tacrolimus","0","72","18.693531","ng/mL","100","mg","2","0"
"2","Dunlap_2025_tacrolimus","tacrolimus","0","96","13.082368","ng/mL","100","mg","2","0"
"2","Dunlap_2025_tacrolimus","tacrolimus","0","120","13.771231","ng/mL","100","mg","2","0"
"2","Dunlap_2025_tacrolimus","tacrolimus","0","168","15.858651","ng/mL","100","mg","2","0"
"2","Dunlap_2025_tacrolimus","tacrolimus","0","282","10.483433","ng/mL","100","mg","2","0"
"3","Dunlap_2025_tacrolimus","tacrolimus","1","0",".","ng/mL","100","mg","2","."
"3","Dunlap_2025_tacrolimus","tacrolimus","0","0","0","ng/mL","100","mg","2","0"
"3","Dunlap_2025_tacrolimus","tacrolimus","0","1","285.06141","ng/mL","100","mg","2","0"
"3","Dunlap_2025_tacrolimus","tacrolimus","0","2","313.383789","ng/mL","100","mg","2","0"
"3","Dunlap_2025_tacrolimus","tacrolimus","0","4","204.73065","ng/mL","100","mg","2","0"
"3","Dunlap_2025_tacrolimus","tacrolimus","0","8","77.820925","ng/mL","100","mg","2","0"
"3","Dunlap_2025_tacrolimus","tacrolimus","0","24","34.462998","ng/mL","100","mg","2","0"
"3","Dunlap_2025_tacrolimus","tacrolimus","0","48","19.737993","ng/mL","100","mg","2","0"
"3","Dunlap_2025_tacrolimus","tacrolimus","0","72","9.845063","ng/mL","100","mg","2","0"
"3","Dunlap_2025_tacrolimus","tacrolimus","0","96","3.305162","ng/mL","100","mg","2","0"
"3","Dunlap_2025_tacrolimus","tacrolimus","0","120","0","ng/mL","100","mg","2","1"
"3","Dunlap_2025_tacrolimus","tacrolimus","0","168","0","ng/mL","100","mg","2","1"
"3","Dunlap_2025_tacrolimus","tacrolimus","0","282","0","ng/mL","100","mg","2","1"
"4","Dunlap_2025_tacrolimus","tacrolimus","1","0",".","ng/mL","100","mg","2","."
"4","Dunlap_2025_tacrolimus","tacrolimus","0","0","0","ng/mL","100","mg","2","0"
"4","Dunlap_2025_tacrolimus","tacrolimus","0","1","92.448505","ng/mL","100","mg","2","0"
"4","Dunlap_2025_tacrolimus","tacrolimus","0","2","127.443215","ng/mL","100","mg","2","0"
"4","Dunlap_2025_tacrolimus","tacrolimus","0","4","131.424349","ng/mL","100","mg","2","0"
"4","Dunlap_2025_tacrolimus","tacrolimus","0","8","83.413204","ng/mL","100","mg","2","0"
"4","Dunlap_2025_tacrolimus","tacrolimus","0","24","20.502198","ng/mL","100","mg","2","0"
"4","Dunlap_2025_tacrolimus","tacrolimus","0","48","14.017042","ng/mL","100","mg","2","0"
"4","Dunlap_2025_tacrolimus","tacrolimus","0","72","11.629926","ng/mL","100","mg","2","0"
"4","Dunlap_2025_tacrolimus","tacrolimus","0","96","8.057024","ng/mL","100","mg","2","0"
"4","Dunlap_2025_tacrolimus","tacrolimus","0","120","6.154423","ng/mL","100","mg","2","0"
"4","Dunlap_2025_tacrolimus","tacrolimus","0","168","1.022483","ng/mL","100","mg","2","0"
"4","Dunlap_2025_tacrolimus","tacrolimus","0","282","5.893977","ng/mL","100","mg","2","0"
"5","Dunlap_2025_tacrolimus","tacrolimus","1","0",".","ng/mL","100","mg","2","."
"5","Dunlap_2025_tacrolimus","tacrolimus","0","0","0","ng/mL","100","mg","2","0"
"5","Dunlap_2025_tacrolimus","tacrolimus","0","1","132.399136","ng/mL","100","mg","2","0"
"5","Dunlap_2025_tacrolimus","tacrolimus","0","2","193.501721","ng/mL","100","mg","2","0"
"5","Dunlap_2025_tacrolimus","tacrolimus","0","4","199.755385","ng/mL","100","mg","2","0"
"5","Dunlap_2025_tacrolimus","tacrolimus","0","8","119.450256","ng/mL","100","mg","2","0"
"5","Dunlap_2025_tacrolimus","tacrolimus","0","24","31.294185","ng/mL","100","mg","2","0"
"5","Dunlap_2025_tacrolimus","tacrolimus","0","48","26.223729","ng/mL","100","mg","2","0"
"5","Dunlap_2025_tacrolimus","tacrolimus","0","72","21.932101","ng/mL","100","mg","2","0"
"5","Dunlap_2025_tacrolimus","tacrolimus","0","96","19.505691","ng/mL","100","mg","2","0"
"5","Dunlap_2025_tacrolimus","tacrolimus","0","120","17.623664","ng/mL","100","mg","2","0"
"5","Dunlap_2025_tacrolimus","tacrolimus","0","168","14.601088","ng/mL","100","mg","2","0"
"5","Dunlap_2025_tacrolimus","tacrolimus","0","282","4.539645","ng/mL","100","mg","2","0"
"6","Dunlap_2025_tacrolimus","tacrolimus","1","0",".","ng/mL","100","mg","2","."
"6","Dunlap_2025_tacrolimus","tacrolimus","0","0","0","ng/mL","100","mg","2","0"
"6","Dunlap_2025_tacrolimus","tacrolimus","0","1","392.859766","ng/mL","100","mg","2","0"
"6","Dunlap_2025_tacrolimus","tacrolimus","0","2","282.542061","ng/mL","100","mg","2","0"
"6","Dunlap_2025_tacrolimus","tacrolimus","0","4","119.180033","ng/mL","100","mg","2","0"
"6","Dunlap_2025_tacrolimus","tacrolimus","0","8","28.261314","ng/mL","100","mg","2","0"
"6","Dunlap_2025_tacrolimus","tacrolimus","0","24","13.379013","ng/mL","100","mg","2","0"
"6","Dunlap_2025_tacrolimus","tacrolimus","0","48","6.312827","ng/mL","100","mg","2","0"
"6","Dunlap_2025_tacrolimus","tacrolimus","0","72","4.186441","ng/mL","100","mg","2","0"
"6","Dunlap_2025_tacrolimus","tacrolimus","0","96","4.210291","ng/mL","100","mg","2","0"
"6","Dunlap_2025_tacrolimus","tacrolimus","0","120","4.990434","ng/mL","100","mg","2","0"
"6","Dunlap_2025_tacrolimus","tacrolimus","0","168","0","ng/mL","100","mg","2","1"
"6","Dunlap_2025_tacrolimus","tacrolimus","0","282","0.45048","ng/mL","100","mg","2","0"
"7","Dunlap_2025_tacrolimus","tacrolimus","1","0",".","ng/mL","100","mg","2","."
"7","Dunlap_2025_tacrolimus","tacrolimus","0","0","0","ng/mL","100","mg","2","0"
"7","Dunlap_2025_tacrolimus","tacrolimus","0","1","234.351066","ng/mL","100","mg","2","0"
"7","Dunlap_2025_tacrolimus","tacrolimus","0","2","283.511848","ng/mL","100","mg","2","0"
"7","Dunlap_2025_tacrolimus","tacrolimus","0","4","215.049311","ng/mL","100","mg","2","0"
"7","Dunlap_2025_tacrolimus","tacrolimus","0","8","66.30661","ng/mL","100","mg","2","0"
"7","Dunlap_2025_tacrolimus","tacrolimus","0","24","14.283539","ng/mL","100","mg","2","0"
"7","Dunlap_2025_tacrolimus","tacrolimus","0","48","19.533091","ng/mL","100","mg","2","0"
"7","Dunlap_2025_tacrolimus","tacrolimus","0","72","11.628934","ng/mL","100","mg","2","0"
"7","Dunlap_2025_tacrolimus","tacrolimus","0","96","10.114335","ng/mL","100","mg","2","0"
"7","Dunlap_2025_tacrolimus","tacrolimus","0","120","8.290293","ng/mL","100","mg","2","0"
"7","Dunlap_2025_tacrolimus","tacrolimus","0","168","7.885028","ng/mL","100","mg","2","0"
"7","Dunlap_2025_tacrolimus","tacrolimus","0","282","0.461902","ng/mL","100","mg","2","0"
"8","Dunlap_2025_tacrolimus","tacrolimus","1","0",".","ng/mL","100","mg","2","."
"8","Dunlap_2025_tacrolimus","tacrolimus","0","0","0","ng/mL","100","mg","2","0"
"8","Dunlap_2025_tacrolimus","tacrolimus","0","1","544.906783","ng/mL","100","mg","2","0"
"8","Dunlap_2025_tacrolimus","tacrolimus","0","2","380.8615","ng/mL","100","mg","2","0"
"8","Dunlap_2025_tacrolimus","tacrolimus","0","4","163.023557","ng/mL","100","mg","2","0"
"8","Dunlap_2025_tacrolimus","tacrolimus","0","8","45.162833","ng/mL","100","mg","2","0"
"8","Dunlap_2025_tacrolimus","tacrolimus","0","24","19.583536","ng/mL","100","mg","2","0"
"8","Dunlap_2025_tacrolimus","tacrolimus","0","48","17.823745","ng/mL","100","mg","2","0"
"8","Dunlap_2025_tacrolimus","tacrolimus","0","72","16.281934","ng/mL","100","mg","2","0"
"8","Dunlap_2025_tacrolimus","tacrolimus","0","96","17.1515","ng/mL","100","mg","2","0"
"8","Dunlap_2025_tacrolimus","tacrolimus","0","120","14.942315","ng/mL","100","mg","2","0"
"8","Dunlap_2025_tacrolimus","tacrolimus","0","168","3.374382","ng/mL","100","mg","2","0"
"8","Dunlap_2025_tacrolimus","tacrolimus","0","282","7.208706","ng/mL","100","mg","2","0"
"9","Dunlap_2025_tacrolimus","tacrolimus","1","0",".","ng/mL","100","mg","2","."
"9","Dunlap_2025_tacrolimus","tacrolimus","0","0","0","ng/mL","100","mg","2","0"
"9","Dunlap_2025_tacrolimus","tacrolimus","0","1","84.548817","ng/mL","100","mg","2","0"
"9","Dunlap_2025_tacrolimus","tacrolimus","0","2","126.3571","ng/mL","100","mg","2","0"
"9","Dunlap_2025_tacrolimus","tacrolimus","0","4","139.559079","ng/mL","100","mg","2","0"
"9","Dunlap_2025_tacrolimus","tacrolimus","0","8","96.120633","ng/mL","100","mg","2","0"
"9","Dunlap_2025_tacrolimus","tacrolimus","0","24","35.789178","ng/mL","100","mg","2","0"
"9","Dunlap_2025_tacrolimus","tacrolimus","0","48","23.375651","ng/mL","100","mg","2","0"
"9","Dunlap_2025_tacrolimus","tacrolimus","0","72","15.553882","ng/mL","100","mg","2","0"
"9","Dunlap_2025_tacrolimus","tacrolimus","0","96","10.837634","ng/mL","100","mg","2","0"
"9","Dunlap_2025_tacrolimus","tacrolimus","0","120","2.752365","ng/mL","100","mg","2","0"
"9","Dunlap_2025_tacrolimus","tacrolimus","0","168","1.131138","ng/mL","100","mg","2","0"
"9","Dunlap_2025_tacrolimus","tacrolimus","0","282","0","ng/mL","100","mg","2","1"
"10","Dunlap_2025_tacrolimus","tacrolimus","1","0",".","ng/mL","100","mg","2","."
"10","Dunlap_2025_tacrolimus","tacrolimus","0","0","0","ng/mL","100","mg","2","0"
"10","Dunlap_2025_tacrolimus","tacrolimus","0","1","67.040083","ng/mL","100","mg","2","0"
"10","Dunlap_2025_tacrolimus","tacrolimus","0","2","99.096909","ng/mL","100","mg","2","0"
"10","Dunlap_2025_tacrolimus","tacrolimus","0","4","108.822275","ng/mL","100","mg","2","0"
"10","Dunlap_2025_tacrolimus","tacrolimus","0","8","78.330808","ng/mL","100","mg","2","0"
"10","Dunlap_2025_tacrolimus","tacrolimus","0","24","17.472085","ng/mL","100","mg","2","0"
"10","Dunlap_2025_tacrolimus","tacrolimus","0","48","15.938569","ng/mL","100","mg","2","0"
"10","Dunlap_2025_tacrolimus","tacrolimus","0","72","10.433014","ng/mL","100","mg","2","0"
"10","Dunlap_2025_tacrolimus","tacrolimus","0","96","7.139382","ng/mL","100","mg","2","0"
"10","Dunlap_2025_tacrolimus","tacrolimus","0","120","6.640117","ng/mL","100","mg","2","0"
"10","Dunlap_2025_tacrolimus","tacrolimus","0","168","1.04647","ng/mL","100","mg","2","0"
"10","Dunlap_2025_tacrolimus","tacrolimus","0","282","5.690604","ng/mL","100","mg","2","0"
"1","Ting_2014_tobramycin_inhaled","tobramycin_inhaled","1","0",".","mg/L","112","mg","2","."
"1","Ting_2014_tobramycin_inhaled","tobramycin_inhaled","0","0","0","mg/L","112","mg","2","0"
"1","Ting_2014_tobramycin_inhaled","tobramycin_inhaled","0","1","0.719198","mg/L","112","mg","2","0"
"1","Ting_2014_tobramycin_inhaled","tobramycin_inhaled","0","2","0.679909","mg/L","112","mg","2","0"
"1","Ting_2014_tobramycin_inhaled","tobramycin_inhaled","0","4","0.429139","mg/L","112","mg","2","0"
"1","Ting_2014_tobramycin_inhaled","tobramycin_inhaled","0","8","0.210173","mg/L","112","mg","2","0"
"1","Ting_2014_tobramycin_inhaled","tobramycin_inhaled","0","24","0.045616","mg/L","112","mg","2","0"
"1","Ting_2014_tobramycin_inhaled","tobramycin_inhaled","0","48","0.024275","mg/L","112","mg","2","0"
"1","Ting_2014_tobramycin_inhaled","tobramycin_inhaled","0","72","0.008628","mg/L","112","mg","2","0"
"1","Ting_2014_tobramycin_inhaled","tobramycin_inhaled","0","96","0","mg/L","112","mg","2","1"
"1","Ting_2014_tobramycin_inhaled","tobramycin_inhaled","0","120","0.003489","mg/L","112","mg","2","0"
"1","Ting_2014_tobramycin_inhaled","tobramycin_inhaled","0","168","0","mg/L","112","mg","2","1"
"1","Ting_2014_tobramycin_inhaled","tobramycin_inhaled","0","171","0.007225","mg/L","112","mg","2","0"
"2","Ting_2014_tobramycin_inhaled","tobramycin_inhaled","1","0",".","mg/L","112","mg","2","."
"2","Ting_2014_tobramycin_inhaled","tobramycin_inhaled","0","0","0","mg/L","112","mg","2","0"
"2","Ting_2014_tobramycin_inhaled","tobramycin_inhaled","0","1","0.83859","mg/L","112","mg","2","0"
"2","Ting_2014_tobramycin_inhaled","tobramycin_inhaled","0","2","0.724256","mg/L","112","mg","2","0"
"2","Ting_2014_tobramycin_inhaled","tobramycin_inhaled","0","4","0.589217","mg/L","112","mg","2","0"
"2","Ting_2014_tobramycin_inhaled","tobramycin_inhaled","0","8","0.273173","mg/L","112","mg","2","0"
"2","Ting_2014_tobramycin_inhaled","tobramycin_inhaled","0","24","0.057706","mg/L","112","mg","2","0"
"2","Ting_2014_tobramycin_inhaled","tobramycin_inhaled","0","48","0.026131","mg/L","112","mg","2","0"
"2","Ting_2014_tobramycin_inhaled","tobramycin_inhaled","0","72","0.010934","mg/L","112","mg","2","0"
"2","Ting_2014_tobramycin_inhaled","tobramycin_inhaled","0","96","0.009452","mg/L","112","mg","2","0"
"2","Ting_2014_tobramycin_inhaled","tobramycin_inhaled","0","120","0.011738","mg/L","112","mg","2","0"
"2","Ting_2014_tobramycin_inhaled","tobramycin_inhaled","0","168","0.003785","mg/L","112","mg","2","0"
"2","Ting_2014_tobramycin_inhaled","tobramycin_inhaled","0","171","0.004962","mg/L","112","mg","2","0"
"3","Ting_2014_tobramycin_inhaled","tobramycin_inhaled","1","0",".","mg/L","112","mg","2","."
"3","Ting_2014_tobramycin_inhaled","tobramycin_inhaled","0","0","0","mg/L","112","mg","2","0"
"3","Ting_2014_tobramycin_inhaled","tobramycin_inhaled","0","1","0.955298","mg/L","112","mg","2","0"
"3","Ting_2014_tobramycin_inhaled","tobramycin_inhaled","0","2","0.705374","mg/L","112","mg","2","0"
"3","Ting_2014_tobramycin_inhaled","tobramycin_inhaled","0","4","0.415479","mg/L","112","mg","2","0"
"3","Ting_2014_tobramycin_inhaled","tobramycin_inhaled","0","8","0.170508","mg/L","112","mg","2","0"
"3","Ting_2014_tobramycin_inhaled","tobramycin_inhaled","0","24","0.030755","mg/L","112","mg","2","0"
"3","Ting_2014_tobramycin_inhaled","tobramycin_inhaled","0","48","0.000264","mg/L","112","mg","2","0"
"3","Ting_2014_tobramycin_inhaled","tobramycin_inhaled","0","72","0.002131","mg/L","112","mg","2","0"
"3","Ting_2014_tobramycin_inhaled","tobramycin_inhaled","0","96","0","mg/L","112","mg","2","1"
"3","Ting_2014_tobramycin_inhaled","tobramycin_inhaled","0","120","0.001613","mg/L","112","mg","2","0"
"3","Ting_2014_tobramycin_inhaled","tobramycin_inhaled","0","168","0","mg/L","112","mg","2","1"
"3","Ting_2014_tobramycin_inhaled","tobramycin_inhaled","0","171","0.004042","mg/L","112","mg","2","0"
"4","Ting_2014_tobramycin_inhaled","tobramycin_inhaled","1","0",".","mg/L","112","mg","2","."
"4","Ting_2014_tobramycin_inhaled","tobramycin_inhaled","0","0","0","mg/L","112","mg","2","0"
"4","Ting_2014_tobramycin_inhaled","tobramycin_inhaled","0","1","1.194949","mg/L","112","mg","2","0"
"4","Ting_2014_tobramycin_inhaled","tobramycin_inhaled","0","2","1.008763","mg/L","112","mg","2","0"
"4","Ting_2014_tobramycin_inhaled","tobramycin_inhaled","0","4","0.75932","mg/L","112","mg","2","0"
"4","Ting_2014_tobramycin_inhaled","tobramycin_inhaled","0","8","0.34439","mg/L","112","mg","2","0"
"4","Ting_2014_tobramycin_inhaled","tobramycin_inhaled","0","24","0.084507","mg/L","112","mg","2","0"
"4","Ting_2014_tobramycin_inhaled","tobramycin_inhaled","0","48","0.051105","mg/L","112","mg","2","0"
"4","Ting_2014_tobramycin_inhaled","tobramycin_inhaled","0","72","0.036206","mg/L","112","mg","2","0"
"4","Ting_2014_tobramycin_inhaled","tobramycin_inhaled","0","96","0.024288","mg/L","112","mg","2","0"
"4","Ting_2014_tobramycin_inhaled","tobramycin_inhaled","0","120","0.010215","mg/L","112","mg","2","0"
"4","Ting_2014_tobramycin_inhaled","tobramycin_inhaled","0","168","0.006294","mg/L","112","mg","2","0"
"4","Ting_2014_tobramycin_inhaled","tobramycin_inhaled","0","171","0.001915","mg/L","112","mg","2","0"
"5","Ting_2014_tobramycin_inhaled","tobramycin_inhaled","1","0",".","mg/L","112","mg","2","."
"5","Ting_2014_tobramycin_inhaled","tobramycin_inhaled","0","0","0","mg/L","112","mg","2","0"
"5","Ting_2014_tobramycin_inhaled","tobramycin_inhaled","0","1","0.320084","mg/L","112","mg","2","0"
"5","Ting_2014_tobramycin_inhaled","tobramycin_inhaled","0","2","0.342314","mg/L","112","mg","2","0"
"5","Ting_2014_tobramycin_inhaled","tobramycin_inhaled","0","4","0.299812","mg/L","112","mg","2","0"
"5","Ting_2014_tobramycin_inhaled","tobramycin_inhaled","0","8","0.157009","mg/L","112","mg","2","0"
"5","Ting_2014_tobramycin_inhaled","tobramycin_inhaled","0","24","0.025919","mg/L","112","mg","2","0"
"5","Ting_2014_tobramycin_inhaled","tobramycin_inhaled","0","48","0.005668","mg/L","112","mg","2","0"
"5","Ting_2014_tobramycin_inhaled","tobramycin_inhaled","0","72","0.006452","mg/L","112","mg","2","0"
"5","Ting_2014_tobramycin_inhaled","tobramycin_inhaled","0","96","0.013583","mg/L","112","mg","2","0"
"5","Ting_2014_tobramycin_inhaled","tobramycin_inhaled","0","120","0","mg/L","112","mg","2","1"
"5","Ting_2014_tobramycin_inhaled","tobramycin_inhaled","0","168","0.000848","mg/L","112","mg","2","0"
"5","Ting_2014_tobramycin_inhaled","tobramycin_inhaled","0","171","0","mg/L","112","mg","2","1"
"6","Ting_2014_tobramycin_inhaled","tobramycin_inhaled","1","0",".","mg/L","112","mg","2","."
"6","Ting_2014_tobramycin_inhaled","tobramycin_inhaled","0","0","0","mg/L","112","mg","2","0"
"6","Ting_2014_tobramycin_inhaled","tobramycin_inhaled","0","1","0.802495","mg/L","112","mg","2","0"
"6","Ting_2014_tobramycin_inhaled","tobramycin_inhaled","0","2","0.911961","mg/L","112","mg","2","0"
"6","Ting_2014_tobramycin_inhaled","tobramycin_inhaled","0","4","0.588525","mg/L","112","mg","2","0"
"6","Ting_2014_tobramycin_inhaled","tobramycin_inhaled","0","8","0.291458","mg/L","112","mg","2","0"
"6","Ting_2014_tobramycin_inhaled","tobramycin_inhaled","0","24","0.077863","mg/L","112","mg","2","0"
"6","Ting_2014_tobramycin_inhaled","tobramycin_inhaled","0","48","0.04424","mg/L","112","mg","2","0"
"6","Ting_2014_tobramycin_inhaled","tobramycin_inhaled","0","72","0.038818","mg/L","112","mg","2","0"
"6","Ting_2014_tobramycin_inhaled","tobramycin_inhaled","0","96","0.02272","mg/L","112","mg","2","0"
"6","Ting_2014_tobramycin_inhaled","tobramycin_inhaled","0","120","0.01197","mg/L","112","mg","2","0"
"6","Ting_2014_tobramycin_inhaled","tobramycin_inhaled","0","168","0","mg/L","112","mg","2","1"
"6","Ting_2014_tobramycin_inhaled","tobramycin_inhaled","0","171","0.004392","mg/L","112","mg","2","0"
"7","Ting_2014_tobramycin_inhaled","tobramycin_inhaled","1","0",".","mg/L","112","mg","2","."
"7","Ting_2014_tobramycin_inhaled","tobramycin_inhaled","0","0","0","mg/L","112","mg","2","0"
"7","Ting_2014_tobramycin_inhaled","tobramycin_inhaled","0","1","0.900227","mg/L","112","mg","2","0"
"7","Ting_2014_tobramycin_inhaled","tobramycin_inhaled","0","2","0.74293","mg/L","112","mg","2","0"
"7","Ting_2014_tobramycin_inhaled","tobramycin_inhaled","0","4","0.482707","mg/L","112","mg","2","0"
"7","Ting_2014_tobramycin_inhaled","tobramycin_inhaled","0","8","0.152243","mg/L","112","mg","2","0"
"7","Ting_2014_tobramycin_inhaled","tobramycin_inhaled","0","24","0.012416","mg/L","112","mg","2","0"
"7","Ting_2014_tobramycin_inhaled","tobramycin_inhaled","0","48","0","mg/L","112","mg","2","1"
"7","Ting_2014_tobramycin_inhaled","tobramycin_inhaled","0","72","0.02202","mg/L","112","mg","2","0"
"7","Ting_2014_tobramycin_inhaled","tobramycin_inhaled","0","96","0.001365","mg/L","112","mg","2","0"
"7","Ting_2014_tobramycin_inhaled","tobramycin_inhaled","0","120","0.015935","mg/L","112","mg","2","0"
"7","Ting_2014_tobramycin_inhaled","tobramycin_inhaled","0","168","0","mg/L","112","mg","2","1"
"7","Ting_2014_tobramycin_inhaled","tobramycin_inhaled","0","171","0","mg/L","112","mg","2","1"
"8","Ting_2014_tobramycin_inhaled","tobramycin_inhaled","1","0",".","mg/L","112","mg","2","."
"8","Ting_2014_tobramycin_inhaled","tobramycin_inhaled","0","0","0","mg/L","112","mg","2","0"
"8","Ting_2014_tobramycin_inhaled","tobramycin_inhaled","0","1","0.642184","mg/L","112","mg","2","0"
"8","Ting_2014_tobramycin_inhaled","tobramycin_inhaled","0","2","0.706677","mg/L","112","mg","2","0"
"8","Ting_2014_tobramycin_inhaled","tobramycin_inhaled","0","4","0.462824","mg/L","112","mg","2","0"
"8","Ting_2014_tobramycin_inhaled","tobramycin_inhaled","0","8","0.225902","mg/L","112","mg","2","0"
"8","Ting_2014_tobramycin_inhaled","tobramycin_inhaled","0","24","0.027512","mg/L","112","mg","2","0"
"8","Ting_2014_tobramycin_inhaled","tobramycin_inhaled","0","48","0.032479","mg/L","112","mg","2","0"
"8","Ting_2014_tobramycin_inhaled","tobramycin_inhaled","0","72","0.008902","mg/L","112","mg","2","0"
"8","Ting_2014_tobramycin_inhaled","tobramycin_inhaled","0","96","0.002927","mg/L","112","mg","2","0"
"8","Ting_2014_tobramycin_inhaled","tobramycin_inhaled","0","120","0.006413","mg/L","112","mg","2","0"
"8","Ting_2014_tobramycin_inhaled","tobramycin_inhaled","0","168","0.002296","mg/L","112","mg","2","0"
"8","Ting_2014_tobramycin_inhaled","tobramycin_inhaled","0","171","0","mg/L","112","mg","2","1"
"9","Ting_2014_tobramycin_inhaled","tobramycin_inhaled","1","0",".","mg/L","112","mg","2","."
"9","Ting_2014_tobramycin_inhaled","tobramycin_inhaled","0","0","0","mg/L","112","mg","2","0"
"9","Ting_2014_tobramycin_inhaled","tobramycin_inhaled","0","1","1.07895","mg/L","112","mg","2","0"
"9","Ting_2014_tobramycin_inhaled","tobramycin_inhaled","0","2","1.017504","mg/L","112","mg","2","0"
"9","Ting_2014_tobramycin_inhaled","tobramycin_inhaled","0","4","0.613804","mg/L","112","mg","2","0"
"9","Ting_2014_tobramycin_inhaled","tobramycin_inhaled","0","8","0.307525","mg/L","112","mg","2","0"
"9","Ting_2014_tobramycin_inhaled","tobramycin_inhaled","0","24","0.053948","mg/L","112","mg","2","0"
"9","Ting_2014_tobramycin_inhaled","tobramycin_inhaled","0","48","0.021219","mg/L","112","mg","2","0"
"9","Ting_2014_tobramycin_inhaled","tobramycin_inhaled","0","72","0.021312","mg/L","112","mg","2","0"
"9","Ting_2014_tobramycin_inhaled","tobramycin_inhaled","0","96","0.002266","mg/L","112","mg","2","0"
"9","Ting_2014_tobramycin_inhaled","tobramycin_inhaled","0","120","0.010446","mg/L","112","mg","2","0"
"9","Ting_2014_tobramycin_inhaled","tobramycin_inhaled","0","168","0.004504","mg/L","112","mg","2","0"
"9","Ting_2014_tobramycin_inhaled","tobramycin_inhaled","0","171","0.0057","mg/L","112","mg","2","0"
"10","Ting_2014_tobramycin_inhaled","tobramycin_inhaled","1","0",".","mg/L","112","mg","2","."
"10","Ting_2014_tobramycin_inhaled","tobramycin_inhaled","0","0","0","mg/L","112","mg","2","0"
"10","Ting_2014_tobramycin_inhaled","tobramycin_inhaled","0","1","0.505551","mg/L","112","mg","2","0"
"10","Ting_2014_tobramycin_inhaled","tobramycin_inhaled","0","2","0.519003","mg/L","112","mg","2","0"
"10","Ting_2014_tobramycin_inhaled","tobramycin_inhaled","0","4","0.35712","mg/L","112","mg","2","0"
"10","Ting_2014_tobramycin_inhaled","tobramycin_inhaled","0","8","0.2463","mg/L","112","mg","2","0"
"10","Ting_2014_tobramycin_inhaled","tobramycin_inhaled","0","24","0.077561","mg/L","112","mg","2","0"
"10","Ting_2014_tobramycin_inhaled","tobramycin_inhaled","0","48","0.023501","mg/L","112","mg","2","0"
"10","Ting_2014_tobramycin_inhaled","tobramycin_inhaled","0","72","0.007663","mg/L","112","mg","2","0"
"10","Ting_2014_tobramycin_inhaled","tobramycin_inhaled","0","96","0.006346","mg/L","112","mg","2","0"
"10","Ting_2014_tobramycin_inhaled","tobramycin_inhaled","0","120","0.021868","mg/L","112","mg","2","0"
"10","Ting_2014_tobramycin_inhaled","tobramycin_inhaled","0","168","0","mg/L","112","mg","2","1"
"10","Ting_2014_tobramycin_inhaled","tobramycin_inhaled","0","171","0","mg/L","112","mg","2","1"
"1","Roberts_2016_topotecan","topotecan","1","0",".","ng/mL","30","mg","2","."
"1","Roberts_2016_topotecan","topotecan","0","0","0","ng/mL","30","mg","2","0"
"1","Roberts_2016_topotecan","topotecan","0","0.25","32.684742","ng/mL","30","mg","2","0"
"1","Roberts_2016_topotecan","topotecan","0","0.5","52.151632","ng/mL","30","mg","2","0"
"1","Roberts_2016_topotecan","topotecan","0","1","64.991931","ng/mL","30","mg","2","0"
"1","Roberts_2016_topotecan","topotecan","0","2","49.294653","ng/mL","30","mg","2","0"
"1","Roberts_2016_topotecan","topotecan","0","4","16.95816","ng/mL","30","mg","2","0"
"1","Roberts_2016_topotecan","topotecan","0","6","4.588217","ng/mL","30","mg","2","0"
"2","Roberts_2016_topotecan","topotecan","1","0",".","ng/mL","30","mg","2","."
"2","Roberts_2016_topotecan","topotecan","0","0","0","ng/mL","30","mg","2","0"
"2","Roberts_2016_topotecan","topotecan","0","0.25","52.384359","ng/mL","30","mg","2","0"
"2","Roberts_2016_topotecan","topotecan","0","0.5","85.06998","ng/mL","30","mg","2","0"
"2","Roberts_2016_topotecan","topotecan","0","1","120.65706","ng/mL","30","mg","2","0"
"2","Roberts_2016_topotecan","topotecan","0","2","116.13086","ng/mL","30","mg","2","0"
"2","Roberts_2016_topotecan","topotecan","0","4","55.145491","ng/mL","30","mg","2","0"
"2","Roberts_2016_topotecan","topotecan","0","6","19.758056","ng/mL","30","mg","2","0"
"3","Roberts_2016_topotecan","topotecan","1","0",".","ng/mL","30","mg","2","."
"3","Roberts_2016_topotecan","topotecan","0","0","0","ng/mL","30","mg","2","0"
"3","Roberts_2016_topotecan","topotecan","0","0.25","23.169728","ng/mL","30","mg","2","0"
"3","Roberts_2016_topotecan","topotecan","0","0.5","34.405596","ng/mL","30","mg","2","0"
"3","Roberts_2016_topotecan","topotecan","0","1","36.443717","ng/mL","30","mg","2","0"
"3","Roberts_2016_topotecan","topotecan","0","2","24.483756","ng/mL","30","mg","2","0"
"3","Roberts_2016_topotecan","topotecan","0","4","8.87755","ng/mL","30","mg","2","0"
"3","Roberts_2016_topotecan","topotecan","0","6","2.776335","ng/mL","30","mg","2","0"
"4","Roberts_2016_topotecan","topotecan","1","0",".","ng/mL","30","mg","2","."
"4","Roberts_2016_topotecan","topotecan","0","0","0","ng/mL","30","mg","2","0"
"4","Roberts_2016_topotecan","topotecan","0","0.25","44.008965","ng/mL","30","mg","2","0"
"4","Roberts_2016_topotecan","topotecan","0","0.5","59.233577","ng/mL","30","mg","2","0"
"4","Roberts_2016_topotecan","topotecan","0","1","56.16237","ng/mL","30","mg","2","0"
"4","Roberts_2016_topotecan","topotecan","0","2","28.951126","ng/mL","30","mg","2","0"
"4","Roberts_2016_topotecan","topotecan","0","4","4.671246","ng/mL","30","mg","2","0"
"4","Roberts_2016_topotecan","topotecan","0","6","0","ng/mL","30","mg","2","1"
"5","Roberts_2016_topotecan","topotecan","1","0",".","ng/mL","30","mg","2","."
"5","Roberts_2016_topotecan","topotecan","0","0","0","ng/mL","30","mg","2","0"
"5","Roberts_2016_topotecan","topotecan","0","0.25","27.95955","ng/mL","30","mg","2","0"
"5","Roberts_2016_topotecan","topotecan","0","0.5","40.188743","ng/mL","30","mg","2","0"
"5","Roberts_2016_topotecan","topotecan","0","1","42.743339","ng/mL","30","mg","2","0"
"5","Roberts_2016_topotecan","topotecan","0","2","24.897313","ng/mL","30","mg","2","0"
"5","Roberts_2016_topotecan","topotecan","0","4","5.729456","ng/mL","30","mg","2","0"
"5","Roberts_2016_topotecan","topotecan","0","6","1.66224","ng/mL","30","mg","2","0"
"6","Roberts_2016_topotecan","topotecan","1","0",".","ng/mL","30","mg","2","."
"6","Roberts_2016_topotecan","topotecan","0","0","0","ng/mL","30","mg","2","0"
"6","Roberts_2016_topotecan","topotecan","0","0.25","19.571032","ng/mL","30","mg","2","0"
"6","Roberts_2016_topotecan","topotecan","0","0.5","30.132814","ng/mL","30","mg","2","0"
"6","Roberts_2016_topotecan","topotecan","0","1","36.633794","ng/mL","30","mg","2","0"
"6","Roberts_2016_topotecan","topotecan","0","2","32.051376","ng/mL","30","mg","2","0"
"6","Roberts_2016_topotecan","topotecan","0","4","14.170988","ng/mL","30","mg","2","0"
"6","Roberts_2016_topotecan","topotecan","0","6","6.845702","ng/mL","30","mg","2","0"
"7","Roberts_2016_topotecan","topotecan","1","0",".","ng/mL","30","mg","2","."
"7","Roberts_2016_topotecan","topotecan","0","0","0","ng/mL","30","mg","2","0"
"7","Roberts_2016_topotecan","topotecan","0","0.25","37.693614","ng/mL","30","mg","2","0"
"7","Roberts_2016_topotecan","topotecan","0","0.5","55.814596","ng/mL","30","mg","2","0"
"7","Roberts_2016_topotecan","topotecan","0","1","64.709875","ng/mL","30","mg","2","0"
"7","Roberts_2016_topotecan","topotecan","0","2","45.594359","ng/mL","30","mg","2","0"
"7","Roberts_2016_topotecan","topotecan","0","4","14.252977","ng/mL","30","mg","2","0"
"7","Roberts_2016_topotecan","topotecan","0","6","3.685359","ng/mL","30","mg","2","0"
"8","Roberts_2016_topotecan","topotecan","1","0",".","ng/mL","30","mg","2","."
"8","Roberts_2016_topotecan","topotecan","0","0","0","ng/mL","30","mg","2","0"
"8","Roberts_2016_topotecan","topotecan","0","0.25","75.317003","ng/mL","30","mg","2","0"
"8","Roberts_2016_topotecan","topotecan","0","0.5","81.128779","ng/mL","30","mg","2","0"
"8","Roberts_2016_topotecan","topotecan","0","1","51.933776","ng/mL","30","mg","2","0"
"8","Roberts_2016_topotecan","topotecan","0","2","12.353634","ng/mL","30","mg","2","0"
"8","Roberts_2016_topotecan","topotecan","0","4","0.247014","ng/mL","30","mg","2","0"
"8","Roberts_2016_topotecan","topotecan","0","6","0","ng/mL","30","mg","2","1"
"9","Roberts_2016_topotecan","topotecan","1","0",".","ng/mL","30","mg","2","."
"9","Roberts_2016_topotecan","topotecan","0","0","0","ng/mL","30","mg","2","0"
"9","Roberts_2016_topotecan","topotecan","0","0.25","53.993163","ng/mL","30","mg","2","0"
"9","Roberts_2016_topotecan","topotecan","0","0.5","88.659258","ng/mL","30","mg","2","0"
"9","Roberts_2016_topotecan","topotecan","0","1","117.103916","ng/mL","30","mg","2","0"
"9","Roberts_2016_topotecan","topotecan","0","2","104.308504","ng/mL","30","mg","2","0"
"9","Roberts_2016_topotecan","topotecan","0","4","41.138568","ng/mL","30","mg","2","0"
"9","Roberts_2016_topotecan","topotecan","0","6","11.654157","ng/mL","30","mg","2","0"
"10","Roberts_2016_topotecan","topotecan","1","0",".","ng/mL","30","mg","2","."
"10","Roberts_2016_topotecan","topotecan","0","0","0","ng/mL","30","mg","2","0"
"10","Roberts_2016_topotecan","topotecan","0","0.25","23.572583","ng/mL","30","mg","2","0"
"10","Roberts_2016_topotecan","topotecan","0","0.5","43.575793","ng/mL","30","mg","2","0"
"10","Roberts_2016_topotecan","topotecan","0","1","67.161858","ng/mL","30","mg","2","0"
"10","Roberts_2016_topotecan","topotecan","0","2","78.926854","ng/mL","30","mg","2","0"
"10","Roberts_2016_topotecan","topotecan","0","4","57.287626","ng/mL","30","mg","2","0"
"10","Roberts_2016_topotecan","topotecan","0","6","32.175604","ng/mL","30","mg","2","0"
"1","Dunn_2025_tranexamicAcid","tranexamicAcid","1","0",".","mg/L","1050","mg","2","."
"1","Dunn_2025_tranexamicAcid","tranexamicAcid","0","0","0","mg/L","1050","mg","2","0"
"1","Dunn_2025_tranexamicAcid","tranexamicAcid","0","0.25","16.200436","mg/L","1050","mg","2","0"
"1","Dunn_2025_tranexamicAcid","tranexamicAcid","0","0.5","14.083623","mg/L","1050","mg","2","0"
"1","Dunn_2025_tranexamicAcid","tranexamicAcid","0","1","35.903762","mg/L","1050","mg","2","0"
"1","Dunn_2025_tranexamicAcid","tranexamicAcid","0","2","31.313191","mg/L","1050","mg","2","0"
"1","Dunn_2025_tranexamicAcid","tranexamicAcid","0","4","20.555003","mg/L","1050","mg","2","0"
"1","Dunn_2025_tranexamicAcid","tranexamicAcid","0","6","14.488788","mg/L","1050","mg","2","0"
"1","Dunn_2025_tranexamicAcid","tranexamicAcid","0","8","13.633844","mg/L","1050","mg","2","0"
"1","Dunn_2025_tranexamicAcid","tranexamicAcid","0","12","4.692096","mg/L","1050","mg","2","0"
"1","Dunn_2025_tranexamicAcid","tranexamicAcid","0","13","1.036834","mg/L","1050","mg","2","0"
"2","Dunn_2025_tranexamicAcid","tranexamicAcid","1","0",".","mg/L","1050","mg","2","."
"2","Dunn_2025_tranexamicAcid","tranexamicAcid","0","0","0","mg/L","1050","mg","2","0"
"2","Dunn_2025_tranexamicAcid","tranexamicAcid","0","0.25","23.914351","mg/L","1050","mg","2","0"
"2","Dunn_2025_tranexamicAcid","tranexamicAcid","0","0.5","31.313116","mg/L","1050","mg","2","0"
"2","Dunn_2025_tranexamicAcid","tranexamicAcid","0","1","14.529753","mg/L","1050","mg","2","0"
"2","Dunn_2025_tranexamicAcid","tranexamicAcid","0","2","18.461057","mg/L","1050","mg","2","0"
"2","Dunn_2025_tranexamicAcid","tranexamicAcid","0","4","6.332671","mg/L","1050","mg","2","0"
"2","Dunn_2025_tranexamicAcid","tranexamicAcid","0","6","0.937461","mg/L","1050","mg","2","0"
"2","Dunn_2025_tranexamicAcid","tranexamicAcid","0","8","0.696107","mg/L","1050","mg","2","0"
"2","Dunn_2025_tranexamicAcid","tranexamicAcid","0","12","1.023522","mg/L","1050","mg","2","0"
"2","Dunn_2025_tranexamicAcid","tranexamicAcid","0","13","0","mg/L","1050","mg","2","1"
"3","Dunn_2025_tranexamicAcid","tranexamicAcid","1","0",".","mg/L","1050","mg","2","."
"3","Dunn_2025_tranexamicAcid","tranexamicAcid","0","0","0","mg/L","1050","mg","2","0"
"3","Dunn_2025_tranexamicAcid","tranexamicAcid","0","0.25","33.204533","mg/L","1050","mg","2","0"
"3","Dunn_2025_tranexamicAcid","tranexamicAcid","0","0.5","35.59054","mg/L","1050","mg","2","0"
"3","Dunn_2025_tranexamicAcid","tranexamicAcid","0","1","45.938332","mg/L","1050","mg","2","0"
"3","Dunn_2025_tranexamicAcid","tranexamicAcid","0","2","10.148516","mg/L","1050","mg","2","0"
"3","Dunn_2025_tranexamicAcid","tranexamicAcid","0","4","10.316108","mg/L","1050","mg","2","0"
"3","Dunn_2025_tranexamicAcid","tranexamicAcid","0","6","5.411318","mg/L","1050","mg","2","0"
"3","Dunn_2025_tranexamicAcid","tranexamicAcid","0","8","5.080507","mg/L","1050","mg","2","0"
"3","Dunn_2025_tranexamicAcid","tranexamicAcid","0","12","2.065423","mg/L","1050","mg","2","0"
"3","Dunn_2025_tranexamicAcid","tranexamicAcid","0","13","0.259065","mg/L","1050","mg","2","0"
"4","Dunn_2025_tranexamicAcid","tranexamicAcid","1","0",".","mg/L","1050","mg","2","."
"4","Dunn_2025_tranexamicAcid","tranexamicAcid","0","0","0","mg/L","1050","mg","2","0"
"4","Dunn_2025_tranexamicAcid","tranexamicAcid","0","0.25","52.331373","mg/L","1050","mg","2","0"
"4","Dunn_2025_tranexamicAcid","tranexamicAcid","0","0.5","55.324537","mg/L","1050","mg","2","0"
"4","Dunn_2025_tranexamicAcid","tranexamicAcid","0","1","30.893844","mg/L","1050","mg","2","0"
"4","Dunn_2025_tranexamicAcid","tranexamicAcid","0","2","21.531971","mg/L","1050","mg","2","0"
"4","Dunn_2025_tranexamicAcid","tranexamicAcid","0","4","10.313994","mg/L","1050","mg","2","0"
"4","Dunn_2025_tranexamicAcid","tranexamicAcid","0","6","10.295662","mg/L","1050","mg","2","0"
"4","Dunn_2025_tranexamicAcid","tranexamicAcid","0","8","3.714338","mg/L","1050","mg","2","0"
"4","Dunn_2025_tranexamicAcid","tranexamicAcid","0","12","1.112716","mg/L","1050","mg","2","0"
"4","Dunn_2025_tranexamicAcid","tranexamicAcid","0","13","0.963833","mg/L","1050","mg","2","0"
"5","Dunn_2025_tranexamicAcid","tranexamicAcid","1","0",".","mg/L","1050","mg","2","."
"5","Dunn_2025_tranexamicAcid","tranexamicAcid","0","0","0","mg/L","1050","mg","2","0"
"5","Dunn_2025_tranexamicAcid","tranexamicAcid","0","0.25","36.333888","mg/L","1050","mg","2","0"
"5","Dunn_2025_tranexamicAcid","tranexamicAcid","0","0.5","31.71687","mg/L","1050","mg","2","0"
"5","Dunn_2025_tranexamicAcid","tranexamicAcid","0","1","31.257153","mg/L","1050","mg","2","0"
"5","Dunn_2025_tranexamicAcid","tranexamicAcid","0","2","17.642959","mg/L","1050","mg","2","0"
"5","Dunn_2025_tranexamicAcid","tranexamicAcid","0","4","5.585544","mg/L","1050","mg","2","0"
"5","Dunn_2025_tranexamicAcid","tranexamicAcid","0","6","6.776456","mg/L","1050","mg","2","0"
"5","Dunn_2025_tranexamicAcid","tranexamicAcid","0","8","2.139102","mg/L","1050","mg","2","0"
"5","Dunn_2025_tranexamicAcid","tranexamicAcid","0","12","1.153453","mg/L","1050","mg","2","0"
"5","Dunn_2025_tranexamicAcid","tranexamicAcid","0","13","0.941209","mg/L","1050","mg","2","0"
"6","Dunn_2025_tranexamicAcid","tranexamicAcid","1","0",".","mg/L","1050","mg","2","."
"6","Dunn_2025_tranexamicAcid","tranexamicAcid","0","0","0","mg/L","1050","mg","2","0"
"6","Dunn_2025_tranexamicAcid","tranexamicAcid","0","0.25","21.242732","mg/L","1050","mg","2","0"
"6","Dunn_2025_tranexamicAcid","tranexamicAcid","0","0.5","30.109469","mg/L","1050","mg","2","0"
"6","Dunn_2025_tranexamicAcid","tranexamicAcid","0","1","26.853712","mg/L","1050","mg","2","0"
"6","Dunn_2025_tranexamicAcid","tranexamicAcid","0","2","27.664015","mg/L","1050","mg","2","0"
"6","Dunn_2025_tranexamicAcid","tranexamicAcid","0","4","13.935993","mg/L","1050","mg","2","0"
"6","Dunn_2025_tranexamicAcid","tranexamicAcid","0","6","6.897048","mg/L","1050","mg","2","0"
"6","Dunn_2025_tranexamicAcid","tranexamicAcid","0","8","4.635144","mg/L","1050","mg","2","0"
"6","Dunn_2025_tranexamicAcid","tranexamicAcid","0","12","3.092935","mg/L","1050","mg","2","0"
"6","Dunn_2025_tranexamicAcid","tranexamicAcid","0","13","4.139261","mg/L","1050","mg","2","0"
"7","Dunn_2025_tranexamicAcid","tranexamicAcid","1","0",".","mg/L","1050","mg","2","."
"7","Dunn_2025_tranexamicAcid","tranexamicAcid","0","0","0","mg/L","1050","mg","2","0"
"7","Dunn_2025_tranexamicAcid","tranexamicAcid","0","0.25","26.224163","mg/L","1050","mg","2","0"
"7","Dunn_2025_tranexamicAcid","tranexamicAcid","0","0.5","35.145976","mg/L","1050","mg","2","0"
"7","Dunn_2025_tranexamicAcid","tranexamicAcid","0","1","29.470282","mg/L","1050","mg","2","0"
"7","Dunn_2025_tranexamicAcid","tranexamicAcid","0","2","27.89419","mg/L","1050","mg","2","0"
"7","Dunn_2025_tranexamicAcid","tranexamicAcid","0","4","23.007523","mg/L","1050","mg","2","0"
"7","Dunn_2025_tranexamicAcid","tranexamicAcid","0","6","5.353444","mg/L","1050","mg","2","0"
"7","Dunn_2025_tranexamicAcid","tranexamicAcid","0","8","3.934172","mg/L","1050","mg","2","0"
"7","Dunn_2025_tranexamicAcid","tranexamicAcid","0","12","3.296357","mg/L","1050","mg","2","0"
"7","Dunn_2025_tranexamicAcid","tranexamicAcid","0","13","1.914059","mg/L","1050","mg","2","0"
"8","Dunn_2025_tranexamicAcid","tranexamicAcid","1","0",".","mg/L","1050","mg","2","."
"8","Dunn_2025_tranexamicAcid","tranexamicAcid","0","0","0","mg/L","1050","mg","2","0"
"8","Dunn_2025_tranexamicAcid","tranexamicAcid","0","0.25","32.558942","mg/L","1050","mg","2","0"
"8","Dunn_2025_tranexamicAcid","tranexamicAcid","0","0.5","57.798812","mg/L","1050","mg","2","0"
"8","Dunn_2025_tranexamicAcid","tranexamicAcid","0","1","28.655575","mg/L","1050","mg","2","0"
"8","Dunn_2025_tranexamicAcid","tranexamicAcid","0","2","32.818065","mg/L","1050","mg","2","0"
"8","Dunn_2025_tranexamicAcid","tranexamicAcid","0","4","9.053253","mg/L","1050","mg","2","0"
"8","Dunn_2025_tranexamicAcid","tranexamicAcid","0","6","5.177758","mg/L","1050","mg","2","0"
"8","Dunn_2025_tranexamicAcid","tranexamicAcid","0","8","3.766885","mg/L","1050","mg","2","0"
"8","Dunn_2025_tranexamicAcid","tranexamicAcid","0","12","0.879365","mg/L","1050","mg","2","0"
"8","Dunn_2025_tranexamicAcid","tranexamicAcid","0","13","1.360413","mg/L","1050","mg","2","0"
"9","Dunn_2025_tranexamicAcid","tranexamicAcid","1","0",".","mg/L","1050","mg","2","."
"9","Dunn_2025_tranexamicAcid","tranexamicAcid","0","0","0","mg/L","1050","mg","2","0"
"9","Dunn_2025_tranexamicAcid","tranexamicAcid","0","0.25","16.46548","mg/L","1050","mg","2","0"
"9","Dunn_2025_tranexamicAcid","tranexamicAcid","0","0.5","11.58703","mg/L","1050","mg","2","0"
"9","Dunn_2025_tranexamicAcid","tranexamicAcid","0","1","11.889505","mg/L","1050","mg","2","0"
"9","Dunn_2025_tranexamicAcid","tranexamicAcid","0","2","13.047668","mg/L","1050","mg","2","0"
"9","Dunn_2025_tranexamicAcid","tranexamicAcid","0","4","12.208839","mg/L","1050","mg","2","0"
"9","Dunn_2025_tranexamicAcid","tranexamicAcid","0","6","10.018202","mg/L","1050","mg","2","0"
"9","Dunn_2025_tranexamicAcid","tranexamicAcid","0","8","7.713847","mg/L","1050","mg","2","0"
"9","Dunn_2025_tranexamicAcid","tranexamicAcid","0","12","3.86244","mg/L","1050","mg","2","0"
"9","Dunn_2025_tranexamicAcid","tranexamicAcid","0","13","3.332174","mg/L","1050","mg","2","0"
"10","Dunn_2025_tranexamicAcid","tranexamicAcid","1","0",".","mg/L","1050","mg","2","."
"10","Dunn_2025_tranexamicAcid","tranexamicAcid","0","0","0","mg/L","1050","mg","2","0"
"10","Dunn_2025_tranexamicAcid","tranexamicAcid","0","0.25","28.515424","mg/L","1050","mg","2","0"
"10","Dunn_2025_tranexamicAcid","tranexamicAcid","0","0.5","43.678833","mg/L","1050","mg","2","0"
"10","Dunn_2025_tranexamicAcid","tranexamicAcid","0","1","11.780422","mg/L","1050","mg","2","0"
"10","Dunn_2025_tranexamicAcid","tranexamicAcid","0","2","32.140213","mg/L","1050","mg","2","0"
"10","Dunn_2025_tranexamicAcid","tranexamicAcid","0","4","10.932538","mg/L","1050","mg","2","0"
"10","Dunn_2025_tranexamicAcid","tranexamicAcid","0","6","10.648514","mg/L","1050","mg","2","0"
"10","Dunn_2025_tranexamicAcid","tranexamicAcid","0","8","8.664447","mg/L","1050","mg","2","0"
"10","Dunn_2025_tranexamicAcid","tranexamicAcid","0","12","3.697316","mg/L","1050","mg","2","0"
"10","Dunn_2025_tranexamicAcid","tranexamicAcid","0","13","1.539015","mg/L","1050","mg","2","0"
"1","Hwang_2022_tremelimumab","tremelimumab","1","0",".","ug/mL","750","mg","1","."
"1","Hwang_2022_tremelimumab","tremelimumab","0","0","140.020944","ug/mL","750","mg","1","0"
"1","Hwang_2022_tremelimumab","tremelimumab","0","4","123.163335","ug/mL","750","mg","1","0"
"1","Hwang_2022_tremelimumab","tremelimumab","0","24","188.499394","ug/mL","750","mg","1","0"
"1","Hwang_2022_tremelimumab","tremelimumab","0","72","117.463156","ug/mL","750","mg","1","0"
"1","Hwang_2022_tremelimumab","tremelimumab","0","168","108.604004","ug/mL","750","mg","1","0"
"1","Hwang_2022_tremelimumab","tremelimumab","0","336","45.778042","ug/mL","750","mg","1","0"
"1","Hwang_2022_tremelimumab","tremelimumab","0","504","24.000356","ug/mL","750","mg","1","0"
"1","Hwang_2022_tremelimumab","tremelimumab","0","672","44.865336","ug/mL","750","mg","1","0"
"1","Hwang_2022_tremelimumab","tremelimumab","0","840","30.391604","ug/mL","750","mg","1","0"
"1","Hwang_2022_tremelimumab","tremelimumab","0","1008","28.183408","ug/mL","750","mg","1","0"
"1","Hwang_2022_tremelimumab","tremelimumab","0","1176","24.212184","ug/mL","750","mg","1","0"
"1","Hwang_2022_tremelimumab","tremelimumab","0","1512","17.076848","ug/mL","750","mg","1","0"
"1","Hwang_2022_tremelimumab","tremelimumab","0","2016","20.405926","ug/mL","750","mg","1","0"
"1","Hwang_2022_tremelimumab","tremelimumab","0","2139","12.380568","ug/mL","750","mg","1","0"
"2","Hwang_2022_tremelimumab","tremelimumab","1","0",".","ug/mL","750","mg","1","."
"2","Hwang_2022_tremelimumab","tremelimumab","0","0","387.387478","ug/mL","750","mg","1","0"
"2","Hwang_2022_tremelimumab","tremelimumab","0","4","288.290636","ug/mL","750","mg","1","0"
"2","Hwang_2022_tremelimumab","tremelimumab","0","24","264.897969","ug/mL","750","mg","1","0"
"2","Hwang_2022_tremelimumab","tremelimumab","0","72","195.543009","ug/mL","750","mg","1","0"
"2","Hwang_2022_tremelimumab","tremelimumab","0","168","171.336215","ug/mL","750","mg","1","0"
"2","Hwang_2022_tremelimumab","tremelimumab","0","336","37.599994","ug/mL","750","mg","1","0"
"2","Hwang_2022_tremelimumab","tremelimumab","0","504","58.080445","ug/mL","750","mg","1","0"
"2","Hwang_2022_tremelimumab","tremelimumab","0","672","30.795856","ug/mL","750","mg","1","0"
"2","Hwang_2022_tremelimumab","tremelimumab","0","840","23.289614","ug/mL","750","mg","1","0"
"2","Hwang_2022_tremelimumab","tremelimumab","0","1008","10.684329","ug/mL","750","mg","1","0"
"2","Hwang_2022_tremelimumab","tremelimumab","0","1176","15.053159","ug/mL","750","mg","1","0"
"2","Hwang_2022_tremelimumab","tremelimumab","0","1512","6.241916","ug/mL","750","mg","1","0"
"2","Hwang_2022_tremelimumab","tremelimumab","0","2016","2.433771","ug/mL","750","mg","1","0"
"2","Hwang_2022_tremelimumab","tremelimumab","0","2139","1.979654","ug/mL","750","mg","1","0"
"3","Hwang_2022_tremelimumab","tremelimumab","1","0",".","ug/mL","750","mg","1","."
"3","Hwang_2022_tremelimumab","tremelimumab","0","0","337.688862","ug/mL","750","mg","1","0"
"3","Hwang_2022_tremelimumab","tremelimumab","0","4","159.405966","ug/mL","750","mg","1","0"
"3","Hwang_2022_tremelimumab","tremelimumab","0","24","205.534848","ug/mL","750","mg","1","0"
"3","Hwang_2022_tremelimumab","tremelimumab","0","72","134.597487","ug/mL","750","mg","1","0"
"3","Hwang_2022_tremelimumab","tremelimumab","0","168","132.83308","ug/mL","750","mg","1","0"
"3","Hwang_2022_tremelimumab","tremelimumab","0","336","31.531891","ug/mL","750","mg","1","0"
"3","Hwang_2022_tremelimumab","tremelimumab","0","504","27.500733","ug/mL","750","mg","1","0"
"3","Hwang_2022_tremelimumab","tremelimumab","0","672","37.340462","ug/mL","750","mg","1","0"
"3","Hwang_2022_tremelimumab","tremelimumab","0","840","24.743302","ug/mL","750","mg","1","0"
"3","Hwang_2022_tremelimumab","tremelimumab","0","1008","8.194238","ug/mL","750","mg","1","0"
"3","Hwang_2022_tremelimumab","tremelimumab","0","1176","9.898481","ug/mL","750","mg","1","0"
"3","Hwang_2022_tremelimumab","tremelimumab","0","1512","6.983534","ug/mL","750","mg","1","0"
"3","Hwang_2022_tremelimumab","tremelimumab","0","2016","2.452227","ug/mL","750","mg","1","0"
"3","Hwang_2022_tremelimumab","tremelimumab","0","2139","1.707855","ug/mL","750","mg","1","0"
"4","Hwang_2022_tremelimumab","tremelimumab","1","0",".","ug/mL","750","mg","1","."
"4","Hwang_2022_tremelimumab","tremelimumab","0","0","123.853655","ug/mL","750","mg","1","0"
"4","Hwang_2022_tremelimumab","tremelimumab","0","4","142.695666","ug/mL","750","mg","1","0"
"4","Hwang_2022_tremelimumab","tremelimumab","0","24","190.64076","ug/mL","750","mg","1","0"
"4","Hwang_2022_tremelimumab","tremelimumab","0","72","164.370965","ug/mL","750","mg","1","0"
"4","Hwang_2022_tremelimumab","tremelimumab","0","168","76.719163","ug/mL","750","mg","1","0"
"4","Hwang_2022_tremelimumab","tremelimumab","0","336","69.891076","ug/mL","750","mg","1","0"
"4","Hwang_2022_tremelimumab","tremelimumab","0","504","62.217377","ug/mL","750","mg","1","0"
"4","Hwang_2022_tremelimumab","tremelimumab","0","672","42.558448","ug/mL","750","mg","1","0"
"4","Hwang_2022_tremelimumab","tremelimumab","0","840","23.864806","ug/mL","750","mg","1","0"
"4","Hwang_2022_tremelimumab","tremelimumab","0","1008","20.537277","ug/mL","750","mg","1","0"
"4","Hwang_2022_tremelimumab","tremelimumab","0","1176","25.706915","ug/mL","750","mg","1","0"
"4","Hwang_2022_tremelimumab","tremelimumab","0","1512","9.449136","ug/mL","750","mg","1","0"
"4","Hwang_2022_tremelimumab","tremelimumab","0","2016","5.391422","ug/mL","750","mg","1","0"
"4","Hwang_2022_tremelimumab","tremelimumab","0","2139","5.372967","ug/mL","750","mg","1","0"
"5","Hwang_2022_tremelimumab","tremelimumab","1","0",".","ug/mL","750","mg","1","."
"5","Hwang_2022_tremelimumab","tremelimumab","0","0","72.76432","ug/mL","750","mg","1","0"
"5","Hwang_2022_tremelimumab","tremelimumab","0","4","108.069883","ug/mL","750","mg","1","0"
"5","Hwang_2022_tremelimumab","tremelimumab","0","24","124.647774","ug/mL","750","mg","1","0"
"5","Hwang_2022_tremelimumab","tremelimumab","0","72","133.654943","ug/mL","750","mg","1","0"
"5","Hwang_2022_tremelimumab","tremelimumab","0","168","79.742395","ug/mL","750","mg","1","0"
"5","Hwang_2022_tremelimumab","tremelimumab","0","336","50.525629","ug/mL","750","mg","1","0"
"5","Hwang_2022_tremelimumab","tremelimumab","0","504","28.612534","ug/mL","750","mg","1","0"
"5","Hwang_2022_tremelimumab","tremelimumab","0","672","33.445137","ug/mL","750","mg","1","0"
"5","Hwang_2022_tremelimumab","tremelimumab","0","840","23.549953","ug/mL","750","mg","1","0"
"5","Hwang_2022_tremelimumab","tremelimumab","0","1008","26.508557","ug/mL","750","mg","1","0"
"5","Hwang_2022_tremelimumab","tremelimumab","0","1176","22.524387","ug/mL","750","mg","1","0"
"5","Hwang_2022_tremelimumab","tremelimumab","0","1512","11.041018","ug/mL","750","mg","1","0"
"5","Hwang_2022_tremelimumab","tremelimumab","0","2016","2.23724","ug/mL","750","mg","1","0"
"5","Hwang_2022_tremelimumab","tremelimumab","0","2139","6.786808","ug/mL","750","mg","1","0"
"6","Hwang_2022_tremelimumab","tremelimumab","1","0",".","ug/mL","750","mg","1","."
"6","Hwang_2022_tremelimumab","tremelimumab","0","0","182.441159","ug/mL","750","mg","1","0"
"6","Hwang_2022_tremelimumab","tremelimumab","0","4","128.317958","ug/mL","750","mg","1","0"
"6","Hwang_2022_tremelimumab","tremelimumab","0","24","218.488426","ug/mL","750","mg","1","0"
"6","Hwang_2022_tremelimumab","tremelimumab","0","72","165.21553","ug/mL","750","mg","1","0"
"6","Hwang_2022_tremelimumab","tremelimumab","0","168","93.760023","ug/mL","750","mg","1","0"
"6","Hwang_2022_tremelimumab","tremelimumab","0","336","35.047855","ug/mL","750","mg","1","0"
"6","Hwang_2022_tremelimumab","tremelimumab","0","504","29.369224","ug/mL","750","mg","1","0"
"6","Hwang_2022_tremelimumab","tremelimumab","0","672","22.244765","ug/mL","750","mg","1","0"
"6","Hwang_2022_tremelimumab","tremelimumab","0","840","11.396851","ug/mL","750","mg","1","0"
"6","Hwang_2022_tremelimumab","tremelimumab","0","1008","11.074005","ug/mL","750","mg","1","0"
"6","Hwang_2022_tremelimumab","tremelimumab","0","1176","10.081275","ug/mL","750","mg","1","0"
"6","Hwang_2022_tremelimumab","tremelimumab","0","1512","4.878541","ug/mL","750","mg","1","0"
"6","Hwang_2022_tremelimumab","tremelimumab","0","2016","0.705868","ug/mL","750","mg","1","0"
"6","Hwang_2022_tremelimumab","tremelimumab","0","2139","1.249632","ug/mL","750","mg","1","0"
"7","Hwang_2022_tremelimumab","tremelimumab","1","0",".","ug/mL","750","mg","1","."
"7","Hwang_2022_tremelimumab","tremelimumab","0","0","106.801939","ug/mL","750","mg","1","0"
"7","Hwang_2022_tremelimumab","tremelimumab","0","4","89.170921","ug/mL","750","mg","1","0"
"7","Hwang_2022_tremelimumab","tremelimumab","0","24","120.613293","ug/mL","750","mg","1","0"
"7","Hwang_2022_tremelimumab","tremelimumab","0","72","104.369937","ug/mL","750","mg","1","0"
"7","Hwang_2022_tremelimumab","tremelimumab","0","168","25.154627","ug/mL","750","mg","1","0"
"7","Hwang_2022_tremelimumab","tremelimumab","0","336","27.18731","ug/mL","750","mg","1","0"
"7","Hwang_2022_tremelimumab","tremelimumab","0","504","8.765122","ug/mL","750","mg","1","0"
"7","Hwang_2022_tremelimumab","tremelimumab","0","672","9.227792","ug/mL","750","mg","1","0"
"7","Hwang_2022_tremelimumab","tremelimumab","0","840","4.407374","ug/mL","750","mg","1","0"
"7","Hwang_2022_tremelimumab","tremelimumab","0","1008","3.778419","ug/mL","750","mg","1","0"
"7","Hwang_2022_tremelimumab","tremelimumab","0","1176","1.052882","ug/mL","750","mg","1","0"
"7","Hwang_2022_tremelimumab","tremelimumab","0","1512","0.85161","ug/mL","750","mg","1","0"
"7","Hwang_2022_tremelimumab","tremelimumab","0","2016","0.222986","ug/mL","750","mg","1","0"
"7","Hwang_2022_tremelimumab","tremelimumab","0","2139","0","ug/mL","750","mg","1","1"
"8","Hwang_2022_tremelimumab","tremelimumab","1","0",".","ug/mL","750","mg","1","."
"8","Hwang_2022_tremelimumab","tremelimumab","0","0","86.445008","ug/mL","750","mg","1","0"
"8","Hwang_2022_tremelimumab","tremelimumab","0","4","182.595197","ug/mL","750","mg","1","0"
"8","Hwang_2022_tremelimumab","tremelimumab","0","24","178.499773","ug/mL","750","mg","1","0"
"8","Hwang_2022_tremelimumab","tremelimumab","0","72","141.467165","ug/mL","750","mg","1","0"
"8","Hwang_2022_tremelimumab","tremelimumab","0","168","126.941074","ug/mL","750","mg","1","0"
"8","Hwang_2022_tremelimumab","tremelimumab","0","336","89.297708","ug/mL","750","mg","1","0"
"8","Hwang_2022_tremelimumab","tremelimumab","0","504","80.450538","ug/mL","750","mg","1","0"
"8","Hwang_2022_tremelimumab","tremelimumab","0","672","27.774284","ug/mL","750","mg","1","0"
"8","Hwang_2022_tremelimumab","tremelimumab","0","840","32.06","ug/mL","750","mg","1","0"
"8","Hwang_2022_tremelimumab","tremelimumab","0","1008","15.549047","ug/mL","750","mg","1","0"
"8","Hwang_2022_tremelimumab","tremelimumab","0","1176","35.881987","ug/mL","750","mg","1","0"
"8","Hwang_2022_tremelimumab","tremelimumab","0","1512","7.557725","ug/mL","750","mg","1","0"
"8","Hwang_2022_tremelimumab","tremelimumab","0","2016","10.795563","ug/mL","750","mg","1","0"
"8","Hwang_2022_tremelimumab","tremelimumab","0","2139","7.657655","ug/mL","750","mg","1","0"
"9","Hwang_2022_tremelimumab","tremelimumab","1","0",".","ug/mL","750","mg","1","."
"9","Hwang_2022_tremelimumab","tremelimumab","0","0","190.615732","ug/mL","750","mg","1","0"
"9","Hwang_2022_tremelimumab","tremelimumab","0","4","219.939684","ug/mL","750","mg","1","0"
"9","Hwang_2022_tremelimumab","tremelimumab","0","24","81.218495","ug/mL","750","mg","1","0"
"9","Hwang_2022_tremelimumab","tremelimumab","0","72","143.530777","ug/mL","750","mg","1","0"
"9","Hwang_2022_tremelimumab","tremelimumab","0","168","114.92734","ug/mL","750","mg","1","0"
"9","Hwang_2022_tremelimumab","tremelimumab","0","336","103.880114","ug/mL","750","mg","1","0"
"9","Hwang_2022_tremelimumab","tremelimumab","0","504","104.591049","ug/mL","750","mg","1","0"
"9","Hwang_2022_tremelimumab","tremelimumab","0","672","34.16123","ug/mL","750","mg","1","0"
"9","Hwang_2022_tremelimumab","tremelimumab","0","840","39.401546","ug/mL","750","mg","1","0"
"9","Hwang_2022_tremelimumab","tremelimumab","0","1008","32.849726","ug/mL","750","mg","1","0"
"9","Hwang_2022_tremelimumab","tremelimumab","0","1176","23.149526","ug/mL","750","mg","1","0"
"9","Hwang_2022_tremelimumab","tremelimumab","0","1512","5.562204","ug/mL","750","mg","1","0"
"9","Hwang_2022_tremelimumab","tremelimumab","0","2016","19.851655","ug/mL","750","mg","1","0"
"9","Hwang_2022_tremelimumab","tremelimumab","0","2139","19.837452","ug/mL","750","mg","1","0"
"10","Hwang_2022_tremelimumab","tremelimumab","1","0",".","ug/mL","750","mg","1","."
"10","Hwang_2022_tremelimumab","tremelimumab","0","0","171.630599","ug/mL","750","mg","1","0"
"10","Hwang_2022_tremelimumab","tremelimumab","0","4","268.544312","ug/mL","750","mg","1","0"
"10","Hwang_2022_tremelimumab","tremelimumab","0","24","144.287261","ug/mL","750","mg","1","0"
"10","Hwang_2022_tremelimumab","tremelimumab","0","72","84.965941","ug/mL","750","mg","1","0"
"10","Hwang_2022_tremelimumab","tremelimumab","0","168","48.166024","ug/mL","750","mg","1","0"
"10","Hwang_2022_tremelimumab","tremelimumab","0","336","86.091471","ug/mL","750","mg","1","0"
"10","Hwang_2022_tremelimumab","tremelimumab","0","504","40.73395","ug/mL","750","mg","1","0"
"10","Hwang_2022_tremelimumab","tremelimumab","0","672","18.093711","ug/mL","750","mg","1","0"
"10","Hwang_2022_tremelimumab","tremelimumab","0","840","16.343932","ug/mL","750","mg","1","0"
"10","Hwang_2022_tremelimumab","tremelimumab","0","1008","33.00267","ug/mL","750","mg","1","0"
"10","Hwang_2022_tremelimumab","tremelimumab","0","1176","20.467126","ug/mL","750","mg","1","0"
"10","Hwang_2022_tremelimumab","tremelimumab","0","1512","18.916264","ug/mL","750","mg","1","0"
"10","Hwang_2022_tremelimumab","tremelimumab","0","2016","5.675667","ug/mL","750","mg","1","0"
"10","Hwang_2022_tremelimumab","tremelimumab","0","2139","6.684262","ug/mL","750","mg","1","0"
"1","Jia_2015_unfractionatedHeparin","unfractionatedHeparin","1","0",".","IU/mL","100","mg","1","."
"1","Jia_2015_unfractionatedHeparin","unfractionatedHeparin","0","0","0.031577","IU/mL","100","mg","1","0"
"1","Jia_2015_unfractionatedHeparin","unfractionatedHeparin","0","1","0.014426","IU/mL","100","mg","1","0"
"1","Jia_2015_unfractionatedHeparin","unfractionatedHeparin","0","2","0.015219","IU/mL","100","mg","1","0"
"1","Jia_2015_unfractionatedHeparin","unfractionatedHeparin","0","4","0.012354","IU/mL","100","mg","1","0"
"1","Jia_2015_unfractionatedHeparin","unfractionatedHeparin","0","8","0.00273","IU/mL","100","mg","1","0"
"1","Jia_2015_unfractionatedHeparin","unfractionatedHeparin","0","24","0.000206","IU/mL","100","mg","1","0"
"1","Jia_2015_unfractionatedHeparin","unfractionatedHeparin","0","48","8.7e-05","IU/mL","100","mg","1","0"
"1","Jia_2015_unfractionatedHeparin","unfractionatedHeparin","0","72","8.6e-05","IU/mL","100","mg","1","0"
"1","Jia_2015_unfractionatedHeparin","unfractionatedHeparin","0","96","0.000114","IU/mL","100","mg","1","0"
"1","Jia_2015_unfractionatedHeparin","unfractionatedHeparin","0","120","4.3e-05","IU/mL","100","mg","1","0"
"1","Jia_2015_unfractionatedHeparin","unfractionatedHeparin","0","168","1e-05","IU/mL","100","mg","1","0"
"1","Jia_2015_unfractionatedHeparin","unfractionatedHeparin","0","188","2.5e-05","IU/mL","100","mg","1","0"
"2","Jia_2015_unfractionatedHeparin","unfractionatedHeparin","1","0",".","IU/mL","100","mg","1","."
"2","Jia_2015_unfractionatedHeparin","unfractionatedHeparin","0","0","0.028842","IU/mL","100","mg","1","0"
"2","Jia_2015_unfractionatedHeparin","unfractionatedHeparin","0","1","0.023003","IU/mL","100","mg","1","0"
"2","Jia_2015_unfractionatedHeparin","unfractionatedHeparin","0","2","0.010957","IU/mL","100","mg","1","0"
"2","Jia_2015_unfractionatedHeparin","unfractionatedHeparin","0","4","0.004661","IU/mL","100","mg","1","0"
"2","Jia_2015_unfractionatedHeparin","unfractionatedHeparin","0","8","0.000241","IU/mL","100","mg","1","0"
"2","Jia_2015_unfractionatedHeparin","unfractionatedHeparin","0","24","8.3e-05","IU/mL","100","mg","1","0"
"2","Jia_2015_unfractionatedHeparin","unfractionatedHeparin","0","48","0.000106","IU/mL","100","mg","1","0"
"2","Jia_2015_unfractionatedHeparin","unfractionatedHeparin","0","72","3.2e-05","IU/mL","100","mg","1","0"
"2","Jia_2015_unfractionatedHeparin","unfractionatedHeparin","0","96","1.7e-05","IU/mL","100","mg","1","0"
"2","Jia_2015_unfractionatedHeparin","unfractionatedHeparin","0","120","1.3e-05","IU/mL","100","mg","1","0"
"2","Jia_2015_unfractionatedHeparin","unfractionatedHeparin","0","168","9e-06","IU/mL","100","mg","1","0"
"2","Jia_2015_unfractionatedHeparin","unfractionatedHeparin","0","188","7e-06","IU/mL","100","mg","1","0"
"3","Jia_2015_unfractionatedHeparin","unfractionatedHeparin","1","0",".","IU/mL","100","mg","1","."
"3","Jia_2015_unfractionatedHeparin","unfractionatedHeparin","0","0","0","IU/mL","100","mg","1","1"
"3","Jia_2015_unfractionatedHeparin","unfractionatedHeparin","0","1","0.019207","IU/mL","100","mg","1","0"
"3","Jia_2015_unfractionatedHeparin","unfractionatedHeparin","0","2","0.020289","IU/mL","100","mg","1","0"
"3","Jia_2015_unfractionatedHeparin","unfractionatedHeparin","0","4","0.007984","IU/mL","100","mg","1","0"
"3","Jia_2015_unfractionatedHeparin","unfractionatedHeparin","0","8","0.000397","IU/mL","100","mg","1","0"
"3","Jia_2015_unfractionatedHeparin","unfractionatedHeparin","0","24","0.000141","IU/mL","100","mg","1","0"
"3","Jia_2015_unfractionatedHeparin","unfractionatedHeparin","0","48","8.2e-05","IU/mL","100","mg","1","0"
"3","Jia_2015_unfractionatedHeparin","unfractionatedHeparin","0","72","1.2e-05","IU/mL","100","mg","1","0"
"3","Jia_2015_unfractionatedHeparin","unfractionatedHeparin","0","96","4e-05","IU/mL","100","mg","1","0"
"3","Jia_2015_unfractionatedHeparin","unfractionatedHeparin","0","120","2.7e-05","IU/mL","100","mg","1","0"
"3","Jia_2015_unfractionatedHeparin","unfractionatedHeparin","0","168","5e-06","IU/mL","100","mg","1","0"
"3","Jia_2015_unfractionatedHeparin","unfractionatedHeparin","0","188","6e-06","IU/mL","100","mg","1","0"
"4","Jia_2015_unfractionatedHeparin","unfractionatedHeparin","1","0",".","IU/mL","100","mg","1","."
"4","Jia_2015_unfractionatedHeparin","unfractionatedHeparin","0","0","0.012077","IU/mL","100","mg","1","0"
"4","Jia_2015_unfractionatedHeparin","unfractionatedHeparin","0","1","0.014194","IU/mL","100","mg","1","0"
"4","Jia_2015_unfractionatedHeparin","unfractionatedHeparin","0","2","0.011399","IU/mL","100","mg","1","0"
"4","Jia_2015_unfractionatedHeparin","unfractionatedHeparin","0","4","0.007983","IU/mL","100","mg","1","0"
"4","Jia_2015_unfractionatedHeparin","unfractionatedHeparin","0","8","0.006056","IU/mL","100","mg","1","0"
"4","Jia_2015_unfractionatedHeparin","unfractionatedHeparin","0","24","0.000675","IU/mL","100","mg","1","0"
"4","Jia_2015_unfractionatedHeparin","unfractionatedHeparin","0","48","0.000206","IU/mL","100","mg","1","0"
"4","Jia_2015_unfractionatedHeparin","unfractionatedHeparin","0","72","0.000222","IU/mL","100","mg","1","0"
"4","Jia_2015_unfractionatedHeparin","unfractionatedHeparin","0","96","9e-05","IU/mL","100","mg","1","0"
"4","Jia_2015_unfractionatedHeparin","unfractionatedHeparin","0","120","1.5e-05","IU/mL","100","mg","1","0"
"4","Jia_2015_unfractionatedHeparin","unfractionatedHeparin","0","168","3.7e-05","IU/mL","100","mg","1","0"
"4","Jia_2015_unfractionatedHeparin","unfractionatedHeparin","0","188","1.8e-05","IU/mL","100","mg","1","0"
"5","Jia_2015_unfractionatedHeparin","unfractionatedHeparin","1","0",".","IU/mL","100","mg","1","."
"5","Jia_2015_unfractionatedHeparin","unfractionatedHeparin","0","0","0.034344","IU/mL","100","mg","1","0"
"5","Jia_2015_unfractionatedHeparin","unfractionatedHeparin","0","1","0.027152","IU/mL","100","mg","1","0"
"5","Jia_2015_unfractionatedHeparin","unfractionatedHeparin","0","2","0.019194","IU/mL","100","mg","1","0"
"5","Jia_2015_unfractionatedHeparin","unfractionatedHeparin","0","4","0.011159","IU/mL","100","mg","1","0"
"5","Jia_2015_unfractionatedHeparin","unfractionatedHeparin","0","8","0.001","IU/mL","100","mg","1","0"
"5","Jia_2015_unfractionatedHeparin","unfractionatedHeparin","0","24","0.000142","IU/mL","100","mg","1","0"
"5","Jia_2015_unfractionatedHeparin","unfractionatedHeparin","0","48","0.000102","IU/mL","100","mg","1","0"
"5","Jia_2015_unfractionatedHeparin","unfractionatedHeparin","0","72","6.8e-05","IU/mL","100","mg","1","0"
"5","Jia_2015_unfractionatedHeparin","unfractionatedHeparin","0","96","7.5e-05","IU/mL","100","mg","1","0"
"5","Jia_2015_unfractionatedHeparin","unfractionatedHeparin","0","120","5.5e-05","IU/mL","100","mg","1","0"
"5","Jia_2015_unfractionatedHeparin","unfractionatedHeparin","0","168","1.1e-05","IU/mL","100","mg","1","0"
"5","Jia_2015_unfractionatedHeparin","unfractionatedHeparin","0","188","8e-06","IU/mL","100","mg","1","0"
"6","Jia_2015_unfractionatedHeparin","unfractionatedHeparin","1","0",".","IU/mL","100","mg","1","."
"6","Jia_2015_unfractionatedHeparin","unfractionatedHeparin","0","0","0.053327","IU/mL","100","mg","1","0"
"6","Jia_2015_unfractionatedHeparin","unfractionatedHeparin","0","1","0.018796","IU/mL","100","mg","1","0"
"6","Jia_2015_unfractionatedHeparin","unfractionatedHeparin","0","2","0.027196","IU/mL","100","mg","1","0"
"6","Jia_2015_unfractionatedHeparin","unfractionatedHeparin","0","4","0.011677","IU/mL","100","mg","1","0"
"6","Jia_2015_unfractionatedHeparin","unfractionatedHeparin","0","8","0.002462","IU/mL","100","mg","1","0"
"6","Jia_2015_unfractionatedHeparin","unfractionatedHeparin","0","24","0.000178","IU/mL","100","mg","1","0"
"6","Jia_2015_unfractionatedHeparin","unfractionatedHeparin","0","48","6.2e-05","IU/mL","100","mg","1","0"
"6","Jia_2015_unfractionatedHeparin","unfractionatedHeparin","0","72","9.3e-05","IU/mL","100","mg","1","0"
"6","Jia_2015_unfractionatedHeparin","unfractionatedHeparin","0","96","5.1e-05","IU/mL","100","mg","1","0"
"6","Jia_2015_unfractionatedHeparin","unfractionatedHeparin","0","120","8.4e-05","IU/mL","100","mg","1","0"
"6","Jia_2015_unfractionatedHeparin","unfractionatedHeparin","0","168","1.6e-05","IU/mL","100","mg","1","0"
"6","Jia_2015_unfractionatedHeparin","unfractionatedHeparin","0","188","9e-06","IU/mL","100","mg","1","0"
"7","Jia_2015_unfractionatedHeparin","unfractionatedHeparin","1","0",".","IU/mL","100","mg","1","."
"7","Jia_2015_unfractionatedHeparin","unfractionatedHeparin","0","0","0.024342","IU/mL","100","mg","1","0"
"7","Jia_2015_unfractionatedHeparin","unfractionatedHeparin","0","1","0.029703","IU/mL","100","mg","1","0"
"7","Jia_2015_unfractionatedHeparin","unfractionatedHeparin","0","2","0.014108","IU/mL","100","mg","1","0"
"7","Jia_2015_unfractionatedHeparin","unfractionatedHeparin","0","4","0.003949","IU/mL","100","mg","1","0"
"7","Jia_2015_unfractionatedHeparin","unfractionatedHeparin","0","8","0.000289","IU/mL","100","mg","1","0"
"7","Jia_2015_unfractionatedHeparin","unfractionatedHeparin","0","24","0.000199","IU/mL","100","mg","1","0"
"7","Jia_2015_unfractionatedHeparin","unfractionatedHeparin","0","48","0.000226","IU/mL","100","mg","1","0"
"7","Jia_2015_unfractionatedHeparin","unfractionatedHeparin","0","72","7.8e-05","IU/mL","100","mg","1","0"
"7","Jia_2015_unfractionatedHeparin","unfractionatedHeparin","0","96","2.8e-05","IU/mL","100","mg","1","0"
"7","Jia_2015_unfractionatedHeparin","unfractionatedHeparin","0","120","2e-05","IU/mL","100","mg","1","0"
"7","Jia_2015_unfractionatedHeparin","unfractionatedHeparin","0","168","5e-06","IU/mL","100","mg","1","0"
"7","Jia_2015_unfractionatedHeparin","unfractionatedHeparin","0","188","4e-06","IU/mL","100","mg","1","0"
"8","Jia_2015_unfractionatedHeparin","unfractionatedHeparin","1","0",".","IU/mL","100","mg","1","."
"8","Jia_2015_unfractionatedHeparin","unfractionatedHeparin","0","0","0.028442","IU/mL","100","mg","1","0"
"8","Jia_2015_unfractionatedHeparin","unfractionatedHeparin","0","1","0.031866","IU/mL","100","mg","1","0"
"8","Jia_2015_unfractionatedHeparin","unfractionatedHeparin","0","2","0.013061","IU/mL","100","mg","1","0"
"8","Jia_2015_unfractionatedHeparin","unfractionatedHeparin","0","4","0.008753","IU/mL","100","mg","1","0"
"8","Jia_2015_unfractionatedHeparin","unfractionatedHeparin","0","8","0.008293","IU/mL","100","mg","1","0"
"8","Jia_2015_unfractionatedHeparin","unfractionatedHeparin","0","24","0.001293","IU/mL","100","mg","1","0"
"8","Jia_2015_unfractionatedHeparin","unfractionatedHeparin","0","48","0.000598","IU/mL","100","mg","1","0"
"8","Jia_2015_unfractionatedHeparin","unfractionatedHeparin","0","72","0.000503","IU/mL","100","mg","1","0"
"8","Jia_2015_unfractionatedHeparin","unfractionatedHeparin","0","96","0.000173","IU/mL","100","mg","1","0"
"8","Jia_2015_unfractionatedHeparin","unfractionatedHeparin","0","120","0","IU/mL","100","mg","1","1"
"8","Jia_2015_unfractionatedHeparin","unfractionatedHeparin","0","168","0.000144","IU/mL","100","mg","1","0"
"8","Jia_2015_unfractionatedHeparin","unfractionatedHeparin","0","188","2.7e-05","IU/mL","100","mg","1","0"
"9","Jia_2015_unfractionatedHeparin","unfractionatedHeparin","1","0",".","IU/mL","100","mg","1","."
"9","Jia_2015_unfractionatedHeparin","unfractionatedHeparin","0","0","0.017937","IU/mL","100","mg","1","0"
"9","Jia_2015_unfractionatedHeparin","unfractionatedHeparin","0","1","0.021056","IU/mL","100","mg","1","0"
"9","Jia_2015_unfractionatedHeparin","unfractionatedHeparin","0","2","0.002906","IU/mL","100","mg","1","0"
"9","Jia_2015_unfractionatedHeparin","unfractionatedHeparin","0","4","0.001201","IU/mL","100","mg","1","0"
"9","Jia_2015_unfractionatedHeparin","unfractionatedHeparin","0","8","8.3e-05","IU/mL","100","mg","1","0"
"9","Jia_2015_unfractionatedHeparin","unfractionatedHeparin","0","24","1e-05","IU/mL","100","mg","1","0"
"9","Jia_2015_unfractionatedHeparin","unfractionatedHeparin","0","48","1.8e-05","IU/mL","100","mg","1","0"
"9","Jia_2015_unfractionatedHeparin","unfractionatedHeparin","0","72","2.2e-05","IU/mL","100","mg","1","0"
"9","Jia_2015_unfractionatedHeparin","unfractionatedHeparin","0","96","1.5e-05","IU/mL","100","mg","1","0"
"9","Jia_2015_unfractionatedHeparin","unfractionatedHeparin","0","120","1.1e-05","IU/mL","100","mg","1","0"
"9","Jia_2015_unfractionatedHeparin","unfractionatedHeparin","0","168","6e-06","IU/mL","100","mg","1","0"
"9","Jia_2015_unfractionatedHeparin","unfractionatedHeparin","0","188","4e-06","IU/mL","100","mg","1","0"
"10","Jia_2015_unfractionatedHeparin","unfractionatedHeparin","1","0",".","IU/mL","100","mg","1","."
"10","Jia_2015_unfractionatedHeparin","unfractionatedHeparin","0","0","0.035317","IU/mL","100","mg","1","0"
"10","Jia_2015_unfractionatedHeparin","unfractionatedHeparin","0","1","0.026212","IU/mL","100","mg","1","0"
"10","Jia_2015_unfractionatedHeparin","unfractionatedHeparin","0","2","0.004623","IU/mL","100","mg","1","0"
"10","Jia_2015_unfractionatedHeparin","unfractionatedHeparin","0","4","0.00079","IU/mL","100","mg","1","0"
"10","Jia_2015_unfractionatedHeparin","unfractionatedHeparin","0","8","7.7e-05","IU/mL","100","mg","1","0"
"10","Jia_2015_unfractionatedHeparin","unfractionatedHeparin","0","24","2.1e-05","IU/mL","100","mg","1","0"
"10","Jia_2015_unfractionatedHeparin","unfractionatedHeparin","0","48","3.5e-05","IU/mL","100","mg","1","0"
"10","Jia_2015_unfractionatedHeparin","unfractionatedHeparin","0","72","2e-05","IU/mL","100","mg","1","0"
"10","Jia_2015_unfractionatedHeparin","unfractionatedHeparin","0","96","1.7e-05","IU/mL","100","mg","1","0"
"10","Jia_2015_unfractionatedHeparin","unfractionatedHeparin","0","120","1.1e-05","IU/mL","100","mg","1","0"
"10","Jia_2015_unfractionatedHeparin","unfractionatedHeparin","0","168","2e-06","IU/mL","100","mg","1","0"
"10","Jia_2015_unfractionatedHeparin","unfractionatedHeparin","0","188","2e-06","IU/mL","100","mg","1","0"
"1","Alqahtani_2018_vancomycin","vancomycin","1","0",".","mg/L","100","mg","1","."
"1","Alqahtani_2018_vancomycin","vancomycin","0","0","2.644843","mg/L","100","mg","1","0"
"1","Alqahtani_2018_vancomycin","vancomycin","0","0.25","2.670334","mg/L","100","mg","1","0"
"1","Alqahtani_2018_vancomycin","vancomycin","0","0.5","1.852218","mg/L","100","mg","1","0"
"1","Alqahtani_2018_vancomycin","vancomycin","0","1","2.118239","mg/L","100","mg","1","0"
"1","Alqahtani_2018_vancomycin","vancomycin","0","2","1.385029","mg/L","100","mg","1","0"
"1","Alqahtani_2018_vancomycin","vancomycin","0","4","1.155043","mg/L","100","mg","1","0"
"1","Alqahtani_2018_vancomycin","vancomycin","0","6","0.661093","mg/L","100","mg","1","0"
"1","Alqahtani_2018_vancomycin","vancomycin","0","8","0.317852","mg/L","100","mg","1","0"
"1","Alqahtani_2018_vancomycin","vancomycin","0","12","0.141398","mg/L","100","mg","1","0"
"1","Alqahtani_2018_vancomycin","vancomycin","0","24","0","mg/L","100","mg","1","1"
"1","Alqahtani_2018_vancomycin","vancomycin","0","36","0.004762","mg/L","100","mg","1","0"
"1","Alqahtani_2018_vancomycin","vancomycin","0","48","0.006388","mg/L","100","mg","1","0"
"1","Alqahtani_2018_vancomycin","vancomycin","0","60","0.063094","mg/L","100","mg","1","0"
"1","Alqahtani_2018_vancomycin","vancomycin","0","64","0.048439","mg/L","100","mg","1","0"
"2","Alqahtani_2018_vancomycin","vancomycin","1","0",".","mg/L","100","mg","1","."
"2","Alqahtani_2018_vancomycin","vancomycin","0","0","3.08149","mg/L","100","mg","1","0"
"2","Alqahtani_2018_vancomycin","vancomycin","0","0.25","3.05365","mg/L","100","mg","1","0"
"2","Alqahtani_2018_vancomycin","vancomycin","0","0.5","2.624779","mg/L","100","mg","1","0"
"2","Alqahtani_2018_vancomycin","vancomycin","0","1","1.739946","mg/L","100","mg","1","0"
"2","Alqahtani_2018_vancomycin","vancomycin","0","2","1.486254","mg/L","100","mg","1","0"
"2","Alqahtani_2018_vancomycin","vancomycin","0","4","1.430059","mg/L","100","mg","1","0"
"2","Alqahtani_2018_vancomycin","vancomycin","0","6","0.474634","mg/L","100","mg","1","0"
"2","Alqahtani_2018_vancomycin","vancomycin","0","8","0.404304","mg/L","100","mg","1","0"
"2","Alqahtani_2018_vancomycin","vancomycin","0","12","0.210267","mg/L","100","mg","1","0"
"2","Alqahtani_2018_vancomycin","vancomycin","0","24","0.030741","mg/L","100","mg","1","0"
"2","Alqahtani_2018_vancomycin","vancomycin","0","36","0","mg/L","100","mg","1","1"
"2","Alqahtani_2018_vancomycin","vancomycin","0","48","0","mg/L","100","mg","1","1"
"2","Alqahtani_2018_vancomycin","vancomycin","0","60","0.01502","mg/L","100","mg","1","0"
"2","Alqahtani_2018_vancomycin","vancomycin","0","64","0","mg/L","100","mg","1","1"
"3","Alqahtani_2018_vancomycin","vancomycin","1","0",".","mg/L","100","mg","1","."
"3","Alqahtani_2018_vancomycin","vancomycin","0","0","3.348096","mg/L","100","mg","1","0"
"3","Alqahtani_2018_vancomycin","vancomycin","0","0.25","3.202178","mg/L","100","mg","1","0"
"3","Alqahtani_2018_vancomycin","vancomycin","0","0.5","2.928892","mg/L","100","mg","1","0"
"3","Alqahtani_2018_vancomycin","vancomycin","0","1","2.031605","mg/L","100","mg","1","0"
"3","Alqahtani_2018_vancomycin","vancomycin","0","2","1.772056","mg/L","100","mg","1","0"
"3","Alqahtani_2018_vancomycin","vancomycin","0","4","1.030907","mg/L","100","mg","1","0"
"3","Alqahtani_2018_vancomycin","vancomycin","0","6","0.753724","mg/L","100","mg","1","0"
"3","Alqahtani_2018_vancomycin","vancomycin","0","8","0.499348","mg/L","100","mg","1","0"
"3","Alqahtani_2018_vancomycin","vancomycin","0","12","0.08767","mg/L","100","mg","1","0"
"3","Alqahtani_2018_vancomycin","vancomycin","0","24","0","mg/L","100","mg","1","1"
"3","Alqahtani_2018_vancomycin","vancomycin","0","36","0.002579","mg/L","100","mg","1","0"
"3","Alqahtani_2018_vancomycin","vancomycin","0","48","0.0138","mg/L","100","mg","1","0"
"3","Alqahtani_2018_vancomycin","vancomycin","0","60","0.018751","mg/L","100","mg","1","0"
"3","Alqahtani_2018_vancomycin","vancomycin","0","64","0.044958","mg/L","100","mg","1","0"
"4","Alqahtani_2018_vancomycin","vancomycin","1","0",".","mg/L","100","mg","1","."
"4","Alqahtani_2018_vancomycin","vancomycin","0","0","1.960057","mg/L","100","mg","1","0"
"4","Alqahtani_2018_vancomycin","vancomycin","0","0.25","2.833086","mg/L","100","mg","1","0"
"4","Alqahtani_2018_vancomycin","vancomycin","0","0.5","2.578724","mg/L","100","mg","1","0"
"4","Alqahtani_2018_vancomycin","vancomycin","0","1","2.491367","mg/L","100","mg","1","0"
"4","Alqahtani_2018_vancomycin","vancomycin","0","2","2.127313","mg/L","100","mg","1","0"
"4","Alqahtani_2018_vancomycin","vancomycin","0","4","1.41129","mg/L","100","mg","1","0"
"4","Alqahtani_2018_vancomycin","vancomycin","0","6","0.91101","mg/L","100","mg","1","0"
"4","Alqahtani_2018_vancomycin","vancomycin","0","8","0.635314","mg/L","100","mg","1","0"
"4","Alqahtani_2018_vancomycin","vancomycin","0","12","0.089373","mg/L","100","mg","1","0"
"4","Alqahtani_2018_vancomycin","vancomycin","0","24","0.080659","mg/L","100","mg","1","0"
"4","Alqahtani_2018_vancomycin","vancomycin","0","36","0.011176","mg/L","100","mg","1","0"
"4","Alqahtani_2018_vancomycin","vancomycin","0","48","0.046641","mg/L","100","mg","1","0"
"4","Alqahtani_2018_vancomycin","vancomycin","0","60","0.034147","mg/L","100","mg","1","0"
"4","Alqahtani_2018_vancomycin","vancomycin","0","64","0","mg/L","100","mg","1","1"
"5","Alqahtani_2018_vancomycin","vancomycin","1","0",".","mg/L","100","mg","1","."
"5","Alqahtani_2018_vancomycin","vancomycin","0","0","3.126239","mg/L","100","mg","1","0"
"5","Alqahtani_2018_vancomycin","vancomycin","0","0.25","2.414714","mg/L","100","mg","1","0"
"5","Alqahtani_2018_vancomycin","vancomycin","0","0.5","2.507958","mg/L","100","mg","1","0"
"5","Alqahtani_2018_vancomycin","vancomycin","0","1","2.278623","mg/L","100","mg","1","0"
"5","Alqahtani_2018_vancomycin","vancomycin","0","2","2.044225","mg/L","100","mg","1","0"
"5","Alqahtani_2018_vancomycin","vancomycin","0","4","1.506801","mg/L","100","mg","1","0"
"5","Alqahtani_2018_vancomycin","vancomycin","0","6","0.803647","mg/L","100","mg","1","0"
"5","Alqahtani_2018_vancomycin","vancomycin","0","8","0.481944","mg/L","100","mg","1","0"
"5","Alqahtani_2018_vancomycin","vancomycin","0","12","0.249856","mg/L","100","mg","1","0"
"5","Alqahtani_2018_vancomycin","vancomycin","0","24","0","mg/L","100","mg","1","1"
"5","Alqahtani_2018_vancomycin","vancomycin","0","36","0","mg/L","100","mg","1","1"
"5","Alqahtani_2018_vancomycin","vancomycin","0","48","0","mg/L","100","mg","1","1"
"5","Alqahtani_2018_vancomycin","vancomycin","0","60","0.017141","mg/L","100","mg","1","0"
"5","Alqahtani_2018_vancomycin","vancomycin","0","64","0","mg/L","100","mg","1","1"
"6","Alqahtani_2018_vancomycin","vancomycin","1","0",".","mg/L","100","mg","1","."
"6","Alqahtani_2018_vancomycin","vancomycin","0","0","2.105186","mg/L","100","mg","1","0"
"6","Alqahtani_2018_vancomycin","vancomycin","0","0.25","2.895075","mg/L","100","mg","1","0"
"6","Alqahtani_2018_vancomycin","vancomycin","0","0.5","2.286011","mg/L","100","mg","1","0"
"6","Alqahtani_2018_vancomycin","vancomycin","0","1","2.510972","mg/L","100","mg","1","0"
"6","Alqahtani_2018_vancomycin","vancomycin","0","2","2.03425","mg/L","100","mg","1","0"
"6","Alqahtani_2018_vancomycin","vancomycin","0","4","1.431684","mg/L","100","mg","1","0"
"6","Alqahtani_2018_vancomycin","vancomycin","0","6","1.025499","mg/L","100","mg","1","0"
"6","Alqahtani_2018_vancomycin","vancomycin","0","8","1.16193","mg/L","100","mg","1","0"
"6","Alqahtani_2018_vancomycin","vancomycin","0","12","0.393167","mg/L","100","mg","1","0"
"6","Alqahtani_2018_vancomycin","vancomycin","0","24","0.112693","mg/L","100","mg","1","0"
"6","Alqahtani_2018_vancomycin","vancomycin","0","36","0.038143","mg/L","100","mg","1","0"
"6","Alqahtani_2018_vancomycin","vancomycin","0","48","0.069473","mg/L","100","mg","1","0"
"6","Alqahtani_2018_vancomycin","vancomycin","0","60","0.032047","mg/L","100","mg","1","0"
"6","Alqahtani_2018_vancomycin","vancomycin","0","64","0","mg/L","100","mg","1","1"
"7","Alqahtani_2018_vancomycin","vancomycin","1","0",".","mg/L","100","mg","1","."
"7","Alqahtani_2018_vancomycin","vancomycin","0","0","2.904035","mg/L","100","mg","1","0"
"7","Alqahtani_2018_vancomycin","vancomycin","0","0.25","2.602384","mg/L","100","mg","1","0"
"7","Alqahtani_2018_vancomycin","vancomycin","0","0.5","2.707831","mg/L","100","mg","1","0"
"7","Alqahtani_2018_vancomycin","vancomycin","0","1","2.147918","mg/L","100","mg","1","0"
"7","Alqahtani_2018_vancomycin","vancomycin","0","2","1.474009","mg/L","100","mg","1","0"
"7","Alqahtani_2018_vancomycin","vancomycin","0","4","1.615411","mg/L","100","mg","1","0"
"7","Alqahtani_2018_vancomycin","vancomycin","0","6","1.269708","mg/L","100","mg","1","0"
"7","Alqahtani_2018_vancomycin","vancomycin","0","8","0.64131","mg/L","100","mg","1","0"
"7","Alqahtani_2018_vancomycin","vancomycin","0","12","0.339241","mg/L","100","mg","1","0"
"7","Alqahtani_2018_vancomycin","vancomycin","0","24","0.110914","mg/L","100","mg","1","0"
"7","Alqahtani_2018_vancomycin","vancomycin","0","36","0.134463","mg/L","100","mg","1","0"
"7","Alqahtani_2018_vancomycin","vancomycin","0","48","0.030488","mg/L","100","mg","1","0"
"7","Alqahtani_2018_vancomycin","vancomycin","0","60","0.031736","mg/L","100","mg","1","0"
"7","Alqahtani_2018_vancomycin","vancomycin","0","64","0.023117","mg/L","100","mg","1","0"
"8","Alqahtani_2018_vancomycin","vancomycin","1","0",".","mg/L","100","mg","1","."
"8","Alqahtani_2018_vancomycin","vancomycin","0","0","2.524384","mg/L","100","mg","1","0"
"8","Alqahtani_2018_vancomycin","vancomycin","0","0.25","2.439699","mg/L","100","mg","1","0"
"8","Alqahtani_2018_vancomycin","vancomycin","0","0.5","1.844594","mg/L","100","mg","1","0"
"8","Alqahtani_2018_vancomycin","vancomycin","0","1","1.83334","mg/L","100","mg","1","0"
"8","Alqahtani_2018_vancomycin","vancomycin","0","2","2.127495","mg/L","100","mg","1","0"
"8","Alqahtani_2018_vancomycin","vancomycin","0","4","0.883703","mg/L","100","mg","1","0"
"8","Alqahtani_2018_vancomycin","vancomycin","0","6","0.781956","mg/L","100","mg","1","0"
"8","Alqahtani_2018_vancomycin","vancomycin","0","8","0.575647","mg/L","100","mg","1","0"
"8","Alqahtani_2018_vancomycin","vancomycin","0","12","0.23976","mg/L","100","mg","1","0"
"8","Alqahtani_2018_vancomycin","vancomycin","0","24","0.031384","mg/L","100","mg","1","0"
"8","Alqahtani_2018_vancomycin","vancomycin","0","36","0.072499","mg/L","100","mg","1","0"
"8","Alqahtani_2018_vancomycin","vancomycin","0","48","0.050355","mg/L","100","mg","1","0"
"8","Alqahtani_2018_vancomycin","vancomycin","0","60","0.011266","mg/L","100","mg","1","0"
"8","Alqahtani_2018_vancomycin","vancomycin","0","64","0","mg/L","100","mg","1","1"
"9","Alqahtani_2018_vancomycin","vancomycin","1","0",".","mg/L","100","mg","1","."
"9","Alqahtani_2018_vancomycin","vancomycin","0","0","2.583014","mg/L","100","mg","1","0"
"9","Alqahtani_2018_vancomycin","vancomycin","0","0.25","1.557201","mg/L","100","mg","1","0"
"9","Alqahtani_2018_vancomycin","vancomycin","0","0.5","2.239101","mg/L","100","mg","1","0"
"9","Alqahtani_2018_vancomycin","vancomycin","0","1","2.301634","mg/L","100","mg","1","0"
"9","Alqahtani_2018_vancomycin","vancomycin","0","2","2.198536","mg/L","100","mg","1","0"
"9","Alqahtani_2018_vancomycin","vancomycin","0","4","1.493069","mg/L","100","mg","1","0"
"9","Alqahtani_2018_vancomycin","vancomycin","0","6","1.076662","mg/L","100","mg","1","0"
"9","Alqahtani_2018_vancomycin","vancomycin","0","8","0.756388","mg/L","100","mg","1","0"
"9","Alqahtani_2018_vancomycin","vancomycin","0","12","0.48881","mg/L","100","mg","1","0"
"9","Alqahtani_2018_vancomycin","vancomycin","0","24","0.181582","mg/L","100","mg","1","0"
"9","Alqahtani_2018_vancomycin","vancomycin","0","36","0.046713","mg/L","100","mg","1","0"
"9","Alqahtani_2018_vancomycin","vancomycin","0","48","0.099843","mg/L","100","mg","1","0"
"9","Alqahtani_2018_vancomycin","vancomycin","0","60","0","mg/L","100","mg","1","1"
"9","Alqahtani_2018_vancomycin","vancomycin","0","64","0.013827","mg/L","100","mg","1","0"
"10","Alqahtani_2018_vancomycin","vancomycin","1","0",".","mg/L","100","mg","1","."
"10","Alqahtani_2018_vancomycin","vancomycin","0","0","2.223121","mg/L","100","mg","1","0"
"10","Alqahtani_2018_vancomycin","vancomycin","0","0.25","2.632592","mg/L","100","mg","1","0"
"10","Alqahtani_2018_vancomycin","vancomycin","0","0.5","1.888821","mg/L","100","mg","1","0"
"10","Alqahtani_2018_vancomycin","vancomycin","0","1","2.136334","mg/L","100","mg","1","0"
"10","Alqahtani_2018_vancomycin","vancomycin","0","2","1.937429","mg/L","100","mg","1","0"
"10","Alqahtani_2018_vancomycin","vancomycin","0","4","1.020981","mg/L","100","mg","1","0"
"10","Alqahtani_2018_vancomycin","vancomycin","0","6","0.696058","mg/L","100","mg","1","0"
"10","Alqahtani_2018_vancomycin","vancomycin","0","8","0.389423","mg/L","100","mg","1","0"
"10","Alqahtani_2018_vancomycin","vancomycin","0","12","0.196105","mg/L","100","mg","1","0"
"10","Alqahtani_2018_vancomycin","vancomycin","0","24","0.033406","mg/L","100","mg","1","0"
"10","Alqahtani_2018_vancomycin","vancomycin","0","36","0.023367","mg/L","100","mg","1","0"
"10","Alqahtani_2018_vancomycin","vancomycin","0","48","0.068024","mg/L","100","mg","1","0"
"10","Alqahtani_2018_vancomycin","vancomycin","0","60","0.000694","mg/L","100","mg","1","0"
"10","Alqahtani_2018_vancomycin","vancomycin","0","64","0","mg/L","100","mg","1","1"
"1","Akbar_2025_voriconazole","voriconazole","1","0",".","ug/mL","420","mg","1","."
"1","Akbar_2025_voriconazole","voriconazole","0","0","9.07308","ug/mL","420","mg","1","0"
"1","Akbar_2025_voriconazole","voriconazole","0","0.25","3.18194","ug/mL","420","mg","1","0"
"1","Akbar_2025_voriconazole","voriconazole","0","0.5","2.864985","ug/mL","420","mg","1","0"
"1","Akbar_2025_voriconazole","voriconazole","0","1","8.153973","ug/mL","420","mg","1","0"
"1","Akbar_2025_voriconazole","voriconazole","0","2","6.477271","ug/mL","420","mg","1","0"
"1","Akbar_2025_voriconazole","voriconazole","0","4","2.941773","ug/mL","420","mg","1","0"
"1","Akbar_2025_voriconazole","voriconazole","0","6","4.518319","ug/mL","420","mg","1","0"
"1","Akbar_2025_voriconazole","voriconazole","0","8","6.445968","ug/mL","420","mg","1","0"
"1","Akbar_2025_voriconazole","voriconazole","0","12","6.464253","ug/mL","420","mg","1","0"
"1","Akbar_2025_voriconazole","voriconazole","0","24","2.079668","ug/mL","420","mg","1","0"
"1","Akbar_2025_voriconazole","voriconazole","0","36","1.154061","ug/mL","420","mg","1","0"
"1","Akbar_2025_voriconazole","voriconazole","0","41","0.795535","ug/mL","420","mg","1","0"
"2","Akbar_2025_voriconazole","voriconazole","1","0",".","ug/mL","420","mg","1","."
"2","Akbar_2025_voriconazole","voriconazole","0","0","5.450864","ug/mL","420","mg","1","0"
"2","Akbar_2025_voriconazole","voriconazole","0","0.25","8.601813","ug/mL","420","mg","1","0"
"2","Akbar_2025_voriconazole","voriconazole","0","0.5","6.285549","ug/mL","420","mg","1","0"
"2","Akbar_2025_voriconazole","voriconazole","0","1","5.699646","ug/mL","420","mg","1","0"
"2","Akbar_2025_voriconazole","voriconazole","0","2","3.934594","ug/mL","420","mg","1","0"
"2","Akbar_2025_voriconazole","voriconazole","0","4","1.023457","ug/mL","420","mg","1","0"
"2","Akbar_2025_voriconazole","voriconazole","0","6","1.099414","ug/mL","420","mg","1","0"
"2","Akbar_2025_voriconazole","voriconazole","0","8","0.211668","ug/mL","420","mg","1","0"
"2","Akbar_2025_voriconazole","voriconazole","0","12","0.06299","ug/mL","420","mg","1","0"
"2","Akbar_2025_voriconazole","voriconazole","0","24","0.000132","ug/mL","420","mg","1","0"
"2","Akbar_2025_voriconazole","voriconazole","0","36","2e-06","ug/mL","420","mg","1","0"
"2","Akbar_2025_voriconazole","voriconazole","0","41","1e-06","ug/mL","420","mg","1","0"
"3","Akbar_2025_voriconazole","voriconazole","1","0",".","ug/mL","420","mg","1","."
"3","Akbar_2025_voriconazole","voriconazole","0","0","5.898925","ug/mL","420","mg","1","0"
"3","Akbar_2025_voriconazole","voriconazole","0","0.25","12.880573","ug/mL","420","mg","1","0"
"3","Akbar_2025_voriconazole","voriconazole","0","0.5","12.919647","ug/mL","420","mg","1","0"
"3","Akbar_2025_voriconazole","voriconazole","0","1","13.255797","ug/mL","420","mg","1","0"
"3","Akbar_2025_voriconazole","voriconazole","0","2","5.795287","ug/mL","420","mg","1","0"
"3","Akbar_2025_voriconazole","voriconazole","0","4","6.289945","ug/mL","420","mg","1","0"
"3","Akbar_2025_voriconazole","voriconazole","0","6","1.639777","ug/mL","420","mg","1","0"
"3","Akbar_2025_voriconazole","voriconazole","0","8","1.296922","ug/mL","420","mg","1","0"
"3","Akbar_2025_voriconazole","voriconazole","0","12","0.703853","ug/mL","420","mg","1","0"
"3","Akbar_2025_voriconazole","voriconazole","0","24","0.187754","ug/mL","420","mg","1","0"
"3","Akbar_2025_voriconazole","voriconazole","0","36","0.056207","ug/mL","420","mg","1","0"
"3","Akbar_2025_voriconazole","voriconazole","0","41","0.021661","ug/mL","420","mg","1","0"
"4","Akbar_2025_voriconazole","voriconazole","1","0",".","ug/mL","420","mg","1","."
"4","Akbar_2025_voriconazole","voriconazole","0","0","4.020341","ug/mL","420","mg","1","0"
"4","Akbar_2025_voriconazole","voriconazole","0","0.25","11.14564","ug/mL","420","mg","1","0"
"4","Akbar_2025_voriconazole","voriconazole","0","0.5","10.942487","ug/mL","420","mg","1","0"
"4","Akbar_2025_voriconazole","voriconazole","0","1","10.333928","ug/mL","420","mg","1","0"
"4","Akbar_2025_voriconazole","voriconazole","0","2","7.611731","ug/mL","420","mg","1","0"
"4","Akbar_2025_voriconazole","voriconazole","0","4","10.012037","ug/mL","420","mg","1","0"
"4","Akbar_2025_voriconazole","voriconazole","0","6","4.436132","ug/mL","420","mg","1","0"
"4","Akbar_2025_voriconazole","voriconazole","0","8","0","ug/mL","420","mg","1","1"
"4","Akbar_2025_voriconazole","voriconazole","0","12","4.789579","ug/mL","420","mg","1","0"
"4","Akbar_2025_voriconazole","voriconazole","0","24","2.454618","ug/mL","420","mg","1","0"
"4","Akbar_2025_voriconazole","voriconazole","0","36","0.663672","ug/mL","420","mg","1","0"
"4","Akbar_2025_voriconazole","voriconazole","0","41","0","ug/mL","420","mg","1","1"
"5","Akbar_2025_voriconazole","voriconazole","1","0",".","ug/mL","420","mg","1","."
"5","Akbar_2025_voriconazole","voriconazole","0","0","9.269382","ug/mL","420","mg","1","0"
"5","Akbar_2025_voriconazole","voriconazole","0","0.25","11.040557","ug/mL","420","mg","1","0"
"5","Akbar_2025_voriconazole","voriconazole","0","0.5","9.921689","ug/mL","420","mg","1","0"
"5","Akbar_2025_voriconazole","voriconazole","0","1","5.844012","ug/mL","420","mg","1","0"
"5","Akbar_2025_voriconazole","voriconazole","0","2","7.27067","ug/mL","420","mg","1","0"
"5","Akbar_2025_voriconazole","voriconazole","0","4","1.391721","ug/mL","420","mg","1","0"
"5","Akbar_2025_voriconazole","voriconazole","0","6","5.134745","ug/mL","420","mg","1","0"
"5","Akbar_2025_voriconazole","voriconazole","0","8","1.620991","ug/mL","420","mg","1","0"
"5","Akbar_2025_voriconazole","voriconazole","0","12","2.187548","ug/mL","420","mg","1","0"
"5","Akbar_2025_voriconazole","voriconazole","0","24","0.940897","ug/mL","420","mg","1","0"
"5","Akbar_2025_voriconazole","voriconazole","0","36","0.321784","ug/mL","420","mg","1","0"
"5","Akbar_2025_voriconazole","voriconazole","0","41","0.209273","ug/mL","420","mg","1","0"
"6","Akbar_2025_voriconazole","voriconazole","1","0",".","ug/mL","420","mg","1","."
"6","Akbar_2025_voriconazole","voriconazole","0","0","6.870861","ug/mL","420","mg","1","0"
"6","Akbar_2025_voriconazole","voriconazole","0","0.25","3.818325","ug/mL","420","mg","1","0"
"6","Akbar_2025_voriconazole","voriconazole","0","0.5","2.715424","ug/mL","420","mg","1","0"
"6","Akbar_2025_voriconazole","voriconazole","0","1","6.750282","ug/mL","420","mg","1","0"
"6","Akbar_2025_voriconazole","voriconazole","0","2","6.210017","ug/mL","420","mg","1","0"
"6","Akbar_2025_voriconazole","voriconazole","0","4","0.535524","ug/mL","420","mg","1","0"
"6","Akbar_2025_voriconazole","voriconazole","0","6","6.343444","ug/mL","420","mg","1","0"
"6","Akbar_2025_voriconazole","voriconazole","0","8","6.181419","ug/mL","420","mg","1","0"
"6","Akbar_2025_voriconazole","voriconazole","0","12","7.335751","ug/mL","420","mg","1","0"
"6","Akbar_2025_voriconazole","voriconazole","0","24","3.921089","ug/mL","420","mg","1","0"
"6","Akbar_2025_voriconazole","voriconazole","0","36","3.874015","ug/mL","420","mg","1","0"
"6","Akbar_2025_voriconazole","voriconazole","0","41","2.15533","ug/mL","420","mg","1","0"
"7","Akbar_2025_voriconazole","voriconazole","1","0",".","ug/mL","420","mg","1","."
"7","Akbar_2025_voriconazole","voriconazole","0","0","8.716091","ug/mL","420","mg","1","0"
"7","Akbar_2025_voriconazole","voriconazole","0","0.25","10.035656","ug/mL","420","mg","1","0"
"7","Akbar_2025_voriconazole","voriconazole","0","0.5","5.829274","ug/mL","420","mg","1","0"
"7","Akbar_2025_voriconazole","voriconazole","0","1","7.100197","ug/mL","420","mg","1","0"
"7","Akbar_2025_voriconazole","voriconazole","0","2","6.236345","ug/mL","420","mg","1","0"
"7","Akbar_2025_voriconazole","voriconazole","0","4","3.160658","ug/mL","420","mg","1","0"
"7","Akbar_2025_voriconazole","voriconazole","0","6","1.439012","ug/mL","420","mg","1","0"
"7","Akbar_2025_voriconazole","voriconazole","0","8","2.228631","ug/mL","420","mg","1","0"
"7","Akbar_2025_voriconazole","voriconazole","0","12","0.811571","ug/mL","420","mg","1","0"
"7","Akbar_2025_voriconazole","voriconazole","0","24","0.011825","ug/mL","420","mg","1","0"
"7","Akbar_2025_voriconazole","voriconazole","0","36","0.003727","ug/mL","420","mg","1","0"
"7","Akbar_2025_voriconazole","voriconazole","0","41","0.000235","ug/mL","420","mg","1","0"
"8","Akbar_2025_voriconazole","voriconazole","1","0",".","ug/mL","420","mg","1","."
"8","Akbar_2025_voriconazole","voriconazole","0","0","3.916105","ug/mL","420","mg","1","0"
"8","Akbar_2025_voriconazole","voriconazole","0","0.25","3.936695","ug/mL","420","mg","1","0"
"8","Akbar_2025_voriconazole","voriconazole","0","0.5","7.211194","ug/mL","420","mg","1","0"
"8","Akbar_2025_voriconazole","voriconazole","0","1","4.367961","ug/mL","420","mg","1","0"
"8","Akbar_2025_voriconazole","voriconazole","0","2","12.005763","ug/mL","420","mg","1","0"
"8","Akbar_2025_voriconazole","voriconazole","0","4","8.430834","ug/mL","420","mg","1","0"
"8","Akbar_2025_voriconazole","voriconazole","0","6","7.467869","ug/mL","420","mg","1","0"
"8","Akbar_2025_voriconazole","voriconazole","0","8","8.711372","ug/mL","420","mg","1","0"
"8","Akbar_2025_voriconazole","voriconazole","0","12","4.870006","ug/mL","420","mg","1","0"
"8","Akbar_2025_voriconazole","voriconazole","0","24","3.407863","ug/mL","420","mg","1","0"
"8","Akbar_2025_voriconazole","voriconazole","0","36","3.140109","ug/mL","420","mg","1","0"
"8","Akbar_2025_voriconazole","voriconazole","0","41","1.836082","ug/mL","420","mg","1","0"
"9","Akbar_2025_voriconazole","voriconazole","1","0",".","ug/mL","420","mg","1","."
"9","Akbar_2025_voriconazole","voriconazole","0","0","5.741402","ug/mL","420","mg","1","0"
"9","Akbar_2025_voriconazole","voriconazole","0","0.25","12.001932","ug/mL","420","mg","1","0"
"9","Akbar_2025_voriconazole","voriconazole","0","0.5","12.436439","ug/mL","420","mg","1","0"
"9","Akbar_2025_voriconazole","voriconazole","0","1","5.032176","ug/mL","420","mg","1","0"
"9","Akbar_2025_voriconazole","voriconazole","0","2","4.158607","ug/mL","420","mg","1","0"
"9","Akbar_2025_voriconazole","voriconazole","0","4","1.891997","ug/mL","420","mg","1","0"
"9","Akbar_2025_voriconazole","voriconazole","0","6","0.774216","ug/mL","420","mg","1","0"
"9","Akbar_2025_voriconazole","voriconazole","0","8","3.568579","ug/mL","420","mg","1","0"
"9","Akbar_2025_voriconazole","voriconazole","0","12","2.037608","ug/mL","420","mg","1","0"
"9","Akbar_2025_voriconazole","voriconazole","0","24","1.02986","ug/mL","420","mg","1","0"
"9","Akbar_2025_voriconazole","voriconazole","0","36","0.400602","ug/mL","420","mg","1","0"
"9","Akbar_2025_voriconazole","voriconazole","0","41","0.31786","ug/mL","420","mg","1","0"
"10","Akbar_2025_voriconazole","voriconazole","1","0",".","ug/mL","420","mg","1","."
"10","Akbar_2025_voriconazole","voriconazole","0","0","14.131749","ug/mL","420","mg","1","0"
"10","Akbar_2025_voriconazole","voriconazole","0","0.25","4.569495","ug/mL","420","mg","1","0"
"10","Akbar_2025_voriconazole","voriconazole","0","0.5","2.846174","ug/mL","420","mg","1","0"
"10","Akbar_2025_voriconazole","voriconazole","0","1","5.399389","ug/mL","420","mg","1","0"
"10","Akbar_2025_voriconazole","voriconazole","0","2","1.959385","ug/mL","420","mg","1","0"
"10","Akbar_2025_voriconazole","voriconazole","0","4","0.29492","ug/mL","420","mg","1","0"
"10","Akbar_2025_voriconazole","voriconazole","0","6","0.077561","ug/mL","420","mg","1","0"
"10","Akbar_2025_voriconazole","voriconazole","0","8","0.070501","ug/mL","420","mg","1","0"
"10","Akbar_2025_voriconazole","voriconazole","0","12","0.00367","ug/mL","420","mg","1","0"
"10","Akbar_2025_voriconazole","voriconazole","0","24","1e-06","ug/mL","420","mg","1","0"
"10","Akbar_2025_voriconazole","voriconazole","0","36","0","ug/mL","420","mg","1","0"
"10","Akbar_2025_voriconazole","voriconazole","0","41","0","ug/mL","420","mg","1","0"
"1","Yamada_2025_zolbetuximab","zolbetuximab","1","0",".","ug/mL","1000","mg","1","."
"1","Yamada_2025_zolbetuximab","zolbetuximab","0","0","129.945479","ug/mL","1000","mg","1","0"
"1","Yamada_2025_zolbetuximab","zolbetuximab","0","4","30.069319","ug/mL","1000","mg","1","0"
"1","Yamada_2025_zolbetuximab","zolbetuximab","0","24","120.769244","ug/mL","1000","mg","1","0"
"1","Yamada_2025_zolbetuximab","zolbetuximab","0","72","70.924975","ug/mL","1000","mg","1","0"
"1","Yamada_2025_zolbetuximab","zolbetuximab","0","168","33.526104","ug/mL","1000","mg","1","0"
"1","Yamada_2025_zolbetuximab","zolbetuximab","0","336","31.926296","ug/mL","1000","mg","1","0"
"1","Yamada_2025_zolbetuximab","zolbetuximab","0","504","10.82823","ug/mL","1000","mg","1","0"
"1","Yamada_2025_zolbetuximab","zolbetuximab","0","672","10.813632","ug/mL","1000","mg","1","0"
"1","Yamada_2025_zolbetuximab","zolbetuximab","0","840","5.814771","ug/mL","1000","mg","1","0"
"1","Yamada_2025_zolbetuximab","zolbetuximab","0","1008","6.639953","ug/mL","1000","mg","1","0"
"1","Yamada_2025_zolbetuximab","zolbetuximab","0","1176","2.873755","ug/mL","1000","mg","1","0"
"1","Yamada_2025_zolbetuximab","zolbetuximab","0","1512","0.415289","ug/mL","1000","mg","1","0"
"1","Yamada_2025_zolbetuximab","zolbetuximab","0","2016","0","ug/mL","1000","mg","1","1"
"1","Yamada_2025_zolbetuximab","zolbetuximab","0","2520","0","ug/mL","1000","mg","1","1"
"2","Yamada_2025_zolbetuximab","zolbetuximab","1","0",".","ug/mL","1000","mg","1","."
"2","Yamada_2025_zolbetuximab","zolbetuximab","0","0","100.533451","ug/mL","1000","mg","1","0"
"2","Yamada_2025_zolbetuximab","zolbetuximab","0","4","145.412528","ug/mL","1000","mg","1","0"
"2","Yamada_2025_zolbetuximab","zolbetuximab","0","24","106.24105","ug/mL","1000","mg","1","0"
"2","Yamada_2025_zolbetuximab","zolbetuximab","0","72","141.571808","ug/mL","1000","mg","1","0"
"2","Yamada_2025_zolbetuximab","zolbetuximab","0","168","101.97019","ug/mL","1000","mg","1","0"
"2","Yamada_2025_zolbetuximab","zolbetuximab","0","336","61.89862","ug/mL","1000","mg","1","0"
"2","Yamada_2025_zolbetuximab","zolbetuximab","0","504","27.236284","ug/mL","1000","mg","1","0"
"2","Yamada_2025_zolbetuximab","zolbetuximab","0","672","44.02098","ug/mL","1000","mg","1","0"
"2","Yamada_2025_zolbetuximab","zolbetuximab","0","840","34.314667","ug/mL","1000","mg","1","0"
"2","Yamada_2025_zolbetuximab","zolbetuximab","0","1008","29.541347","ug/mL","1000","mg","1","0"
"2","Yamada_2025_zolbetuximab","zolbetuximab","0","1176","8.423109","ug/mL","1000","mg","1","0"
"2","Yamada_2025_zolbetuximab","zolbetuximab","0","1512","21.936997","ug/mL","1000","mg","1","0"
"2","Yamada_2025_zolbetuximab","zolbetuximab","0","2016","8.759465","ug/mL","1000","mg","1","0"
"2","Yamada_2025_zolbetuximab","zolbetuximab","0","2520","0","ug/mL","1000","mg","1","1"
"3","Yamada_2025_zolbetuximab","zolbetuximab","1","0",".","ug/mL","1000","mg","1","."
"3","Yamada_2025_zolbetuximab","zolbetuximab","0","0","198.26047","ug/mL","1000","mg","1","0"
"3","Yamada_2025_zolbetuximab","zolbetuximab","0","4","72.82309","ug/mL","1000","mg","1","0"
"3","Yamada_2025_zolbetuximab","zolbetuximab","0","24","117.530161","ug/mL","1000","mg","1","0"
"3","Yamada_2025_zolbetuximab","zolbetuximab","0","72","128.693907","ug/mL","1000","mg","1","0"
"3","Yamada_2025_zolbetuximab","zolbetuximab","0","168","63.65682","ug/mL","1000","mg","1","0"
"3","Yamada_2025_zolbetuximab","zolbetuximab","0","336","17.457353","ug/mL","1000","mg","1","0"
"3","Yamada_2025_zolbetuximab","zolbetuximab","0","504","13.006213","ug/mL","1000","mg","1","0"
"3","Yamada_2025_zolbetuximab","zolbetuximab","0","672","9.713036","ug/mL","1000","mg","1","0"
"3","Yamada_2025_zolbetuximab","zolbetuximab","0","840","0","ug/mL","1000","mg","1","1"
"3","Yamada_2025_zolbetuximab","zolbetuximab","0","1008","2.863139","ug/mL","1000","mg","1","0"
"3","Yamada_2025_zolbetuximab","zolbetuximab","0","1176","0","ug/mL","1000","mg","1","1"
"3","Yamada_2025_zolbetuximab","zolbetuximab","0","1512","0","ug/mL","1000","mg","1","1"
"3","Yamada_2025_zolbetuximab","zolbetuximab","0","2016","6.25279","ug/mL","1000","mg","1","0"
"3","Yamada_2025_zolbetuximab","zolbetuximab","0","2520","0","ug/mL","1000","mg","1","1"
"4","Yamada_2025_zolbetuximab","zolbetuximab","1","0",".","ug/mL","1000","mg","1","."
"4","Yamada_2025_zolbetuximab","zolbetuximab","0","0","118.256762","ug/mL","1000","mg","1","0"
"4","Yamada_2025_zolbetuximab","zolbetuximab","0","4","177.094072","ug/mL","1000","mg","1","0"
"4","Yamada_2025_zolbetuximab","zolbetuximab","0","24","161.023923","ug/mL","1000","mg","1","0"
"4","Yamada_2025_zolbetuximab","zolbetuximab","0","72","65.465385","ug/mL","1000","mg","1","0"
"4","Yamada_2025_zolbetuximab","zolbetuximab","0","168","89.147518","ug/mL","1000","mg","1","0"
"4","Yamada_2025_zolbetuximab","zolbetuximab","0","336","75.454829","ug/mL","1000","mg","1","0"
"4","Yamada_2025_zolbetuximab","zolbetuximab","0","504","33.984947","ug/mL","1000","mg","1","0"
"4","Yamada_2025_zolbetuximab","zolbetuximab","0","672","10.205501","ug/mL","1000","mg","1","0"
"4","Yamada_2025_zolbetuximab","zolbetuximab","0","840","24.820779","ug/mL","1000","mg","1","0"
"4","Yamada_2025_zolbetuximab","zolbetuximab","0","1008","21.893137","ug/mL","1000","mg","1","0"
"4","Yamada_2025_zolbetuximab","zolbetuximab","0","1176","14.866942","ug/mL","1000","mg","1","0"
"4","Yamada_2025_zolbetuximab","zolbetuximab","0","1512","4.899533","ug/mL","1000","mg","1","0"
"4","Yamada_2025_zolbetuximab","zolbetuximab","0","2016","0","ug/mL","1000","mg","1","1"
"4","Yamada_2025_zolbetuximab","zolbetuximab","0","2520","10.578789","ug/mL","1000","mg","1","0"
"5","Yamada_2025_zolbetuximab","zolbetuximab","1","0",".","ug/mL","1000","mg","1","."
"5","Yamada_2025_zolbetuximab","zolbetuximab","0","0","114.38101","ug/mL","1000","mg","1","0"
"5","Yamada_2025_zolbetuximab","zolbetuximab","0","4","182.557898","ug/mL","1000","mg","1","0"
"5","Yamada_2025_zolbetuximab","zolbetuximab","0","24","121.087002","ug/mL","1000","mg","1","0"
"5","Yamada_2025_zolbetuximab","zolbetuximab","0","72","93.114582","ug/mL","1000","mg","1","0"
"5","Yamada_2025_zolbetuximab","zolbetuximab","0","168","89.106962","ug/mL","1000","mg","1","0"
"5","Yamada_2025_zolbetuximab","zolbetuximab","0","336","58.359366","ug/mL","1000","mg","1","0"
"5","Yamada_2025_zolbetuximab","zolbetuximab","0","504","18.089021","ug/mL","1000","mg","1","0"
"5","Yamada_2025_zolbetuximab","zolbetuximab","0","672","38.243773","ug/mL","1000","mg","1","0"
"5","Yamada_2025_zolbetuximab","zolbetuximab","0","840","37.045844","ug/mL","1000","mg","1","0"
"5","Yamada_2025_zolbetuximab","zolbetuximab","0","1008","9.076733","ug/mL","1000","mg","1","0"
"5","Yamada_2025_zolbetuximab","zolbetuximab","0","1176","26.894462","ug/mL","1000","mg","1","0"
"5","Yamada_2025_zolbetuximab","zolbetuximab","0","1512","17.341274","ug/mL","1000","mg","1","0"
"5","Yamada_2025_zolbetuximab","zolbetuximab","0","2016","5.990176","ug/mL","1000","mg","1","0"
"5","Yamada_2025_zolbetuximab","zolbetuximab","0","2520","12.61008","ug/mL","1000","mg","1","0"
"6","Yamada_2025_zolbetuximab","zolbetuximab","1","0",".","ug/mL","1000","mg","1","."
"6","Yamada_2025_zolbetuximab","zolbetuximab","0","0","96.657229","ug/mL","1000","mg","1","0"
"6","Yamada_2025_zolbetuximab","zolbetuximab","0","4","173.649276","ug/mL","1000","mg","1","0"
"6","Yamada_2025_zolbetuximab","zolbetuximab","0","24","112.126952","ug/mL","1000","mg","1","0"
"6","Yamada_2025_zolbetuximab","zolbetuximab","0","72","78.062591","ug/mL","1000","mg","1","0"
"6","Yamada_2025_zolbetuximab","zolbetuximab","0","168","62.570434","ug/mL","1000","mg","1","0"
"6","Yamada_2025_zolbetuximab","zolbetuximab","0","336","14.39585","ug/mL","1000","mg","1","0"
"6","Yamada_2025_zolbetuximab","zolbetuximab","0","504","20.090609","ug/mL","1000","mg","1","0"
"6","Yamada_2025_zolbetuximab","zolbetuximab","0","672","4.219648","ug/mL","1000","mg","1","0"
"6","Yamada_2025_zolbetuximab","zolbetuximab","0","840","11.591694","ug/mL","1000","mg","1","0"
"6","Yamada_2025_zolbetuximab","zolbetuximab","0","1008","1.927376","ug/mL","1000","mg","1","0"
"6","Yamada_2025_zolbetuximab","zolbetuximab","0","1176","10.033305","ug/mL","1000","mg","1","0"
"6","Yamada_2025_zolbetuximab","zolbetuximab","0","1512","10.387071","ug/mL","1000","mg","1","0"
"6","Yamada_2025_zolbetuximab","zolbetuximab","0","2016","0.020793","ug/mL","1000","mg","1","0"
"6","Yamada_2025_zolbetuximab","zolbetuximab","0","2520","0","ug/mL","1000","mg","1","1"
"7","Yamada_2025_zolbetuximab","zolbetuximab","1","0",".","ug/mL","1000","mg","1","."
"7","Yamada_2025_zolbetuximab","zolbetuximab","0","0","161.709908","ug/mL","1000","mg","1","0"
"7","Yamada_2025_zolbetuximab","zolbetuximab","0","4","115.562417","ug/mL","1000","mg","1","0"
"7","Yamada_2025_zolbetuximab","zolbetuximab","0","24","133.892728","ug/mL","1000","mg","1","0"
"7","Yamada_2025_zolbetuximab","zolbetuximab","0","72","94.636692","ug/mL","1000","mg","1","0"
"7","Yamada_2025_zolbetuximab","zolbetuximab","0","168","30.442611","ug/mL","1000","mg","1","0"
"7","Yamada_2025_zolbetuximab","zolbetuximab","0","336","44.841162","ug/mL","1000","mg","1","0"
"7","Yamada_2025_zolbetuximab","zolbetuximab","0","504","30.901654","ug/mL","1000","mg","1","0"
"7","Yamada_2025_zolbetuximab","zolbetuximab","0","672","14.28236","ug/mL","1000","mg","1","0"
"7","Yamada_2025_zolbetuximab","zolbetuximab","0","840","11.719421","ug/mL","1000","mg","1","0"
"7","Yamada_2025_zolbetuximab","zolbetuximab","0","1008","7.719783","ug/mL","1000","mg","1","0"
"7","Yamada_2025_zolbetuximab","zolbetuximab","0","1176","0.125934","ug/mL","1000","mg","1","0"
"7","Yamada_2025_zolbetuximab","zolbetuximab","0","1512","5.98531","ug/mL","1000","mg","1","0"
"7","Yamada_2025_zolbetuximab","zolbetuximab","0","2016","0","ug/mL","1000","mg","1","1"
"7","Yamada_2025_zolbetuximab","zolbetuximab","0","2520","3.374956","ug/mL","1000","mg","1","0"
"8","Yamada_2025_zolbetuximab","zolbetuximab","1","0",".","ug/mL","1000","mg","1","."
"8","Yamada_2025_zolbetuximab","zolbetuximab","0","0","138.42458","ug/mL","1000","mg","1","0"
"8","Yamada_2025_zolbetuximab","zolbetuximab","0","4","77.678572","ug/mL","1000","mg","1","0"
"8","Yamada_2025_zolbetuximab","zolbetuximab","0","24","114.766885","ug/mL","1000","mg","1","0"
"8","Yamada_2025_zolbetuximab","zolbetuximab","0","72","52.720013","ug/mL","1000","mg","1","0"
"8","Yamada_2025_zolbetuximab","zolbetuximab","0","168","22.765994","ug/mL","1000","mg","1","0"
"8","Yamada_2025_zolbetuximab","zolbetuximab","0","336","18.66821","ug/mL","1000","mg","1","0"
"8","Yamada_2025_zolbetuximab","zolbetuximab","0","504","6.980593","ug/mL","1000","mg","1","0"
"8","Yamada_2025_zolbetuximab","zolbetuximab","0","672","3.907842","ug/mL","1000","mg","1","0"
"8","Yamada_2025_zolbetuximab","zolbetuximab","0","840","5.602775","ug/mL","1000","mg","1","0"
"8","Yamada_2025_zolbetuximab","zolbetuximab","0","1008","1.54924","ug/mL","1000","mg","1","0"
"8","Yamada_2025_zolbetuximab","zolbetuximab","0","1176","0","ug/mL","1000","mg","1","1"
"8","Yamada_2025_zolbetuximab","zolbetuximab","0","1512","0","ug/mL","1000","mg","1","1"
"8","Yamada_2025_zolbetuximab","zolbetuximab","0","2016","4.95025","ug/mL","1000","mg","1","0"
"8","Yamada_2025_zolbetuximab","zolbetuximab","0","2520","4.902067","ug/mL","1000","mg","1","0"
"9","Yamada_2025_zolbetuximab","zolbetuximab","1","0",".","ug/mL","1000","mg","1","."
"9","Yamada_2025_zolbetuximab","zolbetuximab","0","0","116.193335","ug/mL","1000","mg","1","0"
"9","Yamada_2025_zolbetuximab","zolbetuximab","0","4","105.422331","ug/mL","1000","mg","1","0"
"9","Yamada_2025_zolbetuximab","zolbetuximab","0","24","136.019215","ug/mL","1000","mg","1","0"
"9","Yamada_2025_zolbetuximab","zolbetuximab","0","72","97.430937","ug/mL","1000","mg","1","0"
"9","Yamada_2025_zolbetuximab","zolbetuximab","0","168","117.444646","ug/mL","1000","mg","1","0"
"9","Yamada_2025_zolbetuximab","zolbetuximab","0","336","65.455547","ug/mL","1000","mg","1","0"
"9","Yamada_2025_zolbetuximab","zolbetuximab","0","504","46.840929","ug/mL","1000","mg","1","0"
"9","Yamada_2025_zolbetuximab","zolbetuximab","0","672","22.264908","ug/mL","1000","mg","1","0"
"9","Yamada_2025_zolbetuximab","zolbetuximab","0","840","33.65539","ug/mL","1000","mg","1","0"
"9","Yamada_2025_zolbetuximab","zolbetuximab","0","1008","42.885575","ug/mL","1000","mg","1","0"
"9","Yamada_2025_zolbetuximab","zolbetuximab","0","1176","23.949964","ug/mL","1000","mg","1","0"
"9","Yamada_2025_zolbetuximab","zolbetuximab","0","1512","15.189304","ug/mL","1000","mg","1","0"
"9","Yamada_2025_zolbetuximab","zolbetuximab","0","2016","7.700865","ug/mL","1000","mg","1","0"
"9","Yamada_2025_zolbetuximab","zolbetuximab","0","2520","0","ug/mL","1000","mg","1","1"
"10","Yamada_2025_zolbetuximab","zolbetuximab","1","0",".","ug/mL","1000","mg","1","."
"10","Yamada_2025_zolbetuximab","zolbetuximab","0","0","111.709424","ug/mL","1000","mg","1","0"
"10","Yamada_2025_zolbetuximab","zolbetuximab","0","4","115.641334","ug/mL","1000","mg","1","0"
"10","Yamada_2025_zolbetuximab","zolbetuximab","0","24","0","ug/mL","1000","mg","1","1"
"10","Yamada_2025_zolbetuximab","zolbetuximab","0","72","67.912797","ug/mL","1000","mg","1","0"
"10","Yamada_2025_zolbetuximab","zolbetuximab","0","168","39.600543","ug/mL","1000","mg","1","0"
"10","Yamada_2025_zolbetuximab","zolbetuximab","0","336","58.233436","ug/mL","1000","mg","1","0"
"10","Yamada_2025_zolbetuximab","zolbetuximab","0","504","14.429277","ug/mL","1000","mg","1","0"
"10","Yamada_2025_zolbetuximab","zolbetuximab","0","672","13.388261","ug/mL","1000","mg","1","0"
"10","Yamada_2025_zolbetuximab","zolbetuximab","0","840","15.887693","ug/mL","1000","mg","1","0"
"10","Yamada_2025_zolbetuximab","zolbetuximab","0","1008","11.86233","ug/mL","1000","mg","1","0"
"10","Yamada_2025_zolbetuximab","zolbetuximab","0","1176","12.787995","ug/mL","1000","mg","1","0"
"10","Yamada_2025_zolbetuximab","zolbetuximab","0","1512","5.427853","ug/mL","1000","mg","1","0"
"10","Yamada_2025_zolbetuximab","zolbetuximab","0","2016","1.232124","ug/mL","1000","mg","1","0"
"10","Yamada_2025_zolbetuximab","zolbetuximab","0","2520","2.74383","ug/mL","1000","mg","1","0"
