"USUBJID","REFERENCE","DRUG","EVID","ATPTN","AVAL","AVALU","DOSE","DOSEU","ROUTE","BLQ"
"1","Mould_2007_alemtuzumab","alemtuzumab","1","0",".","ug/mL","240","mg","1","."
"1","Mould_2007_alemtuzumab","alemtuzumab","0","0","33.810365","ug/mL","240","mg","1","0"
"1","Mould_2007_alemtuzumab","alemtuzumab","0","1","19.673282","ug/mL","240","mg","1","0"
"1","Mould_2007_alemtuzumab","alemtuzumab","0","2","15.393484","ug/mL","240","mg","1","0"
"1","Mould_2007_alemtuzumab","alemtuzumab","0","4","13.377085","ug/mL","240","mg","1","0"
"1","Mould_2007_alemtuzumab","alemtuzumab","0","8","14.263775","ug/mL","240","mg","1","0"
"1","Mould_2007_alemtuzumab","alemtuzumab","0","24","2.943709","ug/mL","240","mg","1","0"
"1","Mould_2007_alemtuzumab","alemtuzumab","0","48","3.322571","ug/mL","240","mg","1","0"
"1","Mould_2007_alemtuzumab","alemtuzumab","0","72","3.847182","ug/mL","240","mg","1","0"
"1","Mould_2007_alemtuzumab","alemtuzumab","0","96","1.439847","ug/mL","240","mg","1","0"
"1","Mould_2007_alemtuzumab","alemtuzumab","0","120","2.778345","ug/mL","240","mg","1","0"
"1","Mould_2007_alemtuzumab","alemtuzumab","0","168","2.96417","ug/mL","240","mg","1","0"
"1","Mould_2007_alemtuzumab","alemtuzumab","0","189","1.820379","ug/mL","240","mg","1","0"
"2","Mould_2007_alemtuzumab","alemtuzumab","1","0",".","ug/mL","240","mg","1","."
"2","Mould_2007_alemtuzumab","alemtuzumab","0","0","15.731849","ug/mL","240","mg","1","0"
"2","Mould_2007_alemtuzumab","alemtuzumab","0","1","12.028016","ug/mL","240","mg","1","0"
"2","Mould_2007_alemtuzumab","alemtuzumab","0","2","5.940171","ug/mL","240","mg","1","0"
"2","Mould_2007_alemtuzumab","alemtuzumab","0","4","5.333175","ug/mL","240","mg","1","0"
"2","Mould_2007_alemtuzumab","alemtuzumab","0","8","3.585608","ug/mL","240","mg","1","0"
"2","Mould_2007_alemtuzumab","alemtuzumab","0","24","4.278796","ug/mL","240","mg","1","0"
"2","Mould_2007_alemtuzumab","alemtuzumab","0","48","3.888021","ug/mL","240","mg","1","0"
"2","Mould_2007_alemtuzumab","alemtuzumab","0","72","2.555589","ug/mL","240","mg","1","0"
"2","Mould_2007_alemtuzumab","alemtuzumab","0","96","1.880362","ug/mL","240","mg","1","0"
"2","Mould_2007_alemtuzumab","alemtuzumab","0","120","3.644802","ug/mL","240","mg","1","0"
"2","Mould_2007_alemtuzumab","alemtuzumab","0","168","0.530054","ug/mL","240","mg","1","0"
"2","Mould_2007_alemtuzumab","alemtuzumab","0","189","2.692902","ug/mL","240","mg","1","0"
"3","Mould_2007_alemtuzumab","alemtuzumab","1","0",".","ug/mL","240","mg","1","."
"3","Mould_2007_alemtuzumab","alemtuzumab","0","0","7.106897","ug/mL","240","mg","1","0"
"3","Mould_2007_alemtuzumab","alemtuzumab","0","1","7.735906","ug/mL","240","mg","1","0"
"3","Mould_2007_alemtuzumab","alemtuzumab","0","2","4.065118","ug/mL","240","mg","1","0"
"3","Mould_2007_alemtuzumab","alemtuzumab","0","4","8.711091","ug/mL","240","mg","1","0"
"3","Mould_2007_alemtuzumab","alemtuzumab","0","8","5.791892","ug/mL","240","mg","1","0"
"3","Mould_2007_alemtuzumab","alemtuzumab","0","24","1.73203","ug/mL","240","mg","1","0"
"3","Mould_2007_alemtuzumab","alemtuzumab","0","48","1.816965","ug/mL","240","mg","1","0"
"3","Mould_2007_alemtuzumab","alemtuzumab","0","72","1.400076","ug/mL","240","mg","1","0"
"3","Mould_2007_alemtuzumab","alemtuzumab","0","96","1.562826","ug/mL","240","mg","1","0"
"3","Mould_2007_alemtuzumab","alemtuzumab","0","120","1.564128","ug/mL","240","mg","1","0"
"3","Mould_2007_alemtuzumab","alemtuzumab","0","168","1.097326","ug/mL","240","mg","1","0"
"3","Mould_2007_alemtuzumab","alemtuzumab","0","189","0.349165","ug/mL","240","mg","1","0"
"4","Mould_2007_alemtuzumab","alemtuzumab","1","0",".","ug/mL","240","mg","1","."
"4","Mould_2007_alemtuzumab","alemtuzumab","0","0","20.561815","ug/mL","240","mg","1","0"
"4","Mould_2007_alemtuzumab","alemtuzumab","0","1","19.627758","ug/mL","240","mg","1","0"
"4","Mould_2007_alemtuzumab","alemtuzumab","0","2","3.287426","ug/mL","240","mg","1","0"
"4","Mould_2007_alemtuzumab","alemtuzumab","0","4","5.284835","ug/mL","240","mg","1","0"
"4","Mould_2007_alemtuzumab","alemtuzumab","0","8","3.374205","ug/mL","240","mg","1","0"
"4","Mould_2007_alemtuzumab","alemtuzumab","0","24","2.365486","ug/mL","240","mg","1","0"
"4","Mould_2007_alemtuzumab","alemtuzumab","0","48","0.166046","ug/mL","240","mg","1","0"
"4","Mould_2007_alemtuzumab","alemtuzumab","0","72","0.005618","ug/mL","240","mg","1","0"
"4","Mould_2007_alemtuzumab","alemtuzumab","0","96","0.190783","ug/mL","240","mg","1","0"
"4","Mould_2007_alemtuzumab","alemtuzumab","0","120","0.090841","ug/mL","240","mg","1","0"
"4","Mould_2007_alemtuzumab","alemtuzumab","0","168","0.055312","ug/mL","240","mg","1","0"
"4","Mould_2007_alemtuzumab","alemtuzumab","0","189","0.115109","ug/mL","240","mg","1","0"
"5","Mould_2007_alemtuzumab","alemtuzumab","1","0",".","ug/mL","240","mg","1","."
"5","Mould_2007_alemtuzumab","alemtuzumab","0","0","43.744571","ug/mL","240","mg","1","0"
"5","Mould_2007_alemtuzumab","alemtuzumab","0","1","28.64249","ug/mL","240","mg","1","0"
"5","Mould_2007_alemtuzumab","alemtuzumab","0","2","22.371679","ug/mL","240","mg","1","0"
"5","Mould_2007_alemtuzumab","alemtuzumab","0","4","19.828212","ug/mL","240","mg","1","0"
"5","Mould_2007_alemtuzumab","alemtuzumab","0","8","13.24045","ug/mL","240","mg","1","0"
"5","Mould_2007_alemtuzumab","alemtuzumab","0","24","11.200913","ug/mL","240","mg","1","0"
"5","Mould_2007_alemtuzumab","alemtuzumab","0","48","4.342474","ug/mL","240","mg","1","0"
"5","Mould_2007_alemtuzumab","alemtuzumab","0","72","5.666601","ug/mL","240","mg","1","0"
"5","Mould_2007_alemtuzumab","alemtuzumab","0","96","5.221915","ug/mL","240","mg","1","0"
"5","Mould_2007_alemtuzumab","alemtuzumab","0","120","4.740905","ug/mL","240","mg","1","0"
"5","Mould_2007_alemtuzumab","alemtuzumab","0","168","1.47845","ug/mL","240","mg","1","0"
"5","Mould_2007_alemtuzumab","alemtuzumab","0","189","0.358162","ug/mL","240","mg","1","0"
"6","Mould_2007_alemtuzumab","alemtuzumab","1","0",".","ug/mL","240","mg","1","."
"6","Mould_2007_alemtuzumab","alemtuzumab","0","0","14.920755","ug/mL","240","mg","1","0"
"6","Mould_2007_alemtuzumab","alemtuzumab","0","1","27.023459","ug/mL","240","mg","1","0"
"6","Mould_2007_alemtuzumab","alemtuzumab","0","2","10.257416","ug/mL","240","mg","1","0"
"6","Mould_2007_alemtuzumab","alemtuzumab","0","4","11.441708","ug/mL","240","mg","1","0"
"6","Mould_2007_alemtuzumab","alemtuzumab","0","8","5.508867","ug/mL","240","mg","1","0"
"6","Mould_2007_alemtuzumab","alemtuzumab","0","24","4.305461","ug/mL","240","mg","1","0"
"6","Mould_2007_alemtuzumab","alemtuzumab","0","48","1.722579","ug/mL","240","mg","1","0"
"6","Mould_2007_alemtuzumab","alemtuzumab","0","72","0.930101","ug/mL","240","mg","1","0"
"6","Mould_2007_alemtuzumab","alemtuzumab","0","96","0.883466","ug/mL","240","mg","1","0"
"6","Mould_2007_alemtuzumab","alemtuzumab","0","120","1.116524","ug/mL","240","mg","1","0"
"6","Mould_2007_alemtuzumab","alemtuzumab","0","168","0.939719","ug/mL","240","mg","1","0"
"6","Mould_2007_alemtuzumab","alemtuzumab","0","189","1.019252","ug/mL","240","mg","1","0"
"7","Mould_2007_alemtuzumab","alemtuzumab","1","0",".","ug/mL","240","mg","1","."
"7","Mould_2007_alemtuzumab","alemtuzumab","0","0","14.83752","ug/mL","240","mg","1","0"
"7","Mould_2007_alemtuzumab","alemtuzumab","0","1","17.661255","ug/mL","240","mg","1","0"
"7","Mould_2007_alemtuzumab","alemtuzumab","0","2","9.288405","ug/mL","240","mg","1","0"
"7","Mould_2007_alemtuzumab","alemtuzumab","0","4","6.557702","ug/mL","240","mg","1","0"
"7","Mould_2007_alemtuzumab","alemtuzumab","0","8","10.24379","ug/mL","240","mg","1","0"
"7","Mould_2007_alemtuzumab","alemtuzumab","0","24","0.765566","ug/mL","240","mg","1","0"
"7","Mould_2007_alemtuzumab","alemtuzumab","0","48","4.470964","ug/mL","240","mg","1","0"
"7","Mould_2007_alemtuzumab","alemtuzumab","0","72","4.805103","ug/mL","240","mg","1","0"
"7","Mould_2007_alemtuzumab","alemtuzumab","0","96","5.398847","ug/mL","240","mg","1","0"
"7","Mould_2007_alemtuzumab","alemtuzumab","0","120","6.515289","ug/mL","240","mg","1","0"
"7","Mould_2007_alemtuzumab","alemtuzumab","0","168","4.520335","ug/mL","240","mg","1","0"
"7","Mould_2007_alemtuzumab","alemtuzumab","0","189","2.259397","ug/mL","240","mg","1","0"
"8","Mould_2007_alemtuzumab","alemtuzumab","1","0",".","ug/mL","240","mg","1","."
"8","Mould_2007_alemtuzumab","alemtuzumab","0","0","39.223525","ug/mL","240","mg","1","0"
"8","Mould_2007_alemtuzumab","alemtuzumab","0","1","40.363879","ug/mL","240","mg","1","0"
"8","Mould_2007_alemtuzumab","alemtuzumab","0","2","22.170551","ug/mL","240","mg","1","0"
"8","Mould_2007_alemtuzumab","alemtuzumab","0","4","14.301396","ug/mL","240","mg","1","0"
"8","Mould_2007_alemtuzumab","alemtuzumab","0","8","6.698839","ug/mL","240","mg","1","0"
"8","Mould_2007_alemtuzumab","alemtuzumab","0","24","3.462369","ug/mL","240","mg","1","0"
"8","Mould_2007_alemtuzumab","alemtuzumab","0","48","1.178052","ug/mL","240","mg","1","0"
"8","Mould_2007_alemtuzumab","alemtuzumab","0","72","2.820538","ug/mL","240","mg","1","0"
"8","Mould_2007_alemtuzumab","alemtuzumab","0","96","3.208907","ug/mL","240","mg","1","0"
"8","Mould_2007_alemtuzumab","alemtuzumab","0","120","0.295494","ug/mL","240","mg","1","0"
"8","Mould_2007_alemtuzumab","alemtuzumab","0","168","1.39823","ug/mL","240","mg","1","0"
"8","Mould_2007_alemtuzumab","alemtuzumab","0","189","1.305011","ug/mL","240","mg","1","0"
"9","Mould_2007_alemtuzumab","alemtuzumab","1","0",".","ug/mL","240","mg","1","."
"9","Mould_2007_alemtuzumab","alemtuzumab","0","0","46.141283","ug/mL","240","mg","1","0"
"9","Mould_2007_alemtuzumab","alemtuzumab","0","1","17.51629","ug/mL","240","mg","1","0"
"9","Mould_2007_alemtuzumab","alemtuzumab","0","2","31.497216","ug/mL","240","mg","1","0"
"9","Mould_2007_alemtuzumab","alemtuzumab","0","4","21.920817","ug/mL","240","mg","1","0"
"9","Mould_2007_alemtuzumab","alemtuzumab","0","8","8.206689","ug/mL","240","mg","1","0"
"9","Mould_2007_alemtuzumab","alemtuzumab","0","24","8.012014","ug/mL","240","mg","1","0"
"9","Mould_2007_alemtuzumab","alemtuzumab","0","48","7.001916","ug/mL","240","mg","1","0"
"9","Mould_2007_alemtuzumab","alemtuzumab","0","72","4.256719","ug/mL","240","mg","1","0"
"9","Mould_2007_alemtuzumab","alemtuzumab","0","96","2.97673","ug/mL","240","mg","1","0"
"9","Mould_2007_alemtuzumab","alemtuzumab","0","120","4.621448","ug/mL","240","mg","1","0"
"9","Mould_2007_alemtuzumab","alemtuzumab","0","168","2.179509","ug/mL","240","mg","1","0"
"9","Mould_2007_alemtuzumab","alemtuzumab","0","189","1.496923","ug/mL","240","mg","1","0"
"10","Mould_2007_alemtuzumab","alemtuzumab","1","0",".","ug/mL","240","mg","1","."
"10","Mould_2007_alemtuzumab","alemtuzumab","0","0","27.025271","ug/mL","240","mg","1","0"
"10","Mould_2007_alemtuzumab","alemtuzumab","0","1","28.34323","ug/mL","240","mg","1","0"
"10","Mould_2007_alemtuzumab","alemtuzumab","0","2","16.990992","ug/mL","240","mg","1","0"
"10","Mould_2007_alemtuzumab","alemtuzumab","0","4","12.930101","ug/mL","240","mg","1","0"
"10","Mould_2007_alemtuzumab","alemtuzumab","0","8","6.515056","ug/mL","240","mg","1","0"
"10","Mould_2007_alemtuzumab","alemtuzumab","0","24","6.947967","ug/mL","240","mg","1","0"
"10","Mould_2007_alemtuzumab","alemtuzumab","0","48","4.506074","ug/mL","240","mg","1","0"
"10","Mould_2007_alemtuzumab","alemtuzumab","0","72","3.732316","ug/mL","240","mg","1","0"
"10","Mould_2007_alemtuzumab","alemtuzumab","0","96","5.208787","ug/mL","240","mg","1","0"
"10","Mould_2007_alemtuzumab","alemtuzumab","0","120","1.353224","ug/mL","240","mg","1","0"
"10","Mould_2007_alemtuzumab","alemtuzumab","0","168","1.825883","ug/mL","240","mg","1","0"
"10","Mould_2007_alemtuzumab","alemtuzumab","0","189","0.594522","ug/mL","240","mg","1","0"
"1","Gupta_2016_amatuximab","amatuximab","1","0",".","ug/mL","400","mg","1","."
"1","Gupta_2016_amatuximab","amatuximab","0","0","102.025459","ug/mL","400","mg","1","0"
"1","Gupta_2016_amatuximab","amatuximab","0","1","73.068539","ug/mL","400","mg","1","0"
"1","Gupta_2016_amatuximab","amatuximab","0","2","140.100127","ug/mL","400","mg","1","0"
"1","Gupta_2016_amatuximab","amatuximab","0","4","99.159088","ug/mL","400","mg","1","0"
"1","Gupta_2016_amatuximab","amatuximab","0","8","75.691152","ug/mL","400","mg","1","0"
"1","Gupta_2016_amatuximab","amatuximab","0","24","61.283981","ug/mL","400","mg","1","0"
"1","Gupta_2016_amatuximab","amatuximab","0","48","119.648545","ug/mL","400","mg","1","0"
"1","Gupta_2016_amatuximab","amatuximab","0","72","33.982884","ug/mL","400","mg","1","0"
"1","Gupta_2016_amatuximab","amatuximab","0","96","38.713248","ug/mL","400","mg","1","0"
"1","Gupta_2016_amatuximab","amatuximab","0","120","29.697076","ug/mL","400","mg","1","0"
"1","Gupta_2016_amatuximab","amatuximab","0","168","27.511741","ug/mL","400","mg","1","0"
"1","Gupta_2016_amatuximab","amatuximab","0","336","2.327764","ug/mL","400","mg","1","0"
"1","Gupta_2016_amatuximab","amatuximab","0","504","0.174365","ug/mL","400","mg","1","0"
"1","Gupta_2016_amatuximab","amatuximab","0","632","0.097704","ug/mL","400","mg","1","0"
"2","Gupta_2016_amatuximab","amatuximab","1","0",".","ug/mL","400","mg","1","."
"2","Gupta_2016_amatuximab","amatuximab","0","0","143.701368","ug/mL","400","mg","1","0"
"2","Gupta_2016_amatuximab","amatuximab","0","1","84.003091","ug/mL","400","mg","1","0"
"2","Gupta_2016_amatuximab","amatuximab","0","2","69.597116","ug/mL","400","mg","1","0"
"2","Gupta_2016_amatuximab","amatuximab","0","4","134.380111","ug/mL","400","mg","1","0"
"2","Gupta_2016_amatuximab","amatuximab","0","8","84.221478","ug/mL","400","mg","1","0"
"2","Gupta_2016_amatuximab","amatuximab","0","24","7.755074","ug/mL","400","mg","1","0"
"2","Gupta_2016_amatuximab","amatuximab","0","48","45.833843","ug/mL","400","mg","1","0"
"2","Gupta_2016_amatuximab","amatuximab","0","72","65.599317","ug/mL","400","mg","1","0"
"2","Gupta_2016_amatuximab","amatuximab","0","96","31.019417","ug/mL","400","mg","1","0"
"2","Gupta_2016_amatuximab","amatuximab","0","120","26.289676","ug/mL","400","mg","1","0"
"2","Gupta_2016_amatuximab","amatuximab","0","168","14.494697","ug/mL","400","mg","1","0"
"2","Gupta_2016_amatuximab","amatuximab","0","336","2.134415","ug/mL","400","mg","1","0"
"2","Gupta_2016_amatuximab","amatuximab","0","504","0.33704","ug/mL","400","mg","1","0"
"2","Gupta_2016_amatuximab","amatuximab","0","632","0.146056","ug/mL","400","mg","1","0"
"3","Gupta_2016_amatuximab","amatuximab","1","0",".","ug/mL","400","mg","1","."
"3","Gupta_2016_amatuximab","amatuximab","0","0","170.80345","ug/mL","400","mg","1","0"
"3","Gupta_2016_amatuximab","amatuximab","0","1","57.211513","ug/mL","400","mg","1","0"
"3","Gupta_2016_amatuximab","amatuximab","0","2","94.961639","ug/mL","400","mg","1","0"
"3","Gupta_2016_amatuximab","amatuximab","0","4","72.665407","ug/mL","400","mg","1","0"
"3","Gupta_2016_amatuximab","amatuximab","0","8","141.97133","ug/mL","400","mg","1","0"
"3","Gupta_2016_amatuximab","amatuximab","0","24","78.025061","ug/mL","400","mg","1","0"
"3","Gupta_2016_amatuximab","amatuximab","0","48","0","ug/mL","400","mg","1","1"
"3","Gupta_2016_amatuximab","amatuximab","0","72","52.398398","ug/mL","400","mg","1","0"
"3","Gupta_2016_amatuximab","amatuximab","0","96","32.628235","ug/mL","400","mg","1","0"
"3","Gupta_2016_amatuximab","amatuximab","0","120","45.527567","ug/mL","400","mg","1","0"
"3","Gupta_2016_amatuximab","amatuximab","0","168","18.932525","ug/mL","400","mg","1","0"
"3","Gupta_2016_amatuximab","amatuximab","0","336","4.707195","ug/mL","400","mg","1","0"
"3","Gupta_2016_amatuximab","amatuximab","0","504","2.4547","ug/mL","400","mg","1","0"
"3","Gupta_2016_amatuximab","amatuximab","0","632","1.150015","ug/mL","400","mg","1","0"
"4","Gupta_2016_amatuximab","amatuximab","1","0",".","ug/mL","400","mg","1","."
"4","Gupta_2016_amatuximab","amatuximab","0","0","64.865433","ug/mL","400","mg","1","0"
"4","Gupta_2016_amatuximab","amatuximab","0","1","83.817768","ug/mL","400","mg","1","0"
"4","Gupta_2016_amatuximab","amatuximab","0","2","81.427508","ug/mL","400","mg","1","0"
"4","Gupta_2016_amatuximab","amatuximab","0","4","118.590565","ug/mL","400","mg","1","0"
"4","Gupta_2016_amatuximab","amatuximab","0","8","67.601161","ug/mL","400","mg","1","0"
"4","Gupta_2016_amatuximab","amatuximab","0","24","40.639214","ug/mL","400","mg","1","0"
"4","Gupta_2016_amatuximab","amatuximab","0","48","17.838509","ug/mL","400","mg","1","0"
"4","Gupta_2016_amatuximab","amatuximab","0","72","9.468405","ug/mL","400","mg","1","0"
"4","Gupta_2016_amatuximab","amatuximab","0","96","12.965544","ug/mL","400","mg","1","0"
"4","Gupta_2016_amatuximab","amatuximab","0","120","22.454153","ug/mL","400","mg","1","0"
"4","Gupta_2016_amatuximab","amatuximab","0","168","18.983219","ug/mL","400","mg","1","0"
"4","Gupta_2016_amatuximab","amatuximab","0","336","3.608815","ug/mL","400","mg","1","0"
"4","Gupta_2016_amatuximab","amatuximab","0","504","2.142805","ug/mL","400","mg","1","0"
"4","Gupta_2016_amatuximab","amatuximab","0","632","1.378879","ug/mL","400","mg","1","0"
"5","Gupta_2016_amatuximab","amatuximab","1","0",".","ug/mL","400","mg","1","."
"5","Gupta_2016_amatuximab","amatuximab","0","0","88.221226","ug/mL","400","mg","1","0"
"5","Gupta_2016_amatuximab","amatuximab","0","1","107.96551","ug/mL","400","mg","1","0"
"5","Gupta_2016_amatuximab","amatuximab","0","2","116.846326","ug/mL","400","mg","1","0"
"5","Gupta_2016_amatuximab","amatuximab","0","4","79.103328","ug/mL","400","mg","1","0"
"5","Gupta_2016_amatuximab","amatuximab","0","8","140.026653","ug/mL","400","mg","1","0"
"5","Gupta_2016_amatuximab","amatuximab","0","24","75.86239","ug/mL","400","mg","1","0"
"5","Gupta_2016_amatuximab","amatuximab","0","48","56.957027","ug/mL","400","mg","1","0"
"5","Gupta_2016_amatuximab","amatuximab","0","72","37.909466","ug/mL","400","mg","1","0"
"5","Gupta_2016_amatuximab","amatuximab","0","96","15.086706","ug/mL","400","mg","1","0"
"5","Gupta_2016_amatuximab","amatuximab","0","120","18.960488","ug/mL","400","mg","1","0"
"5","Gupta_2016_amatuximab","amatuximab","0","168","27.807565","ug/mL","400","mg","1","0"
"5","Gupta_2016_amatuximab","amatuximab","0","336","1.185277","ug/mL","400","mg","1","0"
"5","Gupta_2016_amatuximab","amatuximab","0","504","0.098377","ug/mL","400","mg","1","0"
"5","Gupta_2016_amatuximab","amatuximab","0","632","0.114521","ug/mL","400","mg","1","0"
"6","Gupta_2016_amatuximab","amatuximab","1","0",".","ug/mL","400","mg","1","."
"6","Gupta_2016_amatuximab","amatuximab","0","0","97.345867","ug/mL","400","mg","1","0"
"6","Gupta_2016_amatuximab","amatuximab","0","1","54.782289","ug/mL","400","mg","1","0"
"6","Gupta_2016_amatuximab","amatuximab","0","2","114.298916","ug/mL","400","mg","1","0"
"6","Gupta_2016_amatuximab","amatuximab","0","4","89.248661","ug/mL","400","mg","1","0"
"6","Gupta_2016_amatuximab","amatuximab","0","8","75.899857","ug/mL","400","mg","1","0"
"6","Gupta_2016_amatuximab","amatuximab","0","24","61.444178","ug/mL","400","mg","1","0"
"6","Gupta_2016_amatuximab","amatuximab","0","48","37.832829","ug/mL","400","mg","1","0"
"6","Gupta_2016_amatuximab","amatuximab","0","72","33.176641","ug/mL","400","mg","1","0"
"6","Gupta_2016_amatuximab","amatuximab","0","96","11.60473","ug/mL","400","mg","1","0"
"6","Gupta_2016_amatuximab","amatuximab","0","120","27.936488","ug/mL","400","mg","1","0"
"6","Gupta_2016_amatuximab","amatuximab","0","168","11.432314","ug/mL","400","mg","1","0"
"6","Gupta_2016_amatuximab","amatuximab","0","336","0.181503","ug/mL","400","mg","1","0"
"6","Gupta_2016_amatuximab","amatuximab","0","504","0","ug/mL","400","mg","1","1"
"6","Gupta_2016_amatuximab","amatuximab","0","632","0.047461","ug/mL","400","mg","1","0"
"7","Gupta_2016_amatuximab","amatuximab","1","0",".","ug/mL","400","mg","1","."
"7","Gupta_2016_amatuximab","amatuximab","0","0","167.806953","ug/mL","400","mg","1","0"
"7","Gupta_2016_amatuximab","amatuximab","0","1","152.228836","ug/mL","400","mg","1","0"
"7","Gupta_2016_amatuximab","amatuximab","0","2","95.509159","ug/mL","400","mg","1","0"
"7","Gupta_2016_amatuximab","amatuximab","0","4","153.101719","ug/mL","400","mg","1","0"
"7","Gupta_2016_amatuximab","amatuximab","0","8","108.157843","ug/mL","400","mg","1","0"
"7","Gupta_2016_amatuximab","amatuximab","0","24","37.633969","ug/mL","400","mg","1","0"
"7","Gupta_2016_amatuximab","amatuximab","0","48","38.211958","ug/mL","400","mg","1","0"
"7","Gupta_2016_amatuximab","amatuximab","0","72","60.805522","ug/mL","400","mg","1","0"
"7","Gupta_2016_amatuximab","amatuximab","0","96","31.231982","ug/mL","400","mg","1","0"
"7","Gupta_2016_amatuximab","amatuximab","0","120","29.217795","ug/mL","400","mg","1","0"
"7","Gupta_2016_amatuximab","amatuximab","0","168","13.787301","ug/mL","400","mg","1","0"
"7","Gupta_2016_amatuximab","amatuximab","0","336","1.342974","ug/mL","400","mg","1","0"
"7","Gupta_2016_amatuximab","amatuximab","0","504","0.360887","ug/mL","400","mg","1","0"
"7","Gupta_2016_amatuximab","amatuximab","0","632","0.397345","ug/mL","400","mg","1","0"
"8","Gupta_2016_amatuximab","amatuximab","1","0",".","ug/mL","400","mg","1","."
"8","Gupta_2016_amatuximab","amatuximab","0","0","191.783432","ug/mL","400","mg","1","0"
"8","Gupta_2016_amatuximab","amatuximab","0","1","171.029884","ug/mL","400","mg","1","0"
"8","Gupta_2016_amatuximab","amatuximab","0","2","166.26553","ug/mL","400","mg","1","0"
"8","Gupta_2016_amatuximab","amatuximab","0","4","126.100703","ug/mL","400","mg","1","0"
"8","Gupta_2016_amatuximab","amatuximab","0","8","25.085615","ug/mL","400","mg","1","0"
"8","Gupta_2016_amatuximab","amatuximab","0","24","67.93428","ug/mL","400","mg","1","0"
"8","Gupta_2016_amatuximab","amatuximab","0","48","101.298505","ug/mL","400","mg","1","0"
"8","Gupta_2016_amatuximab","amatuximab","0","72","44.369737","ug/mL","400","mg","1","0"
"8","Gupta_2016_amatuximab","amatuximab","0","96","56.501074","ug/mL","400","mg","1","0"
"8","Gupta_2016_amatuximab","amatuximab","0","120","17.62077","ug/mL","400","mg","1","0"
"8","Gupta_2016_amatuximab","amatuximab","0","168","25.412454","ug/mL","400","mg","1","0"
"8","Gupta_2016_amatuximab","amatuximab","0","336","4.653973","ug/mL","400","mg","1","0"
"8","Gupta_2016_amatuximab","amatuximab","0","504","0.718269","ug/mL","400","mg","1","0"
"8","Gupta_2016_amatuximab","amatuximab","0","632","0.300304","ug/mL","400","mg","1","0"
"9","Gupta_2016_amatuximab","amatuximab","1","0",".","ug/mL","400","mg","1","."
"9","Gupta_2016_amatuximab","amatuximab","0","0","90.598261","ug/mL","400","mg","1","0"
"9","Gupta_2016_amatuximab","amatuximab","0","1","86.559092","ug/mL","400","mg","1","0"
"9","Gupta_2016_amatuximab","amatuximab","0","2","45.974586","ug/mL","400","mg","1","0"
"9","Gupta_2016_amatuximab","amatuximab","0","4","135.237621","ug/mL","400","mg","1","0"
"9","Gupta_2016_amatuximab","amatuximab","0","8","42.016934","ug/mL","400","mg","1","0"
"9","Gupta_2016_amatuximab","amatuximab","0","24","80.278485","ug/mL","400","mg","1","0"
"9","Gupta_2016_amatuximab","amatuximab","0","48","26.743447","ug/mL","400","mg","1","0"
"9","Gupta_2016_amatuximab","amatuximab","0","72","27.037476","ug/mL","400","mg","1","0"
"9","Gupta_2016_amatuximab","amatuximab","0","96","23.692278","ug/mL","400","mg","1","0"
"9","Gupta_2016_amatuximab","amatuximab","0","120","20.995033","ug/mL","400","mg","1","0"
"9","Gupta_2016_amatuximab","amatuximab","0","168","20.629784","ug/mL","400","mg","1","0"
"9","Gupta_2016_amatuximab","amatuximab","0","336","3.091252","ug/mL","400","mg","1","0"
"9","Gupta_2016_amatuximab","amatuximab","0","504","0.666353","ug/mL","400","mg","1","0"
"9","Gupta_2016_amatuximab","amatuximab","0","632","0.189113","ug/mL","400","mg","1","0"
"10","Gupta_2016_amatuximab","amatuximab","1","0",".","ug/mL","400","mg","1","."
"10","Gupta_2016_amatuximab","amatuximab","0","0","79.814877","ug/mL","400","mg","1","0"
"10","Gupta_2016_amatuximab","amatuximab","0","1","102.445728","ug/mL","400","mg","1","0"
"10","Gupta_2016_amatuximab","amatuximab","0","2","109.974471","ug/mL","400","mg","1","0"
"10","Gupta_2016_amatuximab","amatuximab","0","4","96.255991","ug/mL","400","mg","1","0"
"10","Gupta_2016_amatuximab","amatuximab","0","8","80.085845","ug/mL","400","mg","1","0"
"10","Gupta_2016_amatuximab","amatuximab","0","24","73.57509","ug/mL","400","mg","1","0"
"10","Gupta_2016_amatuximab","amatuximab","0","48","60.811172","ug/mL","400","mg","1","0"
"10","Gupta_2016_amatuximab","amatuximab","0","72","19.388653","ug/mL","400","mg","1","0"
"10","Gupta_2016_amatuximab","amatuximab","0","96","31.314633","ug/mL","400","mg","1","0"
"10","Gupta_2016_amatuximab","amatuximab","0","120","25.765975","ug/mL","400","mg","1","0"
"10","Gupta_2016_amatuximab","amatuximab","0","168","12.215773","ug/mL","400","mg","1","0"
"10","Gupta_2016_amatuximab","amatuximab","0","336","3.100995","ug/mL","400","mg","1","0"
"10","Gupta_2016_amatuximab","amatuximab","0","504","0.230042","ug/mL","400","mg","1","0"
"10","Gupta_2016_amatuximab","amatuximab","0","632","0.046266","ug/mL","400","mg","1","0"
"1","Almquist_2022_anifrolumab","anifrolumab","1","0",".","ug/mL","1000","mg","1","."
"1","Almquist_2022_anifrolumab","anifrolumab","0","0","435.964902","ug/mL","1000","mg","1","0"
"1","Almquist_2022_anifrolumab","anifrolumab","0","0.25","453.942598","ug/mL","1000","mg","1","0"
"1","Almquist_2022_anifrolumab","anifrolumab","0","0.5","409.247921","ug/mL","1000","mg","1","0"
"1","Almquist_2022_anifrolumab","anifrolumab","0","1","310.194741","ug/mL","1000","mg","1","0"
"1","Almquist_2022_anifrolumab","anifrolumab","0","2","400.147438","ug/mL","1000","mg","1","0"
"1","Almquist_2022_anifrolumab","anifrolumab","0","4","177.004129","ug/mL","1000","mg","1","0"
"1","Almquist_2022_anifrolumab","anifrolumab","0","6","220.179125","ug/mL","1000","mg","1","0"
"1","Almquist_2022_anifrolumab","anifrolumab","0","8","337.29585","ug/mL","1000","mg","1","0"
"1","Almquist_2022_anifrolumab","anifrolumab","0","12","144.648709","ug/mL","1000","mg","1","0"
"1","Almquist_2022_anifrolumab","anifrolumab","0","24","314.121317","ug/mL","1000","mg","1","0"
"1","Almquist_2022_anifrolumab","anifrolumab","0","36","184.909109","ug/mL","1000","mg","1","0"
"1","Almquist_2022_anifrolumab","anifrolumab","0","48","200.904488","ug/mL","1000","mg","1","0"
"1","Almquist_2022_anifrolumab","anifrolumab","0","60","177.433704","ug/mL","1000","mg","1","0"
"1","Almquist_2022_anifrolumab","anifrolumab","0","72","103.055326","ug/mL","1000","mg","1","0"
"1","Almquist_2022_anifrolumab","anifrolumab","0","115","145.410388","ug/mL","1000","mg","1","0"
"2","Almquist_2022_anifrolumab","anifrolumab","1","0",".","ug/mL","1000","mg","1","."
"2","Almquist_2022_anifrolumab","anifrolumab","0","0","484.609467","ug/mL","1000","mg","1","0"
"2","Almquist_2022_anifrolumab","anifrolumab","0","0.25","267.778628","ug/mL","1000","mg","1","0"
"2","Almquist_2022_anifrolumab","anifrolumab","0","0.5","421.404973","ug/mL","1000","mg","1","0"
"2","Almquist_2022_anifrolumab","anifrolumab","0","1","525.780274","ug/mL","1000","mg","1","0"
"2","Almquist_2022_anifrolumab","anifrolumab","0","2","265.725303","ug/mL","1000","mg","1","0"
"2","Almquist_2022_anifrolumab","anifrolumab","0","4","392.308234","ug/mL","1000","mg","1","0"
"2","Almquist_2022_anifrolumab","anifrolumab","0","6","421.618266","ug/mL","1000","mg","1","0"
"2","Almquist_2022_anifrolumab","anifrolumab","0","8","256.15692","ug/mL","1000","mg","1","0"
"2","Almquist_2022_anifrolumab","anifrolumab","0","12","382.341801","ug/mL","1000","mg","1","0"
"2","Almquist_2022_anifrolumab","anifrolumab","0","24","132.135832","ug/mL","1000","mg","1","0"
"2","Almquist_2022_anifrolumab","anifrolumab","0","36","220.750203","ug/mL","1000","mg","1","0"
"2","Almquist_2022_anifrolumab","anifrolumab","0","48","174.753789","ug/mL","1000","mg","1","0"
"2","Almquist_2022_anifrolumab","anifrolumab","0","60","303.908037","ug/mL","1000","mg","1","0"
"2","Almquist_2022_anifrolumab","anifrolumab","0","72","202.819476","ug/mL","1000","mg","1","0"
"2","Almquist_2022_anifrolumab","anifrolumab","0","115","136.101739","ug/mL","1000","mg","1","0"
"3","Almquist_2022_anifrolumab","anifrolumab","1","0",".","ug/mL","1000","mg","1","."
"3","Almquist_2022_anifrolumab","anifrolumab","0","0","400.805146","ug/mL","1000","mg","1","0"
"3","Almquist_2022_anifrolumab","anifrolumab","0","0.25","530.803179","ug/mL","1000","mg","1","0"
"3","Almquist_2022_anifrolumab","anifrolumab","0","0.5","150.637042","ug/mL","1000","mg","1","0"
"3","Almquist_2022_anifrolumab","anifrolumab","0","1","430.688912","ug/mL","1000","mg","1","0"
"3","Almquist_2022_anifrolumab","anifrolumab","0","2","0","ug/mL","1000","mg","1","1"
"3","Almquist_2022_anifrolumab","anifrolumab","0","4","494.885458","ug/mL","1000","mg","1","0"
"3","Almquist_2022_anifrolumab","anifrolumab","0","6","358.555979","ug/mL","1000","mg","1","0"
"3","Almquist_2022_anifrolumab","anifrolumab","0","8","479.564887","ug/mL","1000","mg","1","0"
"3","Almquist_2022_anifrolumab","anifrolumab","0","12","376.545495","ug/mL","1000","mg","1","0"
"3","Almquist_2022_anifrolumab","anifrolumab","0","24","184.476282","ug/mL","1000","mg","1","0"
"3","Almquist_2022_anifrolumab","anifrolumab","0","36","384.83431","ug/mL","1000","mg","1","0"
"3","Almquist_2022_anifrolumab","anifrolumab","0","48","238.704641","ug/mL","1000","mg","1","0"
"3","Almquist_2022_anifrolumab","anifrolumab","0","60","228.191604","ug/mL","1000","mg","1","0"
"3","Almquist_2022_anifrolumab","anifrolumab","0","72","187.169007","ug/mL","1000","mg","1","0"
"3","Almquist_2022_anifrolumab","anifrolumab","0","115","157.628255","ug/mL","1000","mg","1","0"
"4","Almquist_2022_anifrolumab","anifrolumab","1","0",".","ug/mL","1000","mg","1","."
"4","Almquist_2022_anifrolumab","anifrolumab","0","0","254.940397","ug/mL","1000","mg","1","0"
"4","Almquist_2022_anifrolumab","anifrolumab","0","0.25","222.36335","ug/mL","1000","mg","1","0"
"4","Almquist_2022_anifrolumab","anifrolumab","0","0.5","261.592823","ug/mL","1000","mg","1","0"
"4","Almquist_2022_anifrolumab","anifrolumab","0","1","284.017314","ug/mL","1000","mg","1","0"
"4","Almquist_2022_anifrolumab","anifrolumab","0","2","271.798804","ug/mL","1000","mg","1","0"
"4","Almquist_2022_anifrolumab","anifrolumab","0","4","312.28175","ug/mL","1000","mg","1","0"
"4","Almquist_2022_anifrolumab","anifrolumab","0","6","211.4185","ug/mL","1000","mg","1","0"
"4","Almquist_2022_anifrolumab","anifrolumab","0","8","150.13856","ug/mL","1000","mg","1","0"
"4","Almquist_2022_anifrolumab","anifrolumab","0","12","372.321141","ug/mL","1000","mg","1","0"
"4","Almquist_2022_anifrolumab","anifrolumab","0","24","208.967309","ug/mL","1000","mg","1","0"
"4","Almquist_2022_anifrolumab","anifrolumab","0","36","107.054189","ug/mL","1000","mg","1","0"
"4","Almquist_2022_anifrolumab","anifrolumab","0","48","197.391187","ug/mL","1000","mg","1","0"
"4","Almquist_2022_anifrolumab","anifrolumab","0","60","175.219863","ug/mL","1000","mg","1","0"
"4","Almquist_2022_anifrolumab","anifrolumab","0","72","214.488491","ug/mL","1000","mg","1","0"
"4","Almquist_2022_anifrolumab","anifrolumab","0","115","151.239053","ug/mL","1000","mg","1","0"
"5","Almquist_2022_anifrolumab","anifrolumab","1","0",".","ug/mL","1000","mg","1","."
"5","Almquist_2022_anifrolumab","anifrolumab","0","0","447.23769","ug/mL","1000","mg","1","0"
"5","Almquist_2022_anifrolumab","anifrolumab","0","0.25","338.974962","ug/mL","1000","mg","1","0"
"5","Almquist_2022_anifrolumab","anifrolumab","0","0.5","307.324159","ug/mL","1000","mg","1","0"
"5","Almquist_2022_anifrolumab","anifrolumab","0","1","248.004051","ug/mL","1000","mg","1","0"
"5","Almquist_2022_anifrolumab","anifrolumab","0","2","472.760496","ug/mL","1000","mg","1","0"
"5","Almquist_2022_anifrolumab","anifrolumab","0","4","336.774287","ug/mL","1000","mg","1","0"
"5","Almquist_2022_anifrolumab","anifrolumab","0","6","130.812142","ug/mL","1000","mg","1","0"
"5","Almquist_2022_anifrolumab","anifrolumab","0","8","248.649165","ug/mL","1000","mg","1","0"
"5","Almquist_2022_anifrolumab","anifrolumab","0","12","346.512424","ug/mL","1000","mg","1","0"
"5","Almquist_2022_anifrolumab","anifrolumab","0","24","324.940233","ug/mL","1000","mg","1","0"
"5","Almquist_2022_anifrolumab","anifrolumab","0","36","174.428462","ug/mL","1000","mg","1","0"
"5","Almquist_2022_anifrolumab","anifrolumab","0","48","195.069436","ug/mL","1000","mg","1","0"
"5","Almquist_2022_anifrolumab","anifrolumab","0","60","233.233003","ug/mL","1000","mg","1","0"
"5","Almquist_2022_anifrolumab","anifrolumab","0","72","147.833389","ug/mL","1000","mg","1","0"
"5","Almquist_2022_anifrolumab","anifrolumab","0","115","187.237227","ug/mL","1000","mg","1","0"
"6","Almquist_2022_anifrolumab","anifrolumab","1","0",".","ug/mL","1000","mg","1","."
"6","Almquist_2022_anifrolumab","anifrolumab","0","0","428.801375","ug/mL","1000","mg","1","0"
"6","Almquist_2022_anifrolumab","anifrolumab","0","0.25","340.357466","ug/mL","1000","mg","1","0"
"6","Almquist_2022_anifrolumab","anifrolumab","0","0.5","169.103992","ug/mL","1000","mg","1","0"
"6","Almquist_2022_anifrolumab","anifrolumab","0","1","274.616794","ug/mL","1000","mg","1","0"
"6","Almquist_2022_anifrolumab","anifrolumab","0","2","302.611167","ug/mL","1000","mg","1","0"
"6","Almquist_2022_anifrolumab","anifrolumab","0","4","332.771451","ug/mL","1000","mg","1","0"
"6","Almquist_2022_anifrolumab","anifrolumab","0","6","267.818181","ug/mL","1000","mg","1","0"
"6","Almquist_2022_anifrolumab","anifrolumab","0","8","217.333872","ug/mL","1000","mg","1","0"
"6","Almquist_2022_anifrolumab","anifrolumab","0","12","298.368785","ug/mL","1000","mg","1","0"
"6","Almquist_2022_anifrolumab","anifrolumab","0","24","308.391409","ug/mL","1000","mg","1","0"
"6","Almquist_2022_anifrolumab","anifrolumab","0","36","282.04482","ug/mL","1000","mg","1","0"
"6","Almquist_2022_anifrolumab","anifrolumab","0","48","212.243766","ug/mL","1000","mg","1","0"
"6","Almquist_2022_anifrolumab","anifrolumab","0","60","150.898565","ug/mL","1000","mg","1","0"
"6","Almquist_2022_anifrolumab","anifrolumab","0","72","199.887922","ug/mL","1000","mg","1","0"
"6","Almquist_2022_anifrolumab","anifrolumab","0","115","89.861573","ug/mL","1000","mg","1","0"
"7","Almquist_2022_anifrolumab","anifrolumab","1","0",".","ug/mL","1000","mg","1","."
"7","Almquist_2022_anifrolumab","anifrolumab","0","0","268.284556","ug/mL","1000","mg","1","0"
"7","Almquist_2022_anifrolumab","anifrolumab","0","0.25","298.332056","ug/mL","1000","mg","1","0"
"7","Almquist_2022_anifrolumab","anifrolumab","0","0.5","253.560957","ug/mL","1000","mg","1","0"
"7","Almquist_2022_anifrolumab","anifrolumab","0","1","251.032681","ug/mL","1000","mg","1","0"
"7","Almquist_2022_anifrolumab","anifrolumab","0","2","392.642593","ug/mL","1000","mg","1","0"
"7","Almquist_2022_anifrolumab","anifrolumab","0","4","244.948968","ug/mL","1000","mg","1","0"
"7","Almquist_2022_anifrolumab","anifrolumab","0","6","190.3768","ug/mL","1000","mg","1","0"
"7","Almquist_2022_anifrolumab","anifrolumab","0","8","113.654125","ug/mL","1000","mg","1","0"
"7","Almquist_2022_anifrolumab","anifrolumab","0","12","238.683762","ug/mL","1000","mg","1","0"
"7","Almquist_2022_anifrolumab","anifrolumab","0","24","256.975066","ug/mL","1000","mg","1","0"
"7","Almquist_2022_anifrolumab","anifrolumab","0","36","115.416631","ug/mL","1000","mg","1","0"
"7","Almquist_2022_anifrolumab","anifrolumab","0","48","46.972305","ug/mL","1000","mg","1","0"
"7","Almquist_2022_anifrolumab","anifrolumab","0","60","168.187714","ug/mL","1000","mg","1","0"
"7","Almquist_2022_anifrolumab","anifrolumab","0","72","168.092724","ug/mL","1000","mg","1","0"
"7","Almquist_2022_anifrolumab","anifrolumab","0","115","131.915626","ug/mL","1000","mg","1","0"
"8","Almquist_2022_anifrolumab","anifrolumab","1","0",".","ug/mL","1000","mg","1","."
"8","Almquist_2022_anifrolumab","anifrolumab","0","0","629.53003","ug/mL","1000","mg","1","0"
"8","Almquist_2022_anifrolumab","anifrolumab","0","0.25","464.891831","ug/mL","1000","mg","1","0"
"8","Almquist_2022_anifrolumab","anifrolumab","0","0.5","265.137","ug/mL","1000","mg","1","0"
"8","Almquist_2022_anifrolumab","anifrolumab","0","1","695.8148","ug/mL","1000","mg","1","0"
"8","Almquist_2022_anifrolumab","anifrolumab","0","2","403.026022","ug/mL","1000","mg","1","0"
"8","Almquist_2022_anifrolumab","anifrolumab","0","4","427.148614","ug/mL","1000","mg","1","0"
"8","Almquist_2022_anifrolumab","anifrolumab","0","6","499.190176","ug/mL","1000","mg","1","0"
"8","Almquist_2022_anifrolumab","anifrolumab","0","8","279.359669","ug/mL","1000","mg","1","0"
"8","Almquist_2022_anifrolumab","anifrolumab","0","12","370.101265","ug/mL","1000","mg","1","0"
"8","Almquist_2022_anifrolumab","anifrolumab","0","24","220.507106","ug/mL","1000","mg","1","0"
"8","Almquist_2022_anifrolumab","anifrolumab","0","36","275.162603","ug/mL","1000","mg","1","0"
"8","Almquist_2022_anifrolumab","anifrolumab","0","48","207.251741","ug/mL","1000","mg","1","0"
"8","Almquist_2022_anifrolumab","anifrolumab","0","60","65.873492","ug/mL","1000","mg","1","0"
"8","Almquist_2022_anifrolumab","anifrolumab","0","72","179.552304","ug/mL","1000","mg","1","0"
"8","Almquist_2022_anifrolumab","anifrolumab","0","115","84.515516","ug/mL","1000","mg","1","0"
"9","Almquist_2022_anifrolumab","anifrolumab","1","0",".","ug/mL","1000","mg","1","."
"9","Almquist_2022_anifrolumab","anifrolumab","0","0","255.124272","ug/mL","1000","mg","1","0"
"9","Almquist_2022_anifrolumab","anifrolumab","0","0.25","298.033715","ug/mL","1000","mg","1","0"
"9","Almquist_2022_anifrolumab","anifrolumab","0","0.5","191.864547","ug/mL","1000","mg","1","0"
"9","Almquist_2022_anifrolumab","anifrolumab","0","1","340.29799","ug/mL","1000","mg","1","0"
"9","Almquist_2022_anifrolumab","anifrolumab","0","2","353.558753","ug/mL","1000","mg","1","0"
"9","Almquist_2022_anifrolumab","anifrolumab","0","4","251.863283","ug/mL","1000","mg","1","0"
"9","Almquist_2022_anifrolumab","anifrolumab","0","6","245.212941","ug/mL","1000","mg","1","0"
"9","Almquist_2022_anifrolumab","anifrolumab","0","8","189.222741","ug/mL","1000","mg","1","0"
"9","Almquist_2022_anifrolumab","anifrolumab","0","12","213.123934","ug/mL","1000","mg","1","0"
"9","Almquist_2022_anifrolumab","anifrolumab","0","24","239.711374","ug/mL","1000","mg","1","0"
"9","Almquist_2022_anifrolumab","anifrolumab","0","36","172.691393","ug/mL","1000","mg","1","0"
"9","Almquist_2022_anifrolumab","anifrolumab","0","48","115.392465","ug/mL","1000","mg","1","0"
"9","Almquist_2022_anifrolumab","anifrolumab","0","60","171.100988","ug/mL","1000","mg","1","0"
"9","Almquist_2022_anifrolumab","anifrolumab","0","72","150.748677","ug/mL","1000","mg","1","0"
"9","Almquist_2022_anifrolumab","anifrolumab","0","115","194.014833","ug/mL","1000","mg","1","0"
"10","Almquist_2022_anifrolumab","anifrolumab","1","0",".","ug/mL","1000","mg","1","."
"10","Almquist_2022_anifrolumab","anifrolumab","0","0","175.192283","ug/mL","1000","mg","1","0"
"10","Almquist_2022_anifrolumab","anifrolumab","0","0.25","463.095439","ug/mL","1000","mg","1","0"
"10","Almquist_2022_anifrolumab","anifrolumab","0","0.5","331.055136","ug/mL","1000","mg","1","0"
"10","Almquist_2022_anifrolumab","anifrolumab","0","1","184.686938","ug/mL","1000","mg","1","0"
"10","Almquist_2022_anifrolumab","anifrolumab","0","2","591.252313","ug/mL","1000","mg","1","0"
"10","Almquist_2022_anifrolumab","anifrolumab","0","4","227.712442","ug/mL","1000","mg","1","0"
"10","Almquist_2022_anifrolumab","anifrolumab","0","6","386.198266","ug/mL","1000","mg","1","0"
"10","Almquist_2022_anifrolumab","anifrolumab","0","8","279.256837","ug/mL","1000","mg","1","0"
"10","Almquist_2022_anifrolumab","anifrolumab","0","12","322.862748","ug/mL","1000","mg","1","0"
"10","Almquist_2022_anifrolumab","anifrolumab","0","24","230.057136","ug/mL","1000","mg","1","0"
"10","Almquist_2022_anifrolumab","anifrolumab","0","36","227.917327","ug/mL","1000","mg","1","0"
"10","Almquist_2022_anifrolumab","anifrolumab","0","48","230.782225","ug/mL","1000","mg","1","0"
"10","Almquist_2022_anifrolumab","anifrolumab","0","60","168.649523","ug/mL","1000","mg","1","0"
"10","Almquist_2022_anifrolumab","anifrolumab","0","72","55.701716","ug/mL","1000","mg","1","0"
"10","Almquist_2022_anifrolumab","anifrolumab","0","115","207.933868","ug/mL","1000","mg","1","0"
"1","Yassen_2025_asundexian","asundexian","1","0",".","ug/L","100","mg","2","."
"1","Yassen_2025_asundexian","asundexian","0","0","0","ug/L","100","mg","2","0"
"1","Yassen_2025_asundexian","asundexian","0","0.25","172.673093","ug/L","100","mg","2","0"
"1","Yassen_2025_asundexian","asundexian","0","0.5","664.01695","ug/L","100","mg","2","0"
"1","Yassen_2025_asundexian","asundexian","0","1","1851.869538","ug/L","100","mg","2","0"
"1","Yassen_2025_asundexian","asundexian","0","2","1668.081963","ug/L","100","mg","2","0"
"1","Yassen_2025_asundexian","asundexian","0","4","1549.727846","ug/L","100","mg","2","0"
"1","Yassen_2025_asundexian","asundexian","0","6","1230.979781","ug/L","100","mg","2","0"
"1","Yassen_2025_asundexian","asundexian","0","8","775.956339","ug/L","100","mg","2","0"
"1","Yassen_2025_asundexian","asundexian","0","12","864.159305","ug/L","100","mg","2","0"
"1","Yassen_2025_asundexian","asundexian","0","24","862.125211","ug/L","100","mg","2","0"
"1","Yassen_2025_asundexian","asundexian","0","36","417.50752","ug/L","100","mg","2","0"
"1","Yassen_2025_asundexian","asundexian","0","48","254.748399","ug/L","100","mg","2","0"
"1","Yassen_2025_asundexian","asundexian","0","60","213.266906","ug/L","100","mg","2","0"
"1","Yassen_2025_asundexian","asundexian","0","72","57.37498","ug/L","100","mg","2","0"
"1","Yassen_2025_asundexian","asundexian","0","91","67.263996","ug/L","100","mg","2","0"
"2","Yassen_2025_asundexian","asundexian","1","0",".","ug/L","100","mg","2","."
"2","Yassen_2025_asundexian","asundexian","0","0","0","ug/L","100","mg","2","0"
"2","Yassen_2025_asundexian","asundexian","0","0.25","32.838862","ug/L","100","mg","2","0"
"2","Yassen_2025_asundexian","asundexian","0","0.5","189.075403","ug/L","100","mg","2","0"
"2","Yassen_2025_asundexian","asundexian","0","1","642.552811","ug/L","100","mg","2","0"
"2","Yassen_2025_asundexian","asundexian","0","2","1713.748942","ug/L","100","mg","2","0"
"2","Yassen_2025_asundexian","asundexian","0","4","1721.275339","ug/L","100","mg","2","0"
"2","Yassen_2025_asundexian","asundexian","0","6","1234.712336","ug/L","100","mg","2","0"
"2","Yassen_2025_asundexian","asundexian","0","8","1085.748836","ug/L","100","mg","2","0"
"2","Yassen_2025_asundexian","asundexian","0","12","740.174272","ug/L","100","mg","2","0"
"2","Yassen_2025_asundexian","asundexian","0","24","485.742436","ug/L","100","mg","2","0"
"2","Yassen_2025_asundexian","asundexian","0","36","523.137986","ug/L","100","mg","2","0"
"2","Yassen_2025_asundexian","asundexian","0","48","255.753987","ug/L","100","mg","2","0"
"2","Yassen_2025_asundexian","asundexian","0","60","167.272003","ug/L","100","mg","2","0"
"2","Yassen_2025_asundexian","asundexian","0","72","78.319166","ug/L","100","mg","2","0"
"2","Yassen_2025_asundexian","asundexian","0","91","49.554196","ug/L","100","mg","2","0"
"3","Yassen_2025_asundexian","asundexian","1","0",".","ug/L","100","mg","2","."
"3","Yassen_2025_asundexian","asundexian","0","0","0","ug/L","100","mg","2","0"
"3","Yassen_2025_asundexian","asundexian","0","0.25","2.107721","ug/L","100","mg","2","0"
"3","Yassen_2025_asundexian","asundexian","0","0.5","14.766602","ug/L","100","mg","2","0"
"3","Yassen_2025_asundexian","asundexian","0","1","95.773672","ug/L","100","mg","2","0"
"3","Yassen_2025_asundexian","asundexian","0","2","454.19583","ug/L","100","mg","2","0"
"3","Yassen_2025_asundexian","asundexian","0","4","899.520205","ug/L","100","mg","2","0"
"3","Yassen_2025_asundexian","asundexian","0","6","1025.913911","ug/L","100","mg","2","0"
"3","Yassen_2025_asundexian","asundexian","0","8","879.700733","ug/L","100","mg","2","0"
"3","Yassen_2025_asundexian","asundexian","0","12","889.421551","ug/L","100","mg","2","0"
"3","Yassen_2025_asundexian","asundexian","0","24","460.619554","ug/L","100","mg","2","0"
"3","Yassen_2025_asundexian","asundexian","0","36","422.058632","ug/L","100","mg","2","0"
"3","Yassen_2025_asundexian","asundexian","0","48","203.884694","ug/L","100","mg","2","0"
"3","Yassen_2025_asundexian","asundexian","0","60","218.261441","ug/L","100","mg","2","0"
"3","Yassen_2025_asundexian","asundexian","0","72","101.612007","ug/L","100","mg","2","0"
"3","Yassen_2025_asundexian","asundexian","0","91","42.336015","ug/L","100","mg","2","0"
"4","Yassen_2025_asundexian","asundexian","1","0",".","ug/L","100","mg","2","."
"4","Yassen_2025_asundexian","asundexian","0","0","0","ug/L","100","mg","2","0"
"4","Yassen_2025_asundexian","asundexian","0","0.25","7.546885","ug/L","100","mg","2","0"
"4","Yassen_2025_asundexian","asundexian","0","0.5","53.716294","ug/L","100","mg","2","0"
"4","Yassen_2025_asundexian","asundexian","0","1","313.471385","ug/L","100","mg","2","0"
"4","Yassen_2025_asundexian","asundexian","0","2","990.850638","ug/L","100","mg","2","0"
"4","Yassen_2025_asundexian","asundexian","0","4","1279.866694","ug/L","100","mg","2","0"
"4","Yassen_2025_asundexian","asundexian","0","6","806.248296","ug/L","100","mg","2","0"
"4","Yassen_2025_asundexian","asundexian","0","8","946.291518","ug/L","100","mg","2","0"
"4","Yassen_2025_asundexian","asundexian","0","12","417.406922","ug/L","100","mg","2","0"
"4","Yassen_2025_asundexian","asundexian","0","24","480.33382","ug/L","100","mg","2","0"
"4","Yassen_2025_asundexian","asundexian","0","36","350.696778","ug/L","100","mg","2","0"
"4","Yassen_2025_asundexian","asundexian","0","48","164.556547","ug/L","100","mg","2","0"
"4","Yassen_2025_asundexian","asundexian","0","60","80.820111","ug/L","100","mg","2","0"
"4","Yassen_2025_asundexian","asundexian","0","72","55.506924","ug/L","100","mg","2","0"
"4","Yassen_2025_asundexian","asundexian","0","91","12.519778","ug/L","100","mg","2","0"
"5","Yassen_2025_asundexian","asundexian","1","0",".","ug/L","100","mg","2","."
"5","Yassen_2025_asundexian","asundexian","0","0","0","ug/L","100","mg","2","0"
"5","Yassen_2025_asundexian","asundexian","0","0.25","155.788091","ug/L","100","mg","2","0"
"5","Yassen_2025_asundexian","asundexian","0","0.5","462.834296","ug/L","100","mg","2","0"
"5","Yassen_2025_asundexian","asundexian","0","1","818.715627","ug/L","100","mg","2","0"
"5","Yassen_2025_asundexian","asundexian","0","2","1070.620015","ug/L","100","mg","2","0"
"5","Yassen_2025_asundexian","asundexian","0","4","974.303949","ug/L","100","mg","2","0"
"5","Yassen_2025_asundexian","asundexian","0","6","1261.123489","ug/L","100","mg","2","0"
"5","Yassen_2025_asundexian","asundexian","0","8","338.810519","ug/L","100","mg","2","0"
"5","Yassen_2025_asundexian","asundexian","0","12","858.478373","ug/L","100","mg","2","0"
"5","Yassen_2025_asundexian","asundexian","0","24","424.386639","ug/L","100","mg","2","0"
"5","Yassen_2025_asundexian","asundexian","0","36","268.900663","ug/L","100","mg","2","0"
"5","Yassen_2025_asundexian","asundexian","0","48","129.395091","ug/L","100","mg","2","0"
"5","Yassen_2025_asundexian","asundexian","0","60","125.312738","ug/L","100","mg","2","0"
"5","Yassen_2025_asundexian","asundexian","0","72","48.945194","ug/L","100","mg","2","0"
"5","Yassen_2025_asundexian","asundexian","0","91","23.014105","ug/L","100","mg","2","0"
"6","Yassen_2025_asundexian","asundexian","1","0",".","ug/L","100","mg","2","."
"6","Yassen_2025_asundexian","asundexian","0","0","0","ug/L","100","mg","2","0"
"6","Yassen_2025_asundexian","asundexian","0","0.25","58.320353","ug/L","100","mg","2","0"
"6","Yassen_2025_asundexian","asundexian","0","0.5","335.718639","ug/L","100","mg","2","0"
"6","Yassen_2025_asundexian","asundexian","0","1","813.72562","ug/L","100","mg","2","0"
"6","Yassen_2025_asundexian","asundexian","0","2","1326.017824","ug/L","100","mg","2","0"
"6","Yassen_2025_asundexian","asundexian","0","4","760.743408","ug/L","100","mg","2","0"
"6","Yassen_2025_asundexian","asundexian","0","6","588.225852","ug/L","100","mg","2","0"
"6","Yassen_2025_asundexian","asundexian","0","8","1103.860484","ug/L","100","mg","2","0"
"6","Yassen_2025_asundexian","asundexian","0","12","271.472403","ug/L","100","mg","2","0"
"6","Yassen_2025_asundexian","asundexian","0","24","559.88154","ug/L","100","mg","2","0"
"6","Yassen_2025_asundexian","asundexian","0","36","499.066804","ug/L","100","mg","2","0"
"6","Yassen_2025_asundexian","asundexian","0","48","341.317907","ug/L","100","mg","2","0"
"6","Yassen_2025_asundexian","asundexian","0","60","296.673115","ug/L","100","mg","2","0"
"6","Yassen_2025_asundexian","asundexian","0","72","195.803641","ug/L","100","mg","2","0"
"6","Yassen_2025_asundexian","asundexian","0","91","214.240814","ug/L","100","mg","2","0"
"7","Yassen_2025_asundexian","asundexian","1","0",".","ug/L","100","mg","2","."
"7","Yassen_2025_asundexian","asundexian","0","0","0","ug/L","100","mg","2","0"
"7","Yassen_2025_asundexian","asundexian","0","0.25","5.499506","ug/L","100","mg","2","0"
"7","Yassen_2025_asundexian","asundexian","0","0.5","40.878869","ug/L","100","mg","2","0"
"7","Yassen_2025_asundexian","asundexian","0","1","201.784655","ug/L","100","mg","2","0"
"7","Yassen_2025_asundexian","asundexian","0","2","545.037868","ug/L","100","mg","2","0"
"7","Yassen_2025_asundexian","asundexian","0","4","760.936492","ug/L","100","mg","2","0"
"7","Yassen_2025_asundexian","asundexian","0","6","1592.911796","ug/L","100","mg","2","0"
"7","Yassen_2025_asundexian","asundexian","0","8","1586.36916","ug/L","100","mg","2","0"
"7","Yassen_2025_asundexian","asundexian","0","12","1009.191525","ug/L","100","mg","2","0"
"7","Yassen_2025_asundexian","asundexian","0","24","817.066948","ug/L","100","mg","2","0"
"7","Yassen_2025_asundexian","asundexian","0","36","310.341884","ug/L","100","mg","2","0"
"7","Yassen_2025_asundexian","asundexian","0","48","259.495362","ug/L","100","mg","2","0"
"7","Yassen_2025_asundexian","asundexian","0","60","104.659602","ug/L","100","mg","2","0"
"7","Yassen_2025_asundexian","asundexian","0","72","58.67242","ug/L","100","mg","2","0"
"7","Yassen_2025_asundexian","asundexian","0","91","27.841773","ug/L","100","mg","2","0"
"8","Yassen_2025_asundexian","asundexian","1","0",".","ug/L","100","mg","2","."
"8","Yassen_2025_asundexian","asundexian","0","0","0","ug/L","100","mg","2","0"
"8","Yassen_2025_asundexian","asundexian","0","0.25","25.927858","ug/L","100","mg","2","0"
"8","Yassen_2025_asundexian","asundexian","0","0.5","141.548169","ug/L","100","mg","2","0"
"8","Yassen_2025_asundexian","asundexian","0","1","775.544793","ug/L","100","mg","2","0"
"8","Yassen_2025_asundexian","asundexian","0","2","1289.068454","ug/L","100","mg","2","0"
"8","Yassen_2025_asundexian","asundexian","0","4","591.534006","ug/L","100","mg","2","0"
"8","Yassen_2025_asundexian","asundexian","0","6","927.493956","ug/L","100","mg","2","0"
"8","Yassen_2025_asundexian","asundexian","0","8","1217.542176","ug/L","100","mg","2","0"
"8","Yassen_2025_asundexian","asundexian","0","12","565.870656","ug/L","100","mg","2","0"
"8","Yassen_2025_asundexian","asundexian","0","24","606.724654","ug/L","100","mg","2","0"
"8","Yassen_2025_asundexian","asundexian","0","36","356.208616","ug/L","100","mg","2","0"
"8","Yassen_2025_asundexian","asundexian","0","48","331.638529","ug/L","100","mg","2","0"
"8","Yassen_2025_asundexian","asundexian","0","60","110.530304","ug/L","100","mg","2","0"
"8","Yassen_2025_asundexian","asundexian","0","72","227.899095","ug/L","100","mg","2","0"
"8","Yassen_2025_asundexian","asundexian","0","91","109.198706","ug/L","100","mg","2","0"
"9","Yassen_2025_asundexian","asundexian","1","0",".","ug/L","100","mg","2","."
"9","Yassen_2025_asundexian","asundexian","0","0","0","ug/L","100","mg","2","0"
"9","Yassen_2025_asundexian","asundexian","0","0.25","24.49553","ug/L","100","mg","2","0"
"9","Yassen_2025_asundexian","asundexian","0","0.5","144.435198","ug/L","100","mg","2","0"
"9","Yassen_2025_asundexian","asundexian","0","1","544.033642","ug/L","100","mg","2","0"
"9","Yassen_2025_asundexian","asundexian","0","2","1523.98081","ug/L","100","mg","2","0"
"9","Yassen_2025_asundexian","asundexian","0","4","852.269036","ug/L","100","mg","2","0"
"9","Yassen_2025_asundexian","asundexian","0","6","1186.161754","ug/L","100","mg","2","0"
"9","Yassen_2025_asundexian","asundexian","0","8","973.399583","ug/L","100","mg","2","0"
"9","Yassen_2025_asundexian","asundexian","0","12","613.786386","ug/L","100","mg","2","0"
"9","Yassen_2025_asundexian","asundexian","0","24","896.000904","ug/L","100","mg","2","0"
"9","Yassen_2025_asundexian","asundexian","0","36","386.78188","ug/L","100","mg","2","0"
"9","Yassen_2025_asundexian","asundexian","0","48","237.061696","ug/L","100","mg","2","0"
"9","Yassen_2025_asundexian","asundexian","0","60","208.50882","ug/L","100","mg","2","0"
"9","Yassen_2025_asundexian","asundexian","0","72","214.216454","ug/L","100","mg","2","0"
"9","Yassen_2025_asundexian","asundexian","0","91","156.242563","ug/L","100","mg","2","0"
"10","Yassen_2025_asundexian","asundexian","1","0",".","ug/L","100","mg","2","."
"10","Yassen_2025_asundexian","asundexian","0","0","0","ug/L","100","mg","2","0"
"10","Yassen_2025_asundexian","asundexian","0","0.25","23.957549","ug/L","100","mg","2","0"
"10","Yassen_2025_asundexian","asundexian","0","0.5","132.715123","ug/L","100","mg","2","0"
"10","Yassen_2025_asundexian","asundexian","0","1","401.647987","ug/L","100","mg","2","0"
"10","Yassen_2025_asundexian","asundexian","0","2","1184.569318","ug/L","100","mg","2","0"
"10","Yassen_2025_asundexian","asundexian","0","4","936.835484","ug/L","100","mg","2","0"
"10","Yassen_2025_asundexian","asundexian","0","6","1164.735458","ug/L","100","mg","2","0"
"10","Yassen_2025_asundexian","asundexian","0","8","1093.74838","ug/L","100","mg","2","0"
"10","Yassen_2025_asundexian","asundexian","0","12","592.755601","ug/L","100","mg","2","0"
"10","Yassen_2025_asundexian","asundexian","0","24","140.480082","ug/L","100","mg","2","0"
"10","Yassen_2025_asundexian","asundexian","0","36","78.579416","ug/L","100","mg","2","0"
"10","Yassen_2025_asundexian","asundexian","0","48","11.01397","ug/L","100","mg","2","0"
"10","Yassen_2025_asundexian","asundexian","0","60","6.74725","ug/L","100","mg","2","0"
"10","Yassen_2025_asundexian","asundexian","0","72","2.441771","ug/L","100","mg","2","0"
"10","Yassen_2025_asundexian","asundexian","0","91","0.736455","ug/L","100","mg","2","0"
"1","Schoenmakers_2025_betamethasone","betamethasone","1","0",".","mg/L","11.4","mg","2","."
"1","Schoenmakers_2025_betamethasone","betamethasone","0","0","0","mg/L","11.4","mg","2","0"
"1","Schoenmakers_2025_betamethasone","betamethasone","0","0.25","0.089912","mg/L","11.4","mg","2","0"
"1","Schoenmakers_2025_betamethasone","betamethasone","0","0.5","0.138233","mg/L","11.4","mg","2","0"
"1","Schoenmakers_2025_betamethasone","betamethasone","0","1","0.076589","mg/L","11.4","mg","2","0"
"1","Schoenmakers_2025_betamethasone","betamethasone","0","2","0.039722","mg/L","11.4","mg","2","0"
"1","Schoenmakers_2025_betamethasone","betamethasone","0","4","0.062784","mg/L","11.4","mg","2","0"
"1","Schoenmakers_2025_betamethasone","betamethasone","0","6","0.035885","mg/L","11.4","mg","2","0"
"1","Schoenmakers_2025_betamethasone","betamethasone","0","8","0.036426","mg/L","11.4","mg","2","0"
"1","Schoenmakers_2025_betamethasone","betamethasone","0","12","0.034101","mg/L","11.4","mg","2","0"
"1","Schoenmakers_2025_betamethasone","betamethasone","0","24","0.0113","mg/L","11.4","mg","2","0"
"1","Schoenmakers_2025_betamethasone","betamethasone","0","36","0.004304","mg/L","11.4","mg","2","0"
"1","Schoenmakers_2025_betamethasone","betamethasone","0","38","0.00327","mg/L","11.4","mg","2","0"
"2","Schoenmakers_2025_betamethasone","betamethasone","1","0",".","mg/L","11.4","mg","2","."
"2","Schoenmakers_2025_betamethasone","betamethasone","0","0","0","mg/L","11.4","mg","2","0"
"2","Schoenmakers_2025_betamethasone","betamethasone","0","0.25","0.0933","mg/L","11.4","mg","2","0"
"2","Schoenmakers_2025_betamethasone","betamethasone","0","0.5","0.113731","mg/L","11.4","mg","2","0"
"2","Schoenmakers_2025_betamethasone","betamethasone","0","1","0.054065","mg/L","11.4","mg","2","0"
"2","Schoenmakers_2025_betamethasone","betamethasone","0","2","0.042398","mg/L","11.4","mg","2","0"
"2","Schoenmakers_2025_betamethasone","betamethasone","0","4","0.064076","mg/L","11.4","mg","2","0"
"2","Schoenmakers_2025_betamethasone","betamethasone","0","6","0.038677","mg/L","11.4","mg","2","0"
"2","Schoenmakers_2025_betamethasone","betamethasone","0","8","0.042059","mg/L","11.4","mg","2","0"
"2","Schoenmakers_2025_betamethasone","betamethasone","0","12","0.015728","mg/L","11.4","mg","2","0"
"2","Schoenmakers_2025_betamethasone","betamethasone","0","24","0.008783","mg/L","11.4","mg","2","0"
"2","Schoenmakers_2025_betamethasone","betamethasone","0","36","0.002225","mg/L","11.4","mg","2","0"
"2","Schoenmakers_2025_betamethasone","betamethasone","0","38","0.002514","mg/L","11.4","mg","2","0"
"3","Schoenmakers_2025_betamethasone","betamethasone","1","0",".","mg/L","11.4","mg","2","."
"3","Schoenmakers_2025_betamethasone","betamethasone","0","0","0","mg/L","11.4","mg","2","0"
"3","Schoenmakers_2025_betamethasone","betamethasone","0","0.25","0.057032","mg/L","11.4","mg","2","0"
"3","Schoenmakers_2025_betamethasone","betamethasone","0","0.5","0.12112","mg/L","11.4","mg","2","0"
"3","Schoenmakers_2025_betamethasone","betamethasone","0","1","0.08577","mg/L","11.4","mg","2","0"
"3","Schoenmakers_2025_betamethasone","betamethasone","0","2","0.04621","mg/L","11.4","mg","2","0"
"3","Schoenmakers_2025_betamethasone","betamethasone","0","4","0.071397","mg/L","11.4","mg","2","0"
"3","Schoenmakers_2025_betamethasone","betamethasone","0","6","0.049773","mg/L","11.4","mg","2","0"
"3","Schoenmakers_2025_betamethasone","betamethasone","0","8","0.040269","mg/L","11.4","mg","2","0"
"3","Schoenmakers_2025_betamethasone","betamethasone","0","12","0.032967","mg/L","11.4","mg","2","0"
"3","Schoenmakers_2025_betamethasone","betamethasone","0","24","0.011573","mg/L","11.4","mg","2","0"
"3","Schoenmakers_2025_betamethasone","betamethasone","0","36","0.003899","mg/L","11.4","mg","2","0"
"3","Schoenmakers_2025_betamethasone","betamethasone","0","38","0.004797","mg/L","11.4","mg","2","0"
"4","Schoenmakers_2025_betamethasone","betamethasone","1","0",".","mg/L","11.4","mg","2","."
"4","Schoenmakers_2025_betamethasone","betamethasone","0","0","0","mg/L","11.4","mg","2","0"
"4","Schoenmakers_2025_betamethasone","betamethasone","0","0.25","0.140014","mg/L","11.4","mg","2","0"
"4","Schoenmakers_2025_betamethasone","betamethasone","0","0.5","0.126074","mg/L","11.4","mg","2","0"
"4","Schoenmakers_2025_betamethasone","betamethasone","0","1","0.061243","mg/L","11.4","mg","2","0"
"4","Schoenmakers_2025_betamethasone","betamethasone","0","2","0.057584","mg/L","11.4","mg","2","0"
"4","Schoenmakers_2025_betamethasone","betamethasone","0","4","0.047509","mg/L","11.4","mg","2","0"
"4","Schoenmakers_2025_betamethasone","betamethasone","0","6","0.050297","mg/L","11.4","mg","2","0"
"4","Schoenmakers_2025_betamethasone","betamethasone","0","8","0.043575","mg/L","11.4","mg","2","0"
"4","Schoenmakers_2025_betamethasone","betamethasone","0","12","0.025695","mg/L","11.4","mg","2","0"
"4","Schoenmakers_2025_betamethasone","betamethasone","0","24","0.005403","mg/L","11.4","mg","2","0"
"4","Schoenmakers_2025_betamethasone","betamethasone","0","36","0.001814","mg/L","11.4","mg","2","0"
"4","Schoenmakers_2025_betamethasone","betamethasone","0","38","0.001052","mg/L","11.4","mg","2","0"
"5","Schoenmakers_2025_betamethasone","betamethasone","1","0",".","mg/L","11.4","mg","2","."
"5","Schoenmakers_2025_betamethasone","betamethasone","0","0","0","mg/L","11.4","mg","2","0"
"5","Schoenmakers_2025_betamethasone","betamethasone","0","0.25","0.046476","mg/L","11.4","mg","2","0"
"5","Schoenmakers_2025_betamethasone","betamethasone","0","0.5","0.04955","mg/L","11.4","mg","2","0"
"5","Schoenmakers_2025_betamethasone","betamethasone","0","1","0.054615","mg/L","11.4","mg","2","0"
"5","Schoenmakers_2025_betamethasone","betamethasone","0","2","0.042336","mg/L","11.4","mg","2","0"
"5","Schoenmakers_2025_betamethasone","betamethasone","0","4","0.050149","mg/L","11.4","mg","2","0"
"5","Schoenmakers_2025_betamethasone","betamethasone","0","6","0.035094","mg/L","11.4","mg","2","0"
"5","Schoenmakers_2025_betamethasone","betamethasone","0","8","0.029456","mg/L","11.4","mg","2","0"
"5","Schoenmakers_2025_betamethasone","betamethasone","0","12","0.02759","mg/L","11.4","mg","2","0"
"5","Schoenmakers_2025_betamethasone","betamethasone","0","24","0.009455","mg/L","11.4","mg","2","0"
"5","Schoenmakers_2025_betamethasone","betamethasone","0","36","0.003238","mg/L","11.4","mg","2","0"
"5","Schoenmakers_2025_betamethasone","betamethasone","0","38","0.003628","mg/L","11.4","mg","2","0"
"6","Schoenmakers_2025_betamethasone","betamethasone","1","0",".","mg/L","11.4","mg","2","."
"6","Schoenmakers_2025_betamethasone","betamethasone","0","0","0","mg/L","11.4","mg","2","0"
"6","Schoenmakers_2025_betamethasone","betamethasone","0","0.25","0.038159","mg/L","11.4","mg","2","0"
"6","Schoenmakers_2025_betamethasone","betamethasone","0","0.5","0.097681","mg/L","11.4","mg","2","0"
"6","Schoenmakers_2025_betamethasone","betamethasone","0","1","0.065855","mg/L","11.4","mg","2","0"
"6","Schoenmakers_2025_betamethasone","betamethasone","0","2","0.06204","mg/L","11.4","mg","2","0"
"6","Schoenmakers_2025_betamethasone","betamethasone","0","4","0.048822","mg/L","11.4","mg","2","0"
"6","Schoenmakers_2025_betamethasone","betamethasone","0","6","0.047064","mg/L","11.4","mg","2","0"
"6","Schoenmakers_2025_betamethasone","betamethasone","0","8","0.023276","mg/L","11.4","mg","2","0"
"6","Schoenmakers_2025_betamethasone","betamethasone","0","12","0.01869","mg/L","11.4","mg","2","0"
"6","Schoenmakers_2025_betamethasone","betamethasone","0","24","0.006332","mg/L","11.4","mg","2","0"
"6","Schoenmakers_2025_betamethasone","betamethasone","0","36","0.001944","mg/L","11.4","mg","2","0"
"6","Schoenmakers_2025_betamethasone","betamethasone","0","38","0.001136","mg/L","11.4","mg","2","0"
"7","Schoenmakers_2025_betamethasone","betamethasone","1","0",".","mg/L","11.4","mg","2","."
"7","Schoenmakers_2025_betamethasone","betamethasone","0","0","0","mg/L","11.4","mg","2","0"
"7","Schoenmakers_2025_betamethasone","betamethasone","0","0.25","0.063561","mg/L","11.4","mg","2","0"
"7","Schoenmakers_2025_betamethasone","betamethasone","0","0.5","0.071408","mg/L","11.4","mg","2","0"
"7","Schoenmakers_2025_betamethasone","betamethasone","0","1","0.063542","mg/L","11.4","mg","2","0"
"7","Schoenmakers_2025_betamethasone","betamethasone","0","2","0.053328","mg/L","11.4","mg","2","0"
"7","Schoenmakers_2025_betamethasone","betamethasone","0","4","0.038764","mg/L","11.4","mg","2","0"
"7","Schoenmakers_2025_betamethasone","betamethasone","0","6","0.035229","mg/L","11.4","mg","2","0"
"7","Schoenmakers_2025_betamethasone","betamethasone","0","8","0.029378","mg/L","11.4","mg","2","0"
"7","Schoenmakers_2025_betamethasone","betamethasone","0","12","0.017296","mg/L","11.4","mg","2","0"
"7","Schoenmakers_2025_betamethasone","betamethasone","0","24","0.004424","mg/L","11.4","mg","2","0"
"7","Schoenmakers_2025_betamethasone","betamethasone","0","36","0.000899","mg/L","11.4","mg","2","0"
"7","Schoenmakers_2025_betamethasone","betamethasone","0","38","0.000958","mg/L","11.4","mg","2","0"
"8","Schoenmakers_2025_betamethasone","betamethasone","1","0",".","mg/L","11.4","mg","2","."
"8","Schoenmakers_2025_betamethasone","betamethasone","0","0","0","mg/L","11.4","mg","2","0"
"8","Schoenmakers_2025_betamethasone","betamethasone","0","0.25","0.104723","mg/L","11.4","mg","2","0"
"8","Schoenmakers_2025_betamethasone","betamethasone","0","0.5","0.095245","mg/L","11.4","mg","2","0"
"8","Schoenmakers_2025_betamethasone","betamethasone","0","1","0.113353","mg/L","11.4","mg","2","0"
"8","Schoenmakers_2025_betamethasone","betamethasone","0","2","0.064393","mg/L","11.4","mg","2","0"
"8","Schoenmakers_2025_betamethasone","betamethasone","0","4","0.037093","mg/L","11.4","mg","2","0"
"8","Schoenmakers_2025_betamethasone","betamethasone","0","6","0.037049","mg/L","11.4","mg","2","0"
"8","Schoenmakers_2025_betamethasone","betamethasone","0","8","0.025173","mg/L","11.4","mg","2","0"
"8","Schoenmakers_2025_betamethasone","betamethasone","0","12","0.014396","mg/L","11.4","mg","2","0"
"8","Schoenmakers_2025_betamethasone","betamethasone","0","24","0.001397","mg/L","11.4","mg","2","0"
"8","Schoenmakers_2025_betamethasone","betamethasone","0","36","0.00028","mg/L","11.4","mg","2","0"
"8","Schoenmakers_2025_betamethasone","betamethasone","0","38","0.000196","mg/L","11.4","mg","2","0"
"9","Schoenmakers_2025_betamethasone","betamethasone","1","0",".","mg/L","11.4","mg","2","."
"9","Schoenmakers_2025_betamethasone","betamethasone","0","0","0","mg/L","11.4","mg","2","0"
"9","Schoenmakers_2025_betamethasone","betamethasone","0","0.25","0.026469","mg/L","11.4","mg","2","0"
"9","Schoenmakers_2025_betamethasone","betamethasone","0","0.5","0.065569","mg/L","11.4","mg","2","0"
"9","Schoenmakers_2025_betamethasone","betamethasone","0","1","0.070985","mg/L","11.4","mg","2","0"
"9","Schoenmakers_2025_betamethasone","betamethasone","0","2","0.028163","mg/L","11.4","mg","2","0"
"9","Schoenmakers_2025_betamethasone","betamethasone","0","4","0.028125","mg/L","11.4","mg","2","0"
"9","Schoenmakers_2025_betamethasone","betamethasone","0","6","0.02359","mg/L","11.4","mg","2","0"
"9","Schoenmakers_2025_betamethasone","betamethasone","0","8","0.041246","mg/L","11.4","mg","2","0"
"9","Schoenmakers_2025_betamethasone","betamethasone","0","12","0.019699","mg/L","11.4","mg","2","0"
"9","Schoenmakers_2025_betamethasone","betamethasone","0","24","0.009185","mg/L","11.4","mg","2","0"
"9","Schoenmakers_2025_betamethasone","betamethasone","0","36","0.001859","mg/L","11.4","mg","2","0"
"9","Schoenmakers_2025_betamethasone","betamethasone","0","38","0.00408","mg/L","11.4","mg","2","0"
"10","Schoenmakers_2025_betamethasone","betamethasone","1","0",".","mg/L","11.4","mg","2","."
"10","Schoenmakers_2025_betamethasone","betamethasone","0","0","0","mg/L","11.4","mg","2","0"
"10","Schoenmakers_2025_betamethasone","betamethasone","0","0.25","0.083227","mg/L","11.4","mg","2","0"
"10","Schoenmakers_2025_betamethasone","betamethasone","0","0.5","0.141998","mg/L","11.4","mg","2","0"
"10","Schoenmakers_2025_betamethasone","betamethasone","0","1","0.082454","mg/L","11.4","mg","2","0"
"10","Schoenmakers_2025_betamethasone","betamethasone","0","2","0.039917","mg/L","11.4","mg","2","0"
"10","Schoenmakers_2025_betamethasone","betamethasone","0","4","0.032402","mg/L","11.4","mg","2","0"
"10","Schoenmakers_2025_betamethasone","betamethasone","0","6","0.026627","mg/L","11.4","mg","2","0"
"10","Schoenmakers_2025_betamethasone","betamethasone","0","8","0.023641","mg/L","11.4","mg","2","0"
"10","Schoenmakers_2025_betamethasone","betamethasone","0","12","0.025852","mg/L","11.4","mg","2","0"
"10","Schoenmakers_2025_betamethasone","betamethasone","0","24","0.005624","mg/L","11.4","mg","2","0"
"10","Schoenmakers_2025_betamethasone","betamethasone","0","36","0.001109","mg/L","11.4","mg","2","0"
"10","Schoenmakers_2025_betamethasone","betamethasone","0","38","0.000928","mg/L","11.4","mg","2","0"
"1","Papachristos_2020_bevacizumab_pk","bevacizumab_pk","1","0",".","mg/L","525","mg","1","."
"1","Papachristos_2020_bevacizumab_pk","bevacizumab_pk","0","0","300.169531","mg/L","525","mg","1","0"
"1","Papachristos_2020_bevacizumab_pk","bevacizumab_pk","0","4","337.207036","mg/L","525","mg","1","0"
"1","Papachristos_2020_bevacizumab_pk","bevacizumab_pk","0","24","103.080494","mg/L","525","mg","1","0"
"1","Papachristos_2020_bevacizumab_pk","bevacizumab_pk","0","72","194.931431","mg/L","525","mg","1","0"
"1","Papachristos_2020_bevacizumab_pk","bevacizumab_pk","0","168","88.701283","mg/L","525","mg","1","0"
"1","Papachristos_2020_bevacizumab_pk","bevacizumab_pk","0","336","34.532094","mg/L","525","mg","1","0"
"1","Papachristos_2020_bevacizumab_pk","bevacizumab_pk","0","504","51.218436","mg/L","525","mg","1","0"
"1","Papachristos_2020_bevacizumab_pk","bevacizumab_pk","0","672","18.759148","mg/L","525","mg","1","0"
"1","Papachristos_2020_bevacizumab_pk","bevacizumab_pk","0","840","19.19253","mg/L","525","mg","1","0"
"1","Papachristos_2020_bevacizumab_pk","bevacizumab_pk","0","1008","5.363256","mg/L","525","mg","1","0"
"1","Papachristos_2020_bevacizumab_pk","bevacizumab_pk","0","1176","13.201104","mg/L","525","mg","1","0"
"1","Papachristos_2020_bevacizumab_pk","bevacizumab_pk","0","1512","4.434354","mg/L","525","mg","1","0"
"1","Papachristos_2020_bevacizumab_pk","bevacizumab_pk","0","2016","1.341359","mg/L","525","mg","1","0"
"1","Papachristos_2020_bevacizumab_pk","bevacizumab_pk","0","2520","0.466111","mg/L","525","mg","1","0"
"2","Papachristos_2020_bevacizumab_pk","bevacizumab_pk","1","0",".","mg/L","525","mg","1","."
"2","Papachristos_2020_bevacizumab_pk","bevacizumab_pk","0","0","297.098039","mg/L","525","mg","1","0"
"2","Papachristos_2020_bevacizumab_pk","bevacizumab_pk","0","4","140.311095","mg/L","525","mg","1","0"
"2","Papachristos_2020_bevacizumab_pk","bevacizumab_pk","0","24","176.238216","mg/L","525","mg","1","0"
"2","Papachristos_2020_bevacizumab_pk","bevacizumab_pk","0","72","96.202853","mg/L","525","mg","1","0"
"2","Papachristos_2020_bevacizumab_pk","bevacizumab_pk","0","168","74.363442","mg/L","525","mg","1","0"
"2","Papachristos_2020_bevacizumab_pk","bevacizumab_pk","0","336","73.1315","mg/L","525","mg","1","0"
"2","Papachristos_2020_bevacizumab_pk","bevacizumab_pk","0","504","36.139746","mg/L","525","mg","1","0"
"2","Papachristos_2020_bevacizumab_pk","bevacizumab_pk","0","672","27.566349","mg/L","525","mg","1","0"
"2","Papachristos_2020_bevacizumab_pk","bevacizumab_pk","0","840","19.875599","mg/L","525","mg","1","0"
"2","Papachristos_2020_bevacizumab_pk","bevacizumab_pk","0","1008","13.569951","mg/L","525","mg","1","0"
"2","Papachristos_2020_bevacizumab_pk","bevacizumab_pk","0","1176","0.682497","mg/L","525","mg","1","0"
"2","Papachristos_2020_bevacizumab_pk","bevacizumab_pk","0","1512","2.744918","mg/L","525","mg","1","0"
"2","Papachristos_2020_bevacizumab_pk","bevacizumab_pk","0","2016","0.935804","mg/L","525","mg","1","0"
"2","Papachristos_2020_bevacizumab_pk","bevacizumab_pk","0","2520","0.454945","mg/L","525","mg","1","0"
"3","Papachristos_2020_bevacizumab_pk","bevacizumab_pk","1","0",".","mg/L","525","mg","1","."
"3","Papachristos_2020_bevacizumab_pk","bevacizumab_pk","0","0","191.031294","mg/L","525","mg","1","0"
"3","Papachristos_2020_bevacizumab_pk","bevacizumab_pk","0","4","185.742164","mg/L","525","mg","1","0"
"3","Papachristos_2020_bevacizumab_pk","bevacizumab_pk","0","24","125.763405","mg/L","525","mg","1","0"
"3","Papachristos_2020_bevacizumab_pk","bevacizumab_pk","0","72","105.43609","mg/L","525","mg","1","0"
"3","Papachristos_2020_bevacizumab_pk","bevacizumab_pk","0","168","168.615353","mg/L","525","mg","1","0"
"3","Papachristos_2020_bevacizumab_pk","bevacizumab_pk","0","336","107.02172","mg/L","525","mg","1","0"
"3","Papachristos_2020_bevacizumab_pk","bevacizumab_pk","0","504","70.366056","mg/L","525","mg","1","0"
"3","Papachristos_2020_bevacizumab_pk","bevacizumab_pk","0","672","43.679069","mg/L","525","mg","1","0"
"3","Papachristos_2020_bevacizumab_pk","bevacizumab_pk","0","840","29.228066","mg/L","525","mg","1","0"
"3","Papachristos_2020_bevacizumab_pk","bevacizumab_pk","0","1008","24.090269","mg/L","525","mg","1","0"
"3","Papachristos_2020_bevacizumab_pk","bevacizumab_pk","0","1176","15.432671","mg/L","525","mg","1","0"
"3","Papachristos_2020_bevacizumab_pk","bevacizumab_pk","0","1512","13.237663","mg/L","525","mg","1","0"
"3","Papachristos_2020_bevacizumab_pk","bevacizumab_pk","0","2016","4.667891","mg/L","525","mg","1","0"
"3","Papachristos_2020_bevacizumab_pk","bevacizumab_pk","0","2520","1.789856","mg/L","525","mg","1","0"
"4","Papachristos_2020_bevacizumab_pk","bevacizumab_pk","1","0",".","mg/L","525","mg","1","."
"4","Papachristos_2020_bevacizumab_pk","bevacizumab_pk","0","0","193.511844","mg/L","525","mg","1","0"
"4","Papachristos_2020_bevacizumab_pk","bevacizumab_pk","0","4","197.654879","mg/L","525","mg","1","0"
"4","Papachristos_2020_bevacizumab_pk","bevacizumab_pk","0","24","121.355166","mg/L","525","mg","1","0"
"4","Papachristos_2020_bevacizumab_pk","bevacizumab_pk","0","72","94.030629","mg/L","525","mg","1","0"
"4","Papachristos_2020_bevacizumab_pk","bevacizumab_pk","0","168","69.158394","mg/L","525","mg","1","0"
"4","Papachristos_2020_bevacizumab_pk","bevacizumab_pk","0","336","31.468375","mg/L","525","mg","1","0"
"4","Papachristos_2020_bevacizumab_pk","bevacizumab_pk","0","504","32.512473","mg/L","525","mg","1","0"
"4","Papachristos_2020_bevacizumab_pk","bevacizumab_pk","0","672","32.668748","mg/L","525","mg","1","0"
"4","Papachristos_2020_bevacizumab_pk","bevacizumab_pk","0","840","30.021851","mg/L","525","mg","1","0"
"4","Papachristos_2020_bevacizumab_pk","bevacizumab_pk","0","1008","35.184637","mg/L","525","mg","1","0"
"4","Papachristos_2020_bevacizumab_pk","bevacizumab_pk","0","1176","8.069519","mg/L","525","mg","1","0"
"4","Papachristos_2020_bevacizumab_pk","bevacizumab_pk","0","1512","14.789965","mg/L","525","mg","1","0"
"4","Papachristos_2020_bevacizumab_pk","bevacizumab_pk","0","2016","11.078665","mg/L","525","mg","1","0"
"4","Papachristos_2020_bevacizumab_pk","bevacizumab_pk","0","2520","5.688714","mg/L","525","mg","1","0"
"5","Papachristos_2020_bevacizumab_pk","bevacizumab_pk","1","0",".","mg/L","525","mg","1","."
"5","Papachristos_2020_bevacizumab_pk","bevacizumab_pk","0","0","139.003672","mg/L","525","mg","1","0"
"5","Papachristos_2020_bevacizumab_pk","bevacizumab_pk","0","4","150.57724","mg/L","525","mg","1","0"
"5","Papachristos_2020_bevacizumab_pk","bevacizumab_pk","0","24","107.086094","mg/L","525","mg","1","0"
"5","Papachristos_2020_bevacizumab_pk","bevacizumab_pk","0","72","108.99924","mg/L","525","mg","1","0"
"5","Papachristos_2020_bevacizumab_pk","bevacizumab_pk","0","168","48.085678","mg/L","525","mg","1","0"
"5","Papachristos_2020_bevacizumab_pk","bevacizumab_pk","0","336","35.346488","mg/L","525","mg","1","0"
"5","Papachristos_2020_bevacizumab_pk","bevacizumab_pk","0","504","33.857462","mg/L","525","mg","1","0"
"5","Papachristos_2020_bevacizumab_pk","bevacizumab_pk","0","672","30.508964","mg/L","525","mg","1","0"
"5","Papachristos_2020_bevacizumab_pk","bevacizumab_pk","0","840","13.502833","mg/L","525","mg","1","0"
"5","Papachristos_2020_bevacizumab_pk","bevacizumab_pk","0","1008","16.9164","mg/L","525","mg","1","0"
"5","Papachristos_2020_bevacizumab_pk","bevacizumab_pk","0","1176","8.117419","mg/L","525","mg","1","0"
"5","Papachristos_2020_bevacizumab_pk","bevacizumab_pk","0","1512","5.343852","mg/L","525","mg","1","0"
"5","Papachristos_2020_bevacizumab_pk","bevacizumab_pk","0","2016","3.430317","mg/L","525","mg","1","0"
"5","Papachristos_2020_bevacizumab_pk","bevacizumab_pk","0","2520","1.794371","mg/L","525","mg","1","0"
"6","Papachristos_2020_bevacizumab_pk","bevacizumab_pk","1","0",".","mg/L","525","mg","1","."
"6","Papachristos_2020_bevacizumab_pk","bevacizumab_pk","0","0","190.34139","mg/L","525","mg","1","0"
"6","Papachristos_2020_bevacizumab_pk","bevacizumab_pk","0","4","170.39727","mg/L","525","mg","1","0"
"6","Papachristos_2020_bevacizumab_pk","bevacizumab_pk","0","24","152.839793","mg/L","525","mg","1","0"
"6","Papachristos_2020_bevacizumab_pk","bevacizumab_pk","0","72","138.172546","mg/L","525","mg","1","0"
"6","Papachristos_2020_bevacizumab_pk","bevacizumab_pk","0","168","66.954579","mg/L","525","mg","1","0"
"6","Papachristos_2020_bevacizumab_pk","bevacizumab_pk","0","336","50.615458","mg/L","525","mg","1","0"
"6","Papachristos_2020_bevacizumab_pk","bevacizumab_pk","0","504","31.68612","mg/L","525","mg","1","0"
"6","Papachristos_2020_bevacizumab_pk","bevacizumab_pk","0","672","21.922798","mg/L","525","mg","1","0"
"6","Papachristos_2020_bevacizumab_pk","bevacizumab_pk","0","840","22.00828","mg/L","525","mg","1","0"
"6","Papachristos_2020_bevacizumab_pk","bevacizumab_pk","0","1008","21.407789","mg/L","525","mg","1","0"
"6","Papachristos_2020_bevacizumab_pk","bevacizumab_pk","0","1176","21.954368","mg/L","525","mg","1","0"
"6","Papachristos_2020_bevacizumab_pk","bevacizumab_pk","0","1512","13.212713","mg/L","525","mg","1","0"
"6","Papachristos_2020_bevacizumab_pk","bevacizumab_pk","0","2016","7.870434","mg/L","525","mg","1","0"
"6","Papachristos_2020_bevacizumab_pk","bevacizumab_pk","0","2520","4.233852","mg/L","525","mg","1","0"
"7","Papachristos_2020_bevacizumab_pk","bevacizumab_pk","1","0",".","mg/L","525","mg","1","."
"7","Papachristos_2020_bevacizumab_pk","bevacizumab_pk","0","0","177.665882","mg/L","525","mg","1","0"
"7","Papachristos_2020_bevacizumab_pk","bevacizumab_pk","0","4","120.77426","mg/L","525","mg","1","0"
"7","Papachristos_2020_bevacizumab_pk","bevacizumab_pk","0","24","96.609245","mg/L","525","mg","1","0"
"7","Papachristos_2020_bevacizumab_pk","bevacizumab_pk","0","72","88.06205","mg/L","525","mg","1","0"
"7","Papachristos_2020_bevacizumab_pk","bevacizumab_pk","0","168","42.233069","mg/L","525","mg","1","0"
"7","Papachristos_2020_bevacizumab_pk","bevacizumab_pk","0","336","2.798904","mg/L","525","mg","1","0"
"7","Papachristos_2020_bevacizumab_pk","bevacizumab_pk","0","504","26.187784","mg/L","525","mg","1","0"
"7","Papachristos_2020_bevacizumab_pk","bevacizumab_pk","0","672","21.345844","mg/L","525","mg","1","0"
"7","Papachristos_2020_bevacizumab_pk","bevacizumab_pk","0","840","12.645874","mg/L","525","mg","1","0"
"7","Papachristos_2020_bevacizumab_pk","bevacizumab_pk","0","1008","10.454005","mg/L","525","mg","1","0"
"7","Papachristos_2020_bevacizumab_pk","bevacizumab_pk","0","1176","7.000777","mg/L","525","mg","1","0"
"7","Papachristos_2020_bevacizumab_pk","bevacizumab_pk","0","1512","4.434013","mg/L","525","mg","1","0"
"7","Papachristos_2020_bevacizumab_pk","bevacizumab_pk","0","2016","1.928048","mg/L","525","mg","1","0"
"7","Papachristos_2020_bevacizumab_pk","bevacizumab_pk","0","2520","0.954322","mg/L","525","mg","1","0"
"8","Papachristos_2020_bevacizumab_pk","bevacizumab_pk","1","0",".","mg/L","525","mg","1","."
"8","Papachristos_2020_bevacizumab_pk","bevacizumab_pk","0","0","173.438605","mg/L","525","mg","1","0"
"8","Papachristos_2020_bevacizumab_pk","bevacizumab_pk","0","4","118.629473","mg/L","525","mg","1","0"
"8","Papachristos_2020_bevacizumab_pk","bevacizumab_pk","0","24","126.32518","mg/L","525","mg","1","0"
"8","Papachristos_2020_bevacizumab_pk","bevacizumab_pk","0","72","84.299652","mg/L","525","mg","1","0"
"8","Papachristos_2020_bevacizumab_pk","bevacizumab_pk","0","168","59.982501","mg/L","525","mg","1","0"
"8","Papachristos_2020_bevacizumab_pk","bevacizumab_pk","0","336","54.629311","mg/L","525","mg","1","0"
"8","Papachristos_2020_bevacizumab_pk","bevacizumab_pk","0","504","40.117866","mg/L","525","mg","1","0"
"8","Papachristos_2020_bevacizumab_pk","bevacizumab_pk","0","672","27.808764","mg/L","525","mg","1","0"
"8","Papachristos_2020_bevacizumab_pk","bevacizumab_pk","0","840","20.323951","mg/L","525","mg","1","0"
"8","Papachristos_2020_bevacizumab_pk","bevacizumab_pk","0","1008","19.056328","mg/L","525","mg","1","0"
"8","Papachristos_2020_bevacizumab_pk","bevacizumab_pk","0","1176","13.116162","mg/L","525","mg","1","0"
"8","Papachristos_2020_bevacizumab_pk","bevacizumab_pk","0","1512","13.799274","mg/L","525","mg","1","0"
"8","Papachristos_2020_bevacizumab_pk","bevacizumab_pk","0","2016","10.037369","mg/L","525","mg","1","0"
"8","Papachristos_2020_bevacizumab_pk","bevacizumab_pk","0","2520","9.377718","mg/L","525","mg","1","0"
"9","Papachristos_2020_bevacizumab_pk","bevacizumab_pk","1","0",".","mg/L","525","mg","1","."
"9","Papachristos_2020_bevacizumab_pk","bevacizumab_pk","0","0","153.361101","mg/L","525","mg","1","0"
"9","Papachristos_2020_bevacizumab_pk","bevacizumab_pk","0","4","202.409538","mg/L","525","mg","1","0"
"9","Papachristos_2020_bevacizumab_pk","bevacizumab_pk","0","24","167.908198","mg/L","525","mg","1","0"
"9","Papachristos_2020_bevacizumab_pk","bevacizumab_pk","0","72","132.810773","mg/L","525","mg","1","0"
"9","Papachristos_2020_bevacizumab_pk","bevacizumab_pk","0","168","95.134558","mg/L","525","mg","1","0"
"9","Papachristos_2020_bevacizumab_pk","bevacizumab_pk","0","336","58.931253","mg/L","525","mg","1","0"
"9","Papachristos_2020_bevacizumab_pk","bevacizumab_pk","0","504","28.838406","mg/L","525","mg","1","0"
"9","Papachristos_2020_bevacizumab_pk","bevacizumab_pk","0","672","22.609239","mg/L","525","mg","1","0"
"9","Papachristos_2020_bevacizumab_pk","bevacizumab_pk","0","840","10.093418","mg/L","525","mg","1","0"
"9","Papachristos_2020_bevacizumab_pk","bevacizumab_pk","0","1008","10.045326","mg/L","525","mg","1","0"
"9","Papachristos_2020_bevacizumab_pk","bevacizumab_pk","0","1176","5.858127","mg/L","525","mg","1","0"
"9","Papachristos_2020_bevacizumab_pk","bevacizumab_pk","0","1512","1.780706","mg/L","525","mg","1","0"
"9","Papachristos_2020_bevacizumab_pk","bevacizumab_pk","0","2016","0.340881","mg/L","525","mg","1","0"
"9","Papachristos_2020_bevacizumab_pk","bevacizumab_pk","0","2520","0.109016","mg/L","525","mg","1","0"
"10","Papachristos_2020_bevacizumab_pk","bevacizumab_pk","1","0",".","mg/L","525","mg","1","."
"10","Papachristos_2020_bevacizumab_pk","bevacizumab_pk","0","0","302.366968","mg/L","525","mg","1","0"
"10","Papachristos_2020_bevacizumab_pk","bevacizumab_pk","0","4","286.201238","mg/L","525","mg","1","0"
"10","Papachristos_2020_bevacizumab_pk","bevacizumab_pk","0","24","228.785883","mg/L","525","mg","1","0"
"10","Papachristos_2020_bevacizumab_pk","bevacizumab_pk","0","72","89.980703","mg/L","525","mg","1","0"
"10","Papachristos_2020_bevacizumab_pk","bevacizumab_pk","0","168","48.294151","mg/L","525","mg","1","0"
"10","Papachristos_2020_bevacizumab_pk","bevacizumab_pk","0","336","19.23155","mg/L","525","mg","1","0"
"10","Papachristos_2020_bevacizumab_pk","bevacizumab_pk","0","504","21.411264","mg/L","525","mg","1","0"
"10","Papachristos_2020_bevacizumab_pk","bevacizumab_pk","0","672","25.353622","mg/L","525","mg","1","0"
"10","Papachristos_2020_bevacizumab_pk","bevacizumab_pk","0","840","12.828583","mg/L","525","mg","1","0"
"10","Papachristos_2020_bevacizumab_pk","bevacizumab_pk","0","1008","17.553439","mg/L","525","mg","1","0"
"10","Papachristos_2020_bevacizumab_pk","bevacizumab_pk","0","1176","12.149984","mg/L","525","mg","1","0"
"10","Papachristos_2020_bevacizumab_pk","bevacizumab_pk","0","1512","13.373147","mg/L","525","mg","1","0"
"10","Papachristos_2020_bevacizumab_pk","bevacizumab_pk","0","2016","8.274094","mg/L","525","mg","1","0"
"10","Papachristos_2020_bevacizumab_pk","bevacizumab_pk","0","2520","11.746683","mg/L","525","mg","1","0"
"1","Li_2017_cediranib","cediranib","1","0",".","ng/mL","90","mg","2","."
"1","Li_2017_cediranib","cediranib","0","0","0","ng/mL","90","mg","2","0"
"1","Li_2017_cediranib","cediranib","0","0.25","521.110492","ng/mL","90","mg","2","0"
"1","Li_2017_cediranib","cediranib","0","0.5","673.877191","ng/mL","90","mg","2","0"
"1","Li_2017_cediranib","cediranib","0","1","345.477445","ng/mL","90","mg","2","0"
"1","Li_2017_cediranib","cediranib","0","2","727.369672","ng/mL","90","mg","2","0"
"1","Li_2017_cediranib","cediranib","0","4","334.812418","ng/mL","90","mg","2","0"
"1","Li_2017_cediranib","cediranib","0","6","290.180531","ng/mL","90","mg","2","0"
"1","Li_2017_cediranib","cediranib","0","8","119.88481","ng/mL","90","mg","2","0"
"1","Li_2017_cediranib","cediranib","0","12","163.798404","ng/mL","90","mg","2","0"
"1","Li_2017_cediranib","cediranib","0","24","60.880077","ng/mL","90","mg","2","0"
"1","Li_2017_cediranib","cediranib","0","36","80.442153","ng/mL","90","mg","2","0"
"1","Li_2017_cediranib","cediranib","0","48","45.062947","ng/mL","90","mg","2","0"
"1","Li_2017_cediranib","cediranib","0","60","23.742377","ng/mL","90","mg","2","0"
"1","Li_2017_cediranib","cediranib","0","72","45.257452","ng/mL","90","mg","2","0"
"1","Li_2017_cediranib","cediranib","0","111","16.400013","ng/mL","90","mg","2","0"
"2","Li_2017_cediranib","cediranib","1","0",".","ng/mL","90","mg","2","."
"2","Li_2017_cediranib","cediranib","0","0","0","ng/mL","90","mg","2","0"
"2","Li_2017_cediranib","cediranib","0","0.25","7.726067","ng/mL","90","mg","2","0"
"2","Li_2017_cediranib","cediranib","0","0.5","21.326319","ng/mL","90","mg","2","0"
"2","Li_2017_cediranib","cediranib","0","1","33.577241","ng/mL","90","mg","2","0"
"2","Li_2017_cediranib","cediranib","0","2","85.709081","ng/mL","90","mg","2","0"
"2","Li_2017_cediranib","cediranib","0","4","88.64489","ng/mL","90","mg","2","0"
"2","Li_2017_cediranib","cediranib","0","6","79.720369","ng/mL","90","mg","2","0"
"2","Li_2017_cediranib","cediranib","0","8","62.306451","ng/mL","90","mg","2","0"
"2","Li_2017_cediranib","cediranib","0","12","58.753755","ng/mL","90","mg","2","0"
"2","Li_2017_cediranib","cediranib","0","24","26.717445","ng/mL","90","mg","2","0"
"2","Li_2017_cediranib","cediranib","0","36","13.925874","ng/mL","90","mg","2","0"
"2","Li_2017_cediranib","cediranib","0","48","12.762044","ng/mL","90","mg","2","0"
"2","Li_2017_cediranib","cediranib","0","60","6.073606","ng/mL","90","mg","2","0"
"2","Li_2017_cediranib","cediranib","0","72","3.489158","ng/mL","90","mg","2","0"
"2","Li_2017_cediranib","cediranib","0","111","1.696463","ng/mL","90","mg","2","0"
"3","Li_2017_cediranib","cediranib","1","0",".","ng/mL","90","mg","2","."
"3","Li_2017_cediranib","cediranib","0","0","0","ng/mL","90","mg","2","0"
"3","Li_2017_cediranib","cediranib","0","0.25","53.14143","ng/mL","90","mg","2","0"
"3","Li_2017_cediranib","cediranib","0","0.5","24.012624","ng/mL","90","mg","2","0"
"3","Li_2017_cediranib","cediranib","0","1","134.150708","ng/mL","90","mg","2","0"
"3","Li_2017_cediranib","cediranib","0","2","155.230161","ng/mL","90","mg","2","0"
"3","Li_2017_cediranib","cediranib","0","4","125.282646","ng/mL","90","mg","2","0"
"3","Li_2017_cediranib","cediranib","0","6","104.920006","ng/mL","90","mg","2","0"
"3","Li_2017_cediranib","cediranib","0","8","141.335637","ng/mL","90","mg","2","0"
"3","Li_2017_cediranib","cediranib","0","12","47.142911","ng/mL","90","mg","2","0"
"3","Li_2017_cediranib","cediranib","0","24","11.602148","ng/mL","90","mg","2","0"
"3","Li_2017_cediranib","cediranib","0","36","7.218424","ng/mL","90","mg","2","0"
"3","Li_2017_cediranib","cediranib","0","48","2.286736","ng/mL","90","mg","2","0"
"3","Li_2017_cediranib","cediranib","0","60","2.434129","ng/mL","90","mg","2","0"
"3","Li_2017_cediranib","cediranib","0","72","1.363882","ng/mL","90","mg","2","0"
"3","Li_2017_cediranib","cediranib","0","111","0.47046","ng/mL","90","mg","2","0"
"4","Li_2017_cediranib","cediranib","1","0",".","ng/mL","90","mg","2","."
"4","Li_2017_cediranib","cediranib","0","0","0","ng/mL","90","mg","2","0"
"4","Li_2017_cediranib","cediranib","0","0.25","107.218247","ng/mL","90","mg","2","0"
"4","Li_2017_cediranib","cediranib","0","0.5","201.650261","ng/mL","90","mg","2","0"
"4","Li_2017_cediranib","cediranib","0","1","236.608879","ng/mL","90","mg","2","0"
"4","Li_2017_cediranib","cediranib","0","2","161.520045","ng/mL","90","mg","2","0"
"4","Li_2017_cediranib","cediranib","0","4","76.65882","ng/mL","90","mg","2","0"
"4","Li_2017_cediranib","cediranib","0","6","119.817828","ng/mL","90","mg","2","0"
"4","Li_2017_cediranib","cediranib","0","8","111.076199","ng/mL","90","mg","2","0"
"4","Li_2017_cediranib","cediranib","0","12","58.961622","ng/mL","90","mg","2","0"
"4","Li_2017_cediranib","cediranib","0","24","26.822875","ng/mL","90","mg","2","0"
"4","Li_2017_cediranib","cediranib","0","36","13.288039","ng/mL","90","mg","2","0"
"4","Li_2017_cediranib","cediranib","0","48","8.972612","ng/mL","90","mg","2","0"
"4","Li_2017_cediranib","cediranib","0","60","11.373986","ng/mL","90","mg","2","0"
"4","Li_2017_cediranib","cediranib","0","72","3.929762","ng/mL","90","mg","2","0"
"4","Li_2017_cediranib","cediranib","0","111","1.639286","ng/mL","90","mg","2","0"
"5","Li_2017_cediranib","cediranib","1","0",".","ng/mL","90","mg","2","."
"5","Li_2017_cediranib","cediranib","0","0","0","ng/mL","90","mg","2","0"
"5","Li_2017_cediranib","cediranib","0","0.25","171.023654","ng/mL","90","mg","2","0"
"5","Li_2017_cediranib","cediranib","0","0.5","174.183676","ng/mL","90","mg","2","0"
"5","Li_2017_cediranib","cediranib","0","1","197.669559","ng/mL","90","mg","2","0"
"5","Li_2017_cediranib","cediranib","0","2","233.795932","ng/mL","90","mg","2","0"
"5","Li_2017_cediranib","cediranib","0","4","173.462336","ng/mL","90","mg","2","0"
"5","Li_2017_cediranib","cediranib","0","6","145.371602","ng/mL","90","mg","2","0"
"5","Li_2017_cediranib","cediranib","0","8","102.07163","ng/mL","90","mg","2","0"
"5","Li_2017_cediranib","cediranib","0","12","85.022902","ng/mL","90","mg","2","0"
"5","Li_2017_cediranib","cediranib","0","24","13.503727","ng/mL","90","mg","2","0"
"5","Li_2017_cediranib","cediranib","0","36","19.649419","ng/mL","90","mg","2","0"
"5","Li_2017_cediranib","cediranib","0","48","15.449165","ng/mL","90","mg","2","0"
"5","Li_2017_cediranib","cediranib","0","60","9.527507","ng/mL","90","mg","2","0"
"5","Li_2017_cediranib","cediranib","0","72","4.194055","ng/mL","90","mg","2","0"
"5","Li_2017_cediranib","cediranib","0","111","1.738394","ng/mL","90","mg","2","0"
"6","Li_2017_cediranib","cediranib","1","0",".","ng/mL","90","mg","2","."
"6","Li_2017_cediranib","cediranib","0","0","0","ng/mL","90","mg","2","0"
"6","Li_2017_cediranib","cediranib","0","0.25","143.29985","ng/mL","90","mg","2","0"
"6","Li_2017_cediranib","cediranib","0","0.5","184.422634","ng/mL","90","mg","2","0"
"6","Li_2017_cediranib","cediranib","0","1","21.351629","ng/mL","90","mg","2","0"
"6","Li_2017_cediranib","cediranib","0","2","114.305896","ng/mL","90","mg","2","0"
"6","Li_2017_cediranib","cediranib","0","4","100.315792","ng/mL","90","mg","2","0"
"6","Li_2017_cediranib","cediranib","0","6","89.578044","ng/mL","90","mg","2","0"
"6","Li_2017_cediranib","cediranib","0","8","80.026639","ng/mL","90","mg","2","0"
"6","Li_2017_cediranib","cediranib","0","12","97.641753","ng/mL","90","mg","2","0"
"6","Li_2017_cediranib","cediranib","0","24","42.900208","ng/mL","90","mg","2","0"
"6","Li_2017_cediranib","cediranib","0","36","21.731271","ng/mL","90","mg","2","0"
"6","Li_2017_cediranib","cediranib","0","48","28.959659","ng/mL","90","mg","2","0"
"6","Li_2017_cediranib","cediranib","0","60","14.431941","ng/mL","90","mg","2","0"
"6","Li_2017_cediranib","cediranib","0","72","9.932066","ng/mL","90","mg","2","0"
"6","Li_2017_cediranib","cediranib","0","111","4.016033","ng/mL","90","mg","2","0"
"7","Li_2017_cediranib","cediranib","1","0",".","ng/mL","90","mg","2","."
"7","Li_2017_cediranib","cediranib","0","0","0","ng/mL","90","mg","2","0"
"7","Li_2017_cediranib","cediranib","0","0.25","51.133515","ng/mL","90","mg","2","0"
"7","Li_2017_cediranib","cediranib","0","0.5","65.458323","ng/mL","90","mg","2","0"
"7","Li_2017_cediranib","cediranib","0","1","91.819395","ng/mL","90","mg","2","0"
"7","Li_2017_cediranib","cediranib","0","2","59.799497","ng/mL","90","mg","2","0"
"7","Li_2017_cediranib","cediranib","0","4","71.635422","ng/mL","90","mg","2","0"
"7","Li_2017_cediranib","cediranib","0","6","38.705737","ng/mL","90","mg","2","0"
"7","Li_2017_cediranib","cediranib","0","8","60.209799","ng/mL","90","mg","2","0"
"7","Li_2017_cediranib","cediranib","0","12","31.996521","ng/mL","90","mg","2","0"
"7","Li_2017_cediranib","cediranib","0","24","26.921634","ng/mL","90","mg","2","0"
"7","Li_2017_cediranib","cediranib","0","36","30.867201","ng/mL","90","mg","2","0"
"7","Li_2017_cediranib","cediranib","0","48","14.625088","ng/mL","90","mg","2","0"
"7","Li_2017_cediranib","cediranib","0","60","13.076116","ng/mL","90","mg","2","0"
"7","Li_2017_cediranib","cediranib","0","72","5.783989","ng/mL","90","mg","2","0"
"7","Li_2017_cediranib","cediranib","0","111","2.602014","ng/mL","90","mg","2","0"
"8","Li_2017_cediranib","cediranib","1","0",".","ng/mL","90","mg","2","."
"8","Li_2017_cediranib","cediranib","0","0","0","ng/mL","90","mg","2","0"
"8","Li_2017_cediranib","cediranib","0","0.25","156.499346","ng/mL","90","mg","2","0"
"8","Li_2017_cediranib","cediranib","0","0.5","216.715392","ng/mL","90","mg","2","0"
"8","Li_2017_cediranib","cediranib","0","1","330.151953","ng/mL","90","mg","2","0"
"8","Li_2017_cediranib","cediranib","0","2","268.509651","ng/mL","90","mg","2","0"
"8","Li_2017_cediranib","cediranib","0","4","256.648045","ng/mL","90","mg","2","0"
"8","Li_2017_cediranib","cediranib","0","6","203.97134","ng/mL","90","mg","2","0"
"8","Li_2017_cediranib","cediranib","0","8","124.372251","ng/mL","90","mg","2","0"
"8","Li_2017_cediranib","cediranib","0","12","102.251075","ng/mL","90","mg","2","0"
"8","Li_2017_cediranib","cediranib","0","24","67.83331","ng/mL","90","mg","2","0"
"8","Li_2017_cediranib","cediranib","0","36","9.433186","ng/mL","90","mg","2","0"
"8","Li_2017_cediranib","cediranib","0","48","20.529936","ng/mL","90","mg","2","0"
"8","Li_2017_cediranib","cediranib","0","60","17.47973","ng/mL","90","mg","2","0"
"8","Li_2017_cediranib","cediranib","0","72","15.640199","ng/mL","90","mg","2","0"
"8","Li_2017_cediranib","cediranib","0","111","7.895899","ng/mL","90","mg","2","0"
"9","Li_2017_cediranib","cediranib","1","0",".","ng/mL","90","mg","2","."
"9","Li_2017_cediranib","cediranib","0","0","0","ng/mL","90","mg","2","0"
"9","Li_2017_cediranib","cediranib","0","0.25","548.912758","ng/mL","90","mg","2","0"
"9","Li_2017_cediranib","cediranib","0","0.5","758.264292","ng/mL","90","mg","2","0"
"9","Li_2017_cediranib","cediranib","0","1","787.021587","ng/mL","90","mg","2","0"
"9","Li_2017_cediranib","cediranib","0","2","549.808892","ng/mL","90","mg","2","0"
"9","Li_2017_cediranib","cediranib","0","4","618.162546","ng/mL","90","mg","2","0"
"9","Li_2017_cediranib","cediranib","0","6","346.563749","ng/mL","90","mg","2","0"
"9","Li_2017_cediranib","cediranib","0","8","262.035476","ng/mL","90","mg","2","0"
"9","Li_2017_cediranib","cediranib","0","12","125.041515","ng/mL","90","mg","2","0"
"9","Li_2017_cediranib","cediranib","0","24","93.139976","ng/mL","90","mg","2","0"
"9","Li_2017_cediranib","cediranib","0","36","81.442909","ng/mL","90","mg","2","0"
"9","Li_2017_cediranib","cediranib","0","48","62.780068","ng/mL","90","mg","2","0"
"9","Li_2017_cediranib","cediranib","0","60","26.747568","ng/mL","90","mg","2","0"
"9","Li_2017_cediranib","cediranib","0","72","21.406498","ng/mL","90","mg","2","0"
"9","Li_2017_cediranib","cediranib","0","111","12.125068","ng/mL","90","mg","2","0"
"10","Li_2017_cediranib","cediranib","1","0",".","ng/mL","90","mg","2","."
"10","Li_2017_cediranib","cediranib","0","0","0","ng/mL","90","mg","2","0"
"10","Li_2017_cediranib","cediranib","0","0.25","194.89211","ng/mL","90","mg","2","0"
"10","Li_2017_cediranib","cediranib","0","0.5","352.098734","ng/mL","90","mg","2","0"
"10","Li_2017_cediranib","cediranib","0","1","494.677815","ng/mL","90","mg","2","0"
"10","Li_2017_cediranib","cediranib","0","2","413.657871","ng/mL","90","mg","2","0"
"10","Li_2017_cediranib","cediranib","0","4","303.57528","ng/mL","90","mg","2","0"
"10","Li_2017_cediranib","cediranib","0","6","296.80412","ng/mL","90","mg","2","0"
"10","Li_2017_cediranib","cediranib","0","8","170.717123","ng/mL","90","mg","2","0"
"10","Li_2017_cediranib","cediranib","0","12","163.91007","ng/mL","90","mg","2","0"
"10","Li_2017_cediranib","cediranib","0","24","115.390095","ng/mL","90","mg","2","0"
"10","Li_2017_cediranib","cediranib","0","36","64.071958","ng/mL","90","mg","2","0"
"10","Li_2017_cediranib","cediranib","0","48","51.301443","ng/mL","90","mg","2","0"
"10","Li_2017_cediranib","cediranib","0","60","40.364217","ng/mL","90","mg","2","0"
"10","Li_2017_cediranib","cediranib","0","72","36.740745","ng/mL","90","mg","2","0"
"10","Li_2017_cediranib","cediranib","0","111","10.536217","ng/mL","90","mg","2","0"
"1","Zhi_2018_cefathiamidine","cefathiamidine","1","0",".","mg/L","100","mg","1","."
"1","Zhi_2018_cefathiamidine","cefathiamidine","0","0","13.352739","mg/L","100","mg","1","0"
"1","Zhi_2018_cefathiamidine","cefathiamidine","0","0.25","5.12161","mg/L","100","mg","1","0"
"1","Zhi_2018_cefathiamidine","cefathiamidine","0","0.5","3.092845","mg/L","100","mg","1","0"
"1","Zhi_2018_cefathiamidine","cefathiamidine","0","1","4.810583","mg/L","100","mg","1","0"
"1","Zhi_2018_cefathiamidine","cefathiamidine","0","2","1.282131","mg/L","100","mg","1","0"
"1","Zhi_2018_cefathiamidine","cefathiamidine","0","4","0.407741","mg/L","100","mg","1","0"
"1","Zhi_2018_cefathiamidine","cefathiamidine","0","6","0.116947","mg/L","100","mg","1","0"
"1","Zhi_2018_cefathiamidine","cefathiamidine","0","8","0.091703","mg/L","100","mg","1","0"
"1","Zhi_2018_cefathiamidine","cefathiamidine","0","12","0.009388","mg/L","100","mg","1","0"
"1","Zhi_2018_cefathiamidine","cefathiamidine","0","16","0.0051","mg/L","100","mg","1","0"
"2","Zhi_2018_cefathiamidine","cefathiamidine","1","0",".","mg/L","100","mg","1","."
"2","Zhi_2018_cefathiamidine","cefathiamidine","0","0","7.755054","mg/L","100","mg","1","0"
"2","Zhi_2018_cefathiamidine","cefathiamidine","0","0.25","7.909826","mg/L","100","mg","1","0"
"2","Zhi_2018_cefathiamidine","cefathiamidine","0","0.5","2.626122","mg/L","100","mg","1","0"
"2","Zhi_2018_cefathiamidine","cefathiamidine","0","1","4.782411","mg/L","100","mg","1","0"
"2","Zhi_2018_cefathiamidine","cefathiamidine","0","2","1.51931","mg/L","100","mg","1","0"
"2","Zhi_2018_cefathiamidine","cefathiamidine","0","4","0.338695","mg/L","100","mg","1","0"
"2","Zhi_2018_cefathiamidine","cefathiamidine","0","6","0.076088","mg/L","100","mg","1","0"
"2","Zhi_2018_cefathiamidine","cefathiamidine","0","8","0.085369","mg/L","100","mg","1","0"
"2","Zhi_2018_cefathiamidine","cefathiamidine","0","12","0.019511","mg/L","100","mg","1","0"
"2","Zhi_2018_cefathiamidine","cefathiamidine","0","16","0.018747","mg/L","100","mg","1","0"
"3","Zhi_2018_cefathiamidine","cefathiamidine","1","0",".","mg/L","100","mg","1","."
"3","Zhi_2018_cefathiamidine","cefathiamidine","0","0","6.761909","mg/L","100","mg","1","0"
"3","Zhi_2018_cefathiamidine","cefathiamidine","0","0.25","3.542676","mg/L","100","mg","1","0"
"3","Zhi_2018_cefathiamidine","cefathiamidine","0","0.5","3.60177","mg/L","100","mg","1","0"
"3","Zhi_2018_cefathiamidine","cefathiamidine","0","1","1.765316","mg/L","100","mg","1","0"
"3","Zhi_2018_cefathiamidine","cefathiamidine","0","2","1.574382","mg/L","100","mg","1","0"
"3","Zhi_2018_cefathiamidine","cefathiamidine","0","4","0.305059","mg/L","100","mg","1","0"
"3","Zhi_2018_cefathiamidine","cefathiamidine","0","6","0.143176","mg/L","100","mg","1","0"
"3","Zhi_2018_cefathiamidine","cefathiamidine","0","8","0.043117","mg/L","100","mg","1","0"
"3","Zhi_2018_cefathiamidine","cefathiamidine","0","12","0.010898","mg/L","100","mg","1","0"
"3","Zhi_2018_cefathiamidine","cefathiamidine","0","16","0.002377","mg/L","100","mg","1","0"
"4","Zhi_2018_cefathiamidine","cefathiamidine","1","0",".","mg/L","100","mg","1","."
"4","Zhi_2018_cefathiamidine","cefathiamidine","0","0","4.699943","mg/L","100","mg","1","0"
"4","Zhi_2018_cefathiamidine","cefathiamidine","0","0.25","3.693321","mg/L","100","mg","1","0"
"4","Zhi_2018_cefathiamidine","cefathiamidine","0","0.5","4.954918","mg/L","100","mg","1","0"
"4","Zhi_2018_cefathiamidine","cefathiamidine","0","1","2.53199","mg/L","100","mg","1","0"
"4","Zhi_2018_cefathiamidine","cefathiamidine","0","2","2.030321","mg/L","100","mg","1","0"
"4","Zhi_2018_cefathiamidine","cefathiamidine","0","4","0.924611","mg/L","100","mg","1","0"
"4","Zhi_2018_cefathiamidine","cefathiamidine","0","6","0.314537","mg/L","100","mg","1","0"
"4","Zhi_2018_cefathiamidine","cefathiamidine","0","8","0.086117","mg/L","100","mg","1","0"
"4","Zhi_2018_cefathiamidine","cefathiamidine","0","12","0.028997","mg/L","100","mg","1","0"
"4","Zhi_2018_cefathiamidine","cefathiamidine","0","16","0.010218","mg/L","100","mg","1","0"
"5","Zhi_2018_cefathiamidine","cefathiamidine","1","0",".","mg/L","100","mg","1","."
"5","Zhi_2018_cefathiamidine","cefathiamidine","0","0","4.3024","mg/L","100","mg","1","0"
"5","Zhi_2018_cefathiamidine","cefathiamidine","0","0.25","7.283014","mg/L","100","mg","1","0"
"5","Zhi_2018_cefathiamidine","cefathiamidine","0","0.5","4.307375","mg/L","100","mg","1","0"
"5","Zhi_2018_cefathiamidine","cefathiamidine","0","1","5.618388","mg/L","100","mg","1","0"
"5","Zhi_2018_cefathiamidine","cefathiamidine","0","2","1.104044","mg/L","100","mg","1","0"
"5","Zhi_2018_cefathiamidine","cefathiamidine","0","4","0.142789","mg/L","100","mg","1","0"
"5","Zhi_2018_cefathiamidine","cefathiamidine","0","6","0.076203","mg/L","100","mg","1","0"
"5","Zhi_2018_cefathiamidine","cefathiamidine","0","8","0.029726","mg/L","100","mg","1","0"
"5","Zhi_2018_cefathiamidine","cefathiamidine","0","12","0.003018","mg/L","100","mg","1","0"
"5","Zhi_2018_cefathiamidine","cefathiamidine","0","16","0.000489","mg/L","100","mg","1","0"
"6","Zhi_2018_cefathiamidine","cefathiamidine","1","0",".","mg/L","100","mg","1","."
"6","Zhi_2018_cefathiamidine","cefathiamidine","0","0","6.468318","mg/L","100","mg","1","0"
"6","Zhi_2018_cefathiamidine","cefathiamidine","0","0.25","4.390905","mg/L","100","mg","1","0"
"6","Zhi_2018_cefathiamidine","cefathiamidine","0","0.5","3.685931","mg/L","100","mg","1","0"
"6","Zhi_2018_cefathiamidine","cefathiamidine","0","1","4.817986","mg/L","100","mg","1","0"
"6","Zhi_2018_cefathiamidine","cefathiamidine","0","2","1.026319","mg/L","100","mg","1","0"
"6","Zhi_2018_cefathiamidine","cefathiamidine","0","4","0.349573","mg/L","100","mg","1","0"
"6","Zhi_2018_cefathiamidine","cefathiamidine","0","6","0.280985","mg/L","100","mg","1","0"
"6","Zhi_2018_cefathiamidine","cefathiamidine","0","8","0.154918","mg/L","100","mg","1","0"
"6","Zhi_2018_cefathiamidine","cefathiamidine","0","12","0.013026","mg/L","100","mg","1","0"
"6","Zhi_2018_cefathiamidine","cefathiamidine","0","16","0.002188","mg/L","100","mg","1","0"
"7","Zhi_2018_cefathiamidine","cefathiamidine","1","0",".","mg/L","100","mg","1","."
"7","Zhi_2018_cefathiamidine","cefathiamidine","0","0","5.422312","mg/L","100","mg","1","0"
"7","Zhi_2018_cefathiamidine","cefathiamidine","0","0.25","4.130099","mg/L","100","mg","1","0"
"7","Zhi_2018_cefathiamidine","cefathiamidine","0","0.5","5.565238","mg/L","100","mg","1","0"
"7","Zhi_2018_cefathiamidine","cefathiamidine","0","1","1.174394","mg/L","100","mg","1","0"
"7","Zhi_2018_cefathiamidine","cefathiamidine","0","2","0.808891","mg/L","100","mg","1","0"
"7","Zhi_2018_cefathiamidine","cefathiamidine","0","4","0.288169","mg/L","100","mg","1","0"
"7","Zhi_2018_cefathiamidine","cefathiamidine","0","6","0.060801","mg/L","100","mg","1","0"
"7","Zhi_2018_cefathiamidine","cefathiamidine","0","8","0.038538","mg/L","100","mg","1","0"
"7","Zhi_2018_cefathiamidine","cefathiamidine","0","12","0.027959","mg/L","100","mg","1","0"
"7","Zhi_2018_cefathiamidine","cefathiamidine","0","16","0.016908","mg/L","100","mg","1","0"
"8","Zhi_2018_cefathiamidine","cefathiamidine","1","0",".","mg/L","100","mg","1","."
"8","Zhi_2018_cefathiamidine","cefathiamidine","0","0","5.904194","mg/L","100","mg","1","0"
"8","Zhi_2018_cefathiamidine","cefathiamidine","0","0.25","4.081832","mg/L","100","mg","1","0"
"8","Zhi_2018_cefathiamidine","cefathiamidine","0","0.5","2.16546","mg/L","100","mg","1","0"
"8","Zhi_2018_cefathiamidine","cefathiamidine","0","1","2.657324","mg/L","100","mg","1","0"
"8","Zhi_2018_cefathiamidine","cefathiamidine","0","2","0.537802","mg/L","100","mg","1","0"
"8","Zhi_2018_cefathiamidine","cefathiamidine","0","4","0.057048","mg/L","100","mg","1","0"
"8","Zhi_2018_cefathiamidine","cefathiamidine","0","6","0.016633","mg/L","100","mg","1","0"
"8","Zhi_2018_cefathiamidine","cefathiamidine","0","8","0.015441","mg/L","100","mg","1","0"
"8","Zhi_2018_cefathiamidine","cefathiamidine","0","12","0.009665","mg/L","100","mg","1","0"
"8","Zhi_2018_cefathiamidine","cefathiamidine","0","16","0.004687","mg/L","100","mg","1","0"
"9","Zhi_2018_cefathiamidine","cefathiamidine","1","0",".","mg/L","100","mg","1","."
"9","Zhi_2018_cefathiamidine","cefathiamidine","0","0","10.035342","mg/L","100","mg","1","0"
"9","Zhi_2018_cefathiamidine","cefathiamidine","0","0.25","5.943401","mg/L","100","mg","1","0"
"9","Zhi_2018_cefathiamidine","cefathiamidine","0","0.5","3.128316","mg/L","100","mg","1","0"
"9","Zhi_2018_cefathiamidine","cefathiamidine","0","1","2.486412","mg/L","100","mg","1","0"
"9","Zhi_2018_cefathiamidine","cefathiamidine","0","2","2.124068","mg/L","100","mg","1","0"
"9","Zhi_2018_cefathiamidine","cefathiamidine","0","4","0.427469","mg/L","100","mg","1","0"
"9","Zhi_2018_cefathiamidine","cefathiamidine","0","6","0.202498","mg/L","100","mg","1","0"
"9","Zhi_2018_cefathiamidine","cefathiamidine","0","8","0.061786","mg/L","100","mg","1","0"
"9","Zhi_2018_cefathiamidine","cefathiamidine","0","12","0.007706","mg/L","100","mg","1","0"
"9","Zhi_2018_cefathiamidine","cefathiamidine","0","16","0.000745","mg/L","100","mg","1","0"
"10","Zhi_2018_cefathiamidine","cefathiamidine","1","0",".","mg/L","100","mg","1","."
"10","Zhi_2018_cefathiamidine","cefathiamidine","0","0","5.450426","mg/L","100","mg","1","0"
"10","Zhi_2018_cefathiamidine","cefathiamidine","0","0.25","3.974258","mg/L","100","mg","1","0"
"10","Zhi_2018_cefathiamidine","cefathiamidine","0","0.5","5.217582","mg/L","100","mg","1","0"
"10","Zhi_2018_cefathiamidine","cefathiamidine","0","1","1.938384","mg/L","100","mg","1","0"
"10","Zhi_2018_cefathiamidine","cefathiamidine","0","2","5.285363","mg/L","100","mg","1","0"
"10","Zhi_2018_cefathiamidine","cefathiamidine","0","4","1.877963","mg/L","100","mg","1","0"
"10","Zhi_2018_cefathiamidine","cefathiamidine","0","6","0.621703","mg/L","100","mg","1","0"
"10","Zhi_2018_cefathiamidine","cefathiamidine","0","8","0.306409","mg/L","100","mg","1","0"
"10","Zhi_2018_cefathiamidine","cefathiamidine","0","12","0.152488","mg/L","100","mg","1","0"
"10","Zhi_2018_cefathiamidine","cefathiamidine","0","16","0.092586","mg/L","100","mg","1","0"
"1","Yang_2021_cemiplimab","cemiplimab","1","0",".","mg/L","700","mg","1","."
"1","Yang_2021_cemiplimab","cemiplimab","0","0","225.718701","mg/L","700","mg","1","0"
"1","Yang_2021_cemiplimab","cemiplimab","0","4","239.963378","mg/L","700","mg","1","0"
"1","Yang_2021_cemiplimab","cemiplimab","0","24","134.86693","mg/L","700","mg","1","0"
"1","Yang_2021_cemiplimab","cemiplimab","0","72","118.035507","mg/L","700","mg","1","0"
"1","Yang_2021_cemiplimab","cemiplimab","0","168","62.832668","mg/L","700","mg","1","0"
"1","Yang_2021_cemiplimab","cemiplimab","0","336","54.367647","mg/L","700","mg","1","0"
"1","Yang_2021_cemiplimab","cemiplimab","0","504","34.508321","mg/L","700","mg","1","0"
"1","Yang_2021_cemiplimab","cemiplimab","0","672","42.210297","mg/L","700","mg","1","0"
"1","Yang_2021_cemiplimab","cemiplimab","0","840","19.484822","mg/L","700","mg","1","0"
"1","Yang_2021_cemiplimab","cemiplimab","0","1008","21.576975","mg/L","700","mg","1","0"
"1","Yang_2021_cemiplimab","cemiplimab","0","1176","15.514425","mg/L","700","mg","1","0"
"1","Yang_2021_cemiplimab","cemiplimab","0","1512","12.477697","mg/L","700","mg","1","0"
"1","Yang_2021_cemiplimab","cemiplimab","0","1581","7.386394","mg/L","700","mg","1","0"
"2","Yang_2021_cemiplimab","cemiplimab","1","0",".","mg/L","700","mg","1","."
"2","Yang_2021_cemiplimab","cemiplimab","0","0","245.625598","mg/L","700","mg","1","0"
"2","Yang_2021_cemiplimab","cemiplimab","0","4","164.988445","mg/L","700","mg","1","0"
"2","Yang_2021_cemiplimab","cemiplimab","0","24","208.858216","mg/L","700","mg","1","0"
"2","Yang_2021_cemiplimab","cemiplimab","0","72","113.85299","mg/L","700","mg","1","0"
"2","Yang_2021_cemiplimab","cemiplimab","0","168","113.781634","mg/L","700","mg","1","0"
"2","Yang_2021_cemiplimab","cemiplimab","0","336","45.830104","mg/L","700","mg","1","0"
"2","Yang_2021_cemiplimab","cemiplimab","0","504","22.493274","mg/L","700","mg","1","0"
"2","Yang_2021_cemiplimab","cemiplimab","0","672","17.303491","mg/L","700","mg","1","0"
"2","Yang_2021_cemiplimab","cemiplimab","0","840","9.889538","mg/L","700","mg","1","0"
"2","Yang_2021_cemiplimab","cemiplimab","0","1008","12.258758","mg/L","700","mg","1","0"
"2","Yang_2021_cemiplimab","cemiplimab","0","1176","6.961145","mg/L","700","mg","1","0"
"2","Yang_2021_cemiplimab","cemiplimab","0","1512","2.00468","mg/L","700","mg","1","0"
"2","Yang_2021_cemiplimab","cemiplimab","0","1581","0.853365","mg/L","700","mg","1","0"
"3","Yang_2021_cemiplimab","cemiplimab","1","0",".","mg/L","700","mg","1","."
"3","Yang_2021_cemiplimab","cemiplimab","0","0","219.150511","mg/L","700","mg","1","0"
"3","Yang_2021_cemiplimab","cemiplimab","0","4","252.27989","mg/L","700","mg","1","0"
"3","Yang_2021_cemiplimab","cemiplimab","0","24","185.363442","mg/L","700","mg","1","0"
"3","Yang_2021_cemiplimab","cemiplimab","0","72","156.32576","mg/L","700","mg","1","0"
"3","Yang_2021_cemiplimab","cemiplimab","0","168","98.52202","mg/L","700","mg","1","0"
"3","Yang_2021_cemiplimab","cemiplimab","0","336","64.0537","mg/L","700","mg","1","0"
"3","Yang_2021_cemiplimab","cemiplimab","0","504","48.434929","mg/L","700","mg","1","0"
"3","Yang_2021_cemiplimab","cemiplimab","0","672","36.275215","mg/L","700","mg","1","0"
"3","Yang_2021_cemiplimab","cemiplimab","0","840","46.25794","mg/L","700","mg","1","0"
"3","Yang_2021_cemiplimab","cemiplimab","0","1008","21.862168","mg/L","700","mg","1","0"
"3","Yang_2021_cemiplimab","cemiplimab","0","1176","13.668189","mg/L","700","mg","1","0"
"3","Yang_2021_cemiplimab","cemiplimab","0","1512","11.976105","mg/L","700","mg","1","0"
"3","Yang_2021_cemiplimab","cemiplimab","0","1581","10.428916","mg/L","700","mg","1","0"
"4","Yang_2021_cemiplimab","cemiplimab","1","0",".","mg/L","700","mg","1","."
"4","Yang_2021_cemiplimab","cemiplimab","0","0","166.0775","mg/L","700","mg","1","0"
"4","Yang_2021_cemiplimab","cemiplimab","0","4","221.976531","mg/L","700","mg","1","0"
"4","Yang_2021_cemiplimab","cemiplimab","0","24","115.661273","mg/L","700","mg","1","0"
"4","Yang_2021_cemiplimab","cemiplimab","0","72","167.457044","mg/L","700","mg","1","0"
"4","Yang_2021_cemiplimab","cemiplimab","0","168","118.757923","mg/L","700","mg","1","0"
"4","Yang_2021_cemiplimab","cemiplimab","0","336","75.489555","mg/L","700","mg","1","0"
"4","Yang_2021_cemiplimab","cemiplimab","0","504","36.35902","mg/L","700","mg","1","0"
"4","Yang_2021_cemiplimab","cemiplimab","0","672","27.818729","mg/L","700","mg","1","0"
"4","Yang_2021_cemiplimab","cemiplimab","0","840","30.472886","mg/L","700","mg","1","0"
"4","Yang_2021_cemiplimab","cemiplimab","0","1008","15.134559","mg/L","700","mg","1","0"
"4","Yang_2021_cemiplimab","cemiplimab","0","1176","10.823107","mg/L","700","mg","1","0"
"4","Yang_2021_cemiplimab","cemiplimab","0","1512","10.287217","mg/L","700","mg","1","0"
"4","Yang_2021_cemiplimab","cemiplimab","0","1581","7.840198","mg/L","700","mg","1","0"
"5","Yang_2021_cemiplimab","cemiplimab","1","0",".","mg/L","700","mg","1","."
"5","Yang_2021_cemiplimab","cemiplimab","0","0","293.492642","mg/L","700","mg","1","0"
"5","Yang_2021_cemiplimab","cemiplimab","0","4","212.976094","mg/L","700","mg","1","0"
"5","Yang_2021_cemiplimab","cemiplimab","0","24","198.557962","mg/L","700","mg","1","0"
"5","Yang_2021_cemiplimab","cemiplimab","0","72","149.414942","mg/L","700","mg","1","0"
"5","Yang_2021_cemiplimab","cemiplimab","0","168","121.83946","mg/L","700","mg","1","0"
"5","Yang_2021_cemiplimab","cemiplimab","0","336","85.487183","mg/L","700","mg","1","0"
"5","Yang_2021_cemiplimab","cemiplimab","0","504","65.995202","mg/L","700","mg","1","0"
"5","Yang_2021_cemiplimab","cemiplimab","0","672","45.310482","mg/L","700","mg","1","0"
"5","Yang_2021_cemiplimab","cemiplimab","0","840","28.485139","mg/L","700","mg","1","0"
"5","Yang_2021_cemiplimab","cemiplimab","0","1008","24.59903","mg/L","700","mg","1","0"
"5","Yang_2021_cemiplimab","cemiplimab","0","1176","12.858145","mg/L","700","mg","1","0"
"5","Yang_2021_cemiplimab","cemiplimab","0","1512","12.220673","mg/L","700","mg","1","0"
"5","Yang_2021_cemiplimab","cemiplimab","0","1581","11.82179","mg/L","700","mg","1","0"
"6","Yang_2021_cemiplimab","cemiplimab","1","0",".","mg/L","700","mg","1","."
"6","Yang_2021_cemiplimab","cemiplimab","0","0","180.630231","mg/L","700","mg","1","0"
"6","Yang_2021_cemiplimab","cemiplimab","0","4","150.205985","mg/L","700","mg","1","0"
"6","Yang_2021_cemiplimab","cemiplimab","0","24","158.513098","mg/L","700","mg","1","0"
"6","Yang_2021_cemiplimab","cemiplimab","0","72","82.978422","mg/L","700","mg","1","0"
"6","Yang_2021_cemiplimab","cemiplimab","0","168","71.596137","mg/L","700","mg","1","0"
"6","Yang_2021_cemiplimab","cemiplimab","0","336","45.621135","mg/L","700","mg","1","0"
"6","Yang_2021_cemiplimab","cemiplimab","0","504","56.433918","mg/L","700","mg","1","0"
"6","Yang_2021_cemiplimab","cemiplimab","0","672","31.546617","mg/L","700","mg","1","0"
"6","Yang_2021_cemiplimab","cemiplimab","0","840","24.92348","mg/L","700","mg","1","0"
"6","Yang_2021_cemiplimab","cemiplimab","0","1008","23.354821","mg/L","700","mg","1","0"
"6","Yang_2021_cemiplimab","cemiplimab","0","1176","16.626813","mg/L","700","mg","1","0"
"6","Yang_2021_cemiplimab","cemiplimab","0","1512","13.846428","mg/L","700","mg","1","0"
"6","Yang_2021_cemiplimab","cemiplimab","0","1581","9.202353","mg/L","700","mg","1","0"
"7","Yang_2021_cemiplimab","cemiplimab","1","0",".","mg/L","700","mg","1","."
"7","Yang_2021_cemiplimab","cemiplimab","0","0","279.037777","mg/L","700","mg","1","0"
"7","Yang_2021_cemiplimab","cemiplimab","0","4","208.754081","mg/L","700","mg","1","0"
"7","Yang_2021_cemiplimab","cemiplimab","0","24","194.918069","mg/L","700","mg","1","0"
"7","Yang_2021_cemiplimab","cemiplimab","0","72","162.143921","mg/L","700","mg","1","0"
"7","Yang_2021_cemiplimab","cemiplimab","0","168","80.246337","mg/L","700","mg","1","0"
"7","Yang_2021_cemiplimab","cemiplimab","0","336","53.225305","mg/L","700","mg","1","0"
"7","Yang_2021_cemiplimab","cemiplimab","0","504","40.772314","mg/L","700","mg","1","0"
"7","Yang_2021_cemiplimab","cemiplimab","0","672","26.09098","mg/L","700","mg","1","0"
"7","Yang_2021_cemiplimab","cemiplimab","0","840","7.135422","mg/L","700","mg","1","0"
"7","Yang_2021_cemiplimab","cemiplimab","0","1008","5.465951","mg/L","700","mg","1","0"
"7","Yang_2021_cemiplimab","cemiplimab","0","1176","1.71504","mg/L","700","mg","1","0"
"7","Yang_2021_cemiplimab","cemiplimab","0","1512","1.16347","mg/L","700","mg","1","0"
"7","Yang_2021_cemiplimab","cemiplimab","0","1581","0","mg/L","700","mg","1","1"
"8","Yang_2021_cemiplimab","cemiplimab","1","0",".","mg/L","700","mg","1","."
"8","Yang_2021_cemiplimab","cemiplimab","0","0","285.901543","mg/L","700","mg","1","0"
"8","Yang_2021_cemiplimab","cemiplimab","0","4","356.128246","mg/L","700","mg","1","0"
"8","Yang_2021_cemiplimab","cemiplimab","0","24","205.278708","mg/L","700","mg","1","0"
"8","Yang_2021_cemiplimab","cemiplimab","0","72","217.378228","mg/L","700","mg","1","0"
"8","Yang_2021_cemiplimab","cemiplimab","0","168","113.804552","mg/L","700","mg","1","0"
"8","Yang_2021_cemiplimab","cemiplimab","0","336","63.294582","mg/L","700","mg","1","0"
"8","Yang_2021_cemiplimab","cemiplimab","0","504","69.270039","mg/L","700","mg","1","0"
"8","Yang_2021_cemiplimab","cemiplimab","0","672","57.547858","mg/L","700","mg","1","0"
"8","Yang_2021_cemiplimab","cemiplimab","0","840","42.018997","mg/L","700","mg","1","0"
"8","Yang_2021_cemiplimab","cemiplimab","0","1008","25.47498","mg/L","700","mg","1","0"
"8","Yang_2021_cemiplimab","cemiplimab","0","1176","21.149398","mg/L","700","mg","1","0"
"8","Yang_2021_cemiplimab","cemiplimab","0","1512","12.669031","mg/L","700","mg","1","0"
"8","Yang_2021_cemiplimab","cemiplimab","0","1581","8.498056","mg/L","700","mg","1","0"
"9","Yang_2021_cemiplimab","cemiplimab","1","0",".","mg/L","700","mg","1","."
"9","Yang_2021_cemiplimab","cemiplimab","0","0","118.316752","mg/L","700","mg","1","0"
"9","Yang_2021_cemiplimab","cemiplimab","0","4","87.427946","mg/L","700","mg","1","0"
"9","Yang_2021_cemiplimab","cemiplimab","0","24","134.159033","mg/L","700","mg","1","0"
"9","Yang_2021_cemiplimab","cemiplimab","0","72","100.657861","mg/L","700","mg","1","0"
"9","Yang_2021_cemiplimab","cemiplimab","0","168","57.063267","mg/L","700","mg","1","0"
"9","Yang_2021_cemiplimab","cemiplimab","0","336","32.498506","mg/L","700","mg","1","0"
"9","Yang_2021_cemiplimab","cemiplimab","0","504","34.410739","mg/L","700","mg","1","0"
"9","Yang_2021_cemiplimab","cemiplimab","0","672","24.871341","mg/L","700","mg","1","0"
"9","Yang_2021_cemiplimab","cemiplimab","0","840","15.07879","mg/L","700","mg","1","0"
"9","Yang_2021_cemiplimab","cemiplimab","0","1008","9.129849","mg/L","700","mg","1","0"
"9","Yang_2021_cemiplimab","cemiplimab","0","1176","9.217546","mg/L","700","mg","1","0"
"9","Yang_2021_cemiplimab","cemiplimab","0","1512","5.412997","mg/L","700","mg","1","0"
"9","Yang_2021_cemiplimab","cemiplimab","0","1581","2.357041","mg/L","700","mg","1","0"
"10","Yang_2021_cemiplimab","cemiplimab","1","0",".","mg/L","700","mg","1","."
"10","Yang_2021_cemiplimab","cemiplimab","0","0","219.362788","mg/L","700","mg","1","0"
"10","Yang_2021_cemiplimab","cemiplimab","0","4","190.444023","mg/L","700","mg","1","0"
"10","Yang_2021_cemiplimab","cemiplimab","0","24","151.536272","mg/L","700","mg","1","0"
"10","Yang_2021_cemiplimab","cemiplimab","0","72","92.539875","mg/L","700","mg","1","0"
"10","Yang_2021_cemiplimab","cemiplimab","0","168","53.184583","mg/L","700","mg","1","0"
"10","Yang_2021_cemiplimab","cemiplimab","0","336","66.939592","mg/L","700","mg","1","0"
"10","Yang_2021_cemiplimab","cemiplimab","0","504","36.514833","mg/L","700","mg","1","0"
"10","Yang_2021_cemiplimab","cemiplimab","0","672","32.503233","mg/L","700","mg","1","0"
"10","Yang_2021_cemiplimab","cemiplimab","0","840","20.977493","mg/L","700","mg","1","0"
"10","Yang_2021_cemiplimab","cemiplimab","0","1008","13.841428","mg/L","700","mg","1","0"
"10","Yang_2021_cemiplimab","cemiplimab","0","1176","10.698661","mg/L","700","mg","1","0"
"10","Yang_2021_cemiplimab","cemiplimab","0","1512","6.625876","mg/L","700","mg","1","0"
"10","Yang_2021_cemiplimab","cemiplimab","0","1581","2.303768","mg/L","700","mg","1","0"
"1","Savic_2017_cladribine","cladribine","1","0",".","ng/mL","367.5","mg","2","."
"1","Savic_2017_cladribine","cladribine","0","0","0","ng/mL","367.5","mg","2","0"
"1","Savic_2017_cladribine","cladribine","0","0.25","362.305616","ng/mL","367.5","mg","2","0"
"1","Savic_2017_cladribine","cladribine","0","0.5","750.079609","ng/mL","367.5","mg","2","0"
"1","Savic_2017_cladribine","cladribine","0","1","34.955558","ng/mL","367.5","mg","2","0"
"1","Savic_2017_cladribine","cladribine","0","2","315.71831","ng/mL","367.5","mg","2","0"
"1","Savic_2017_cladribine","cladribine","0","4","135.042513","ng/mL","367.5","mg","2","0"
"1","Savic_2017_cladribine","cladribine","0","6","142.535661","ng/mL","367.5","mg","2","0"
"1","Savic_2017_cladribine","cladribine","0","8","50.063479","ng/mL","367.5","mg","2","0"
"1","Savic_2017_cladribine","cladribine","0","12","30.310602","ng/mL","367.5","mg","2","0"
"1","Savic_2017_cladribine","cladribine","0","24","15.602126","ng/mL","367.5","mg","2","0"
"1","Savic_2017_cladribine","cladribine","0","36","21.018253","ng/mL","367.5","mg","2","0"
"1","Savic_2017_cladribine","cladribine","0","48","7.545014","ng/mL","367.5","mg","2","0"
"1","Savic_2017_cladribine","cladribine","0","60","9.782013","ng/mL","367.5","mg","2","0"
"1","Savic_2017_cladribine","cladribine","0","72","5.663452","ng/mL","367.5","mg","2","0"
"1","Savic_2017_cladribine","cladribine","0","114","1.992459","ng/mL","367.5","mg","2","0"
"2","Savic_2017_cladribine","cladribine","1","0",".","ng/mL","367.5","mg","2","."
"2","Savic_2017_cladribine","cladribine","0","0","0","ng/mL","367.5","mg","2","0"
"2","Savic_2017_cladribine","cladribine","0","0.25","525.416092","ng/mL","367.5","mg","2","0"
"2","Savic_2017_cladribine","cladribine","0","0.5","1478.06936","ng/mL","367.5","mg","2","0"
"2","Savic_2017_cladribine","cladribine","0","1","1072.61116","ng/mL","367.5","mg","2","0"
"2","Savic_2017_cladribine","cladribine","0","2","551.305884","ng/mL","367.5","mg","2","0"
"2","Savic_2017_cladribine","cladribine","0","4","467.679139","ng/mL","367.5","mg","2","0"
"2","Savic_2017_cladribine","cladribine","0","6","156.583635","ng/mL","367.5","mg","2","0"
"2","Savic_2017_cladribine","cladribine","0","8","0","ng/mL","367.5","mg","2","1"
"2","Savic_2017_cladribine","cladribine","0","12","53.130546","ng/mL","367.5","mg","2","0"
"2","Savic_2017_cladribine","cladribine","0","24","23.658143","ng/mL","367.5","mg","2","0"
"2","Savic_2017_cladribine","cladribine","0","36","13.388563","ng/mL","367.5","mg","2","0"
"2","Savic_2017_cladribine","cladribine","0","48","5.91638","ng/mL","367.5","mg","2","0"
"2","Savic_2017_cladribine","cladribine","0","60","9.333692","ng/mL","367.5","mg","2","0"
"2","Savic_2017_cladribine","cladribine","0","72","2.25342","ng/mL","367.5","mg","2","0"
"2","Savic_2017_cladribine","cladribine","0","114","1.014858","ng/mL","367.5","mg","2","0"
"3","Savic_2017_cladribine","cladribine","1","0",".","ng/mL","367.5","mg","2","."
"3","Savic_2017_cladribine","cladribine","0","0","0","ng/mL","367.5","mg","2","0"
"3","Savic_2017_cladribine","cladribine","0","0.25","1603.298848","ng/mL","367.5","mg","2","0"
"3","Savic_2017_cladribine","cladribine","0","0.5","1600.958262","ng/mL","367.5","mg","2","0"
"3","Savic_2017_cladribine","cladribine","0","1","886.306321","ng/mL","367.5","mg","2","0"
"3","Savic_2017_cladribine","cladribine","0","2","253.010415","ng/mL","367.5","mg","2","0"
"3","Savic_2017_cladribine","cladribine","0","4","305.70912","ng/mL","367.5","mg","2","0"
"3","Savic_2017_cladribine","cladribine","0","6","125.661865","ng/mL","367.5","mg","2","0"
"3","Savic_2017_cladribine","cladribine","0","8","69.998339","ng/mL","367.5","mg","2","0"
"3","Savic_2017_cladribine","cladribine","0","12","22.002307","ng/mL","367.5","mg","2","0"
"3","Savic_2017_cladribine","cladribine","0","24","10.499115","ng/mL","367.5","mg","2","0"
"3","Savic_2017_cladribine","cladribine","0","36","5.588082","ng/mL","367.5","mg","2","0"
"3","Savic_2017_cladribine","cladribine","0","48","6.588082","ng/mL","367.5","mg","2","0"
"3","Savic_2017_cladribine","cladribine","0","60","3.508277","ng/mL","367.5","mg","2","0"
"3","Savic_2017_cladribine","cladribine","0","72","2.255359","ng/mL","367.5","mg","2","0"
"3","Savic_2017_cladribine","cladribine","0","114","0","ng/mL","367.5","mg","2","1"
"4","Savic_2017_cladribine","cladribine","1","0",".","ng/mL","367.5","mg","2","."
"4","Savic_2017_cladribine","cladribine","0","0","0","ng/mL","367.5","mg","2","0"
"4","Savic_2017_cladribine","cladribine","0","0.25","413.231374","ng/mL","367.5","mg","2","0"
"4","Savic_2017_cladribine","cladribine","0","0.5","850.575631","ng/mL","367.5","mg","2","0"
"4","Savic_2017_cladribine","cladribine","0","1","408.302448","ng/mL","367.5","mg","2","0"
"4","Savic_2017_cladribine","cladribine","0","2","278.434015","ng/mL","367.5","mg","2","0"
"4","Savic_2017_cladribine","cladribine","0","4","76.414999","ng/mL","367.5","mg","2","0"
"4","Savic_2017_cladribine","cladribine","0","6","72.681442","ng/mL","367.5","mg","2","0"
"4","Savic_2017_cladribine","cladribine","0","8","79.757664","ng/mL","367.5","mg","2","0"
"4","Savic_2017_cladribine","cladribine","0","12","33.285253","ng/mL","367.5","mg","2","0"
"4","Savic_2017_cladribine","cladribine","0","24","1.034026","ng/mL","367.5","mg","2","0"
"4","Savic_2017_cladribine","cladribine","0","36","10.242964","ng/mL","367.5","mg","2","0"
"4","Savic_2017_cladribine","cladribine","0","48","3.276847","ng/mL","367.5","mg","2","0"
"4","Savic_2017_cladribine","cladribine","0","60","4.265633","ng/mL","367.5","mg","2","0"
"4","Savic_2017_cladribine","cladribine","0","72","3.343849","ng/mL","367.5","mg","2","0"
"4","Savic_2017_cladribine","cladribine","0","114","1.012756","ng/mL","367.5","mg","2","0"
"5","Savic_2017_cladribine","cladribine","1","0",".","ng/mL","367.5","mg","2","."
"5","Savic_2017_cladribine","cladribine","0","0","0","ng/mL","367.5","mg","2","0"
"5","Savic_2017_cladribine","cladribine","0","0.25","383.525539","ng/mL","367.5","mg","2","0"
"5","Savic_2017_cladribine","cladribine","0","0.5","582.182212","ng/mL","367.5","mg","2","0"
"5","Savic_2017_cladribine","cladribine","0","1","284.524428","ng/mL","367.5","mg","2","0"
"5","Savic_2017_cladribine","cladribine","0","2","222.71497","ng/mL","367.5","mg","2","0"
"5","Savic_2017_cladribine","cladribine","0","4","139.887801","ng/mL","367.5","mg","2","0"
"5","Savic_2017_cladribine","cladribine","0","6","289.205211","ng/mL","367.5","mg","2","0"
"5","Savic_2017_cladribine","cladribine","0","8","157.392772","ng/mL","367.5","mg","2","0"
"5","Savic_2017_cladribine","cladribine","0","12","66.71181","ng/mL","367.5","mg","2","0"
"5","Savic_2017_cladribine","cladribine","0","24","9.994302","ng/mL","367.5","mg","2","0"
"5","Savic_2017_cladribine","cladribine","0","36","12.58515","ng/mL","367.5","mg","2","0"
"5","Savic_2017_cladribine","cladribine","0","48","14.234138","ng/mL","367.5","mg","2","0"
"5","Savic_2017_cladribine","cladribine","0","60","2.385832","ng/mL","367.5","mg","2","0"
"5","Savic_2017_cladribine","cladribine","0","72","5.504648","ng/mL","367.5","mg","2","0"
"5","Savic_2017_cladribine","cladribine","0","114","1.775097","ng/mL","367.5","mg","2","0"
"6","Savic_2017_cladribine","cladribine","1","0",".","ng/mL","367.5","mg","2","."
"6","Savic_2017_cladribine","cladribine","0","0","0","ng/mL","367.5","mg","2","0"
"6","Savic_2017_cladribine","cladribine","0","0.25","1068.007337","ng/mL","367.5","mg","2","0"
"6","Savic_2017_cladribine","cladribine","0","0.5","698.693896","ng/mL","367.5","mg","2","0"
"6","Savic_2017_cladribine","cladribine","0","1","366.754431","ng/mL","367.5","mg","2","0"
"6","Savic_2017_cladribine","cladribine","0","2","199.596751","ng/mL","367.5","mg","2","0"
"6","Savic_2017_cladribine","cladribine","0","4","100.244887","ng/mL","367.5","mg","2","0"
"6","Savic_2017_cladribine","cladribine","0","6","63.177824","ng/mL","367.5","mg","2","0"
"6","Savic_2017_cladribine","cladribine","0","8","49.436921","ng/mL","367.5","mg","2","0"
"6","Savic_2017_cladribine","cladribine","0","12","33.35962","ng/mL","367.5","mg","2","0"
"6","Savic_2017_cladribine","cladribine","0","24","22.517612","ng/mL","367.5","mg","2","0"
"6","Savic_2017_cladribine","cladribine","0","36","11.941514","ng/mL","367.5","mg","2","0"
"6","Savic_2017_cladribine","cladribine","0","48","4.504938","ng/mL","367.5","mg","2","0"
"6","Savic_2017_cladribine","cladribine","0","60","5.03735","ng/mL","367.5","mg","2","0"
"6","Savic_2017_cladribine","cladribine","0","72","4.829321","ng/mL","367.5","mg","2","0"
"6","Savic_2017_cladribine","cladribine","0","114","0.965695","ng/mL","367.5","mg","2","0"
"7","Savic_2017_cladribine","cladribine","1","0",".","ng/mL","367.5","mg","2","."
"7","Savic_2017_cladribine","cladribine","0","0","0","ng/mL","367.5","mg","2","0"
"7","Savic_2017_cladribine","cladribine","0","0.25","415.911876","ng/mL","367.5","mg","2","0"
"7","Savic_2017_cladribine","cladribine","0","0.5","803.216212","ng/mL","367.5","mg","2","0"
"7","Savic_2017_cladribine","cladribine","0","1","559.979824","ng/mL","367.5","mg","2","0"
"7","Savic_2017_cladribine","cladribine","0","2","312.907685","ng/mL","367.5","mg","2","0"
"7","Savic_2017_cladribine","cladribine","0","4","203.026351","ng/mL","367.5","mg","2","0"
"7","Savic_2017_cladribine","cladribine","0","6","173.52242","ng/mL","367.5","mg","2","0"
"7","Savic_2017_cladribine","cladribine","0","8","100.734062","ng/mL","367.5","mg","2","0"
"7","Savic_2017_cladribine","cladribine","0","12","30.484003","ng/mL","367.5","mg","2","0"
"7","Savic_2017_cladribine","cladribine","0","24","26.272053","ng/mL","367.5","mg","2","0"
"7","Savic_2017_cladribine","cladribine","0","36","25.525109","ng/mL","367.5","mg","2","0"
"7","Savic_2017_cladribine","cladribine","0","48","6.721261","ng/mL","367.5","mg","2","0"
"7","Savic_2017_cladribine","cladribine","0","60","6.169642","ng/mL","367.5","mg","2","0"
"7","Savic_2017_cladribine","cladribine","0","72","5.391392","ng/mL","367.5","mg","2","0"
"7","Savic_2017_cladribine","cladribine","0","114","2.288485","ng/mL","367.5","mg","2","0"
"8","Savic_2017_cladribine","cladribine","1","0",".","ng/mL","367.5","mg","2","."
"8","Savic_2017_cladribine","cladribine","0","0","0","ng/mL","367.5","mg","2","0"
"8","Savic_2017_cladribine","cladribine","0","0.25","676.504509","ng/mL","367.5","mg","2","0"
"8","Savic_2017_cladribine","cladribine","0","0.5","1513.815341","ng/mL","367.5","mg","2","0"
"8","Savic_2017_cladribine","cladribine","0","1","1158.477881","ng/mL","367.5","mg","2","0"
"8","Savic_2017_cladribine","cladribine","0","2","179.507456","ng/mL","367.5","mg","2","0"
"8","Savic_2017_cladribine","cladribine","0","4","282.235541","ng/mL","367.5","mg","2","0"
"8","Savic_2017_cladribine","cladribine","0","6","194.489531","ng/mL","367.5","mg","2","0"
"8","Savic_2017_cladribine","cladribine","0","8","147.731917","ng/mL","367.5","mg","2","0"
"8","Savic_2017_cladribine","cladribine","0","12","89.138818","ng/mL","367.5","mg","2","0"
"8","Savic_2017_cladribine","cladribine","0","24","24.231451","ng/mL","367.5","mg","2","0"
"8","Savic_2017_cladribine","cladribine","0","36","20.296525","ng/mL","367.5","mg","2","0"
"8","Savic_2017_cladribine","cladribine","0","48","18.979487","ng/mL","367.5","mg","2","0"
"8","Savic_2017_cladribine","cladribine","0","60","4.975916","ng/mL","367.5","mg","2","0"
"8","Savic_2017_cladribine","cladribine","0","72","3.43456","ng/mL","367.5","mg","2","0"
"8","Savic_2017_cladribine","cladribine","0","114","1.224615","ng/mL","367.5","mg","2","0"
"9","Savic_2017_cladribine","cladribine","1","0",".","ng/mL","367.5","mg","2","."
"9","Savic_2017_cladribine","cladribine","0","0","0","ng/mL","367.5","mg","2","0"
"9","Savic_2017_cladribine","cladribine","0","0.25","455.468257","ng/mL","367.5","mg","2","0"
"9","Savic_2017_cladribine","cladribine","0","0.5","1301.746785","ng/mL","367.5","mg","2","0"
"9","Savic_2017_cladribine","cladribine","0","1","1347.962508","ng/mL","367.5","mg","2","0"
"9","Savic_2017_cladribine","cladribine","0","2","961.860609","ng/mL","367.5","mg","2","0"
"9","Savic_2017_cladribine","cladribine","0","4","154.236236","ng/mL","367.5","mg","2","0"
"9","Savic_2017_cladribine","cladribine","0","6","209.364952","ng/mL","367.5","mg","2","0"
"9","Savic_2017_cladribine","cladribine","0","8","43.76965","ng/mL","367.5","mg","2","0"
"9","Savic_2017_cladribine","cladribine","0","12","75.008107","ng/mL","367.5","mg","2","0"
"9","Savic_2017_cladribine","cladribine","0","24","13.15351","ng/mL","367.5","mg","2","0"
"9","Savic_2017_cladribine","cladribine","0","36","13.334945","ng/mL","367.5","mg","2","0"
"9","Savic_2017_cladribine","cladribine","0","48","12.572537","ng/mL","367.5","mg","2","0"
"9","Savic_2017_cladribine","cladribine","0","60","2.797235","ng/mL","367.5","mg","2","0"
"9","Savic_2017_cladribine","cladribine","0","72","3.539001","ng/mL","367.5","mg","2","0"
"9","Savic_2017_cladribine","cladribine","0","114","1.600962","ng/mL","367.5","mg","2","0"
"10","Savic_2017_cladribine","cladribine","1","0",".","ng/mL","367.5","mg","2","."
"10","Savic_2017_cladribine","cladribine","0","0","0","ng/mL","367.5","mg","2","0"
"10","Savic_2017_cladribine","cladribine","0","0.25","118.86756","ng/mL","367.5","mg","2","0"
"10","Savic_2017_cladribine","cladribine","0","0.5","427.107331","ng/mL","367.5","mg","2","0"
"10","Savic_2017_cladribine","cladribine","0","1","501.925972","ng/mL","367.5","mg","2","0"
"10","Savic_2017_cladribine","cladribine","0","2","586.023903","ng/mL","367.5","mg","2","0"
"10","Savic_2017_cladribine","cladribine","0","4","303.735388","ng/mL","367.5","mg","2","0"
"10","Savic_2017_cladribine","cladribine","0","6","181.830386","ng/mL","367.5","mg","2","0"
"10","Savic_2017_cladribine","cladribine","0","8","109.161424","ng/mL","367.5","mg","2","0"
"10","Savic_2017_cladribine","cladribine","0","12","127.588423","ng/mL","367.5","mg","2","0"
"10","Savic_2017_cladribine","cladribine","0","24","27.185658","ng/mL","367.5","mg","2","0"
"10","Savic_2017_cladribine","cladribine","0","36","1.693084","ng/mL","367.5","mg","2","0"
"10","Savic_2017_cladribine","cladribine","0","48","13.344216","ng/mL","367.5","mg","2","0"
"10","Savic_2017_cladribine","cladribine","0","60","14.233495","ng/mL","367.5","mg","2","0"
"10","Savic_2017_cladribine","cladribine","0","72","8.256506","ng/mL","367.5","mg","2","0"
"10","Savic_2017_cladribine","cladribine","0","114","2.535774","ng/mL","367.5","mg","2","0"
"1","Debord_2001_cyclosporin","cyclosporin","1","0",".","mg/L","175","mg","2","."
"1","Debord_2001_cyclosporin","cyclosporin","0","0","0","mg/L","175","mg","2","0"
"1","Debord_2001_cyclosporin","cyclosporin","0","0.25","0","mg/L","175","mg","2","1"
"1","Debord_2001_cyclosporin","cyclosporin","0","0.5","0.208113","mg/L","175","mg","2","0"
"1","Debord_2001_cyclosporin","cyclosporin","0","1","1.468555","mg/L","175","mg","2","0"
"1","Debord_2001_cyclosporin","cyclosporin","0","2","0.816874","mg/L","175","mg","2","0"
"1","Debord_2001_cyclosporin","cyclosporin","0","4","0.182394","mg/L","175","mg","2","0"
"1","Debord_2001_cyclosporin","cyclosporin","0","6","0.055078","mg/L","175","mg","2","0"
"1","Debord_2001_cyclosporin","cyclosporin","0","8","0","mg/L","175","mg","2","1"
"1","Debord_2001_cyclosporin","cyclosporin","0","11","0.023548","mg/L","175","mg","2","0"
"2","Debord_2001_cyclosporin","cyclosporin","1","0",".","mg/L","175","mg","2","."
"2","Debord_2001_cyclosporin","cyclosporin","0","0","0","mg/L","175","mg","2","0"
"2","Debord_2001_cyclosporin","cyclosporin","0","0.25","0.130918","mg/L","175","mg","2","0"
"2","Debord_2001_cyclosporin","cyclosporin","0","0.5","1.08884","mg/L","175","mg","2","0"
"2","Debord_2001_cyclosporin","cyclosporin","0","1","1.757333","mg/L","175","mg","2","0"
"2","Debord_2001_cyclosporin","cyclosporin","0","2","0.786328","mg/L","175","mg","2","0"
"2","Debord_2001_cyclosporin","cyclosporin","0","4","0.271177","mg/L","175","mg","2","0"
"2","Debord_2001_cyclosporin","cyclosporin","0","6","0.069691","mg/L","175","mg","2","0"
"2","Debord_2001_cyclosporin","cyclosporin","0","8","0.052555","mg/L","175","mg","2","0"
"2","Debord_2001_cyclosporin","cyclosporin","0","11","0","mg/L","175","mg","2","1"
"3","Debord_2001_cyclosporin","cyclosporin","1","0",".","mg/L","175","mg","2","."
"3","Debord_2001_cyclosporin","cyclosporin","0","0","0","mg/L","175","mg","2","0"
"3","Debord_2001_cyclosporin","cyclosporin","0","0.25","0.233362","mg/L","175","mg","2","0"
"3","Debord_2001_cyclosporin","cyclosporin","0","0.5","1.453677","mg/L","175","mg","2","0"
"3","Debord_2001_cyclosporin","cyclosporin","0","1","0.673935","mg/L","175","mg","2","0"
"3","Debord_2001_cyclosporin","cyclosporin","0","2","0.134097","mg/L","175","mg","2","0"
"3","Debord_2001_cyclosporin","cyclosporin","0","4","0.055693","mg/L","175","mg","2","0"
"3","Debord_2001_cyclosporin","cyclosporin","0","6","0.034142","mg/L","175","mg","2","0"
"3","Debord_2001_cyclosporin","cyclosporin","0","8","0.042004","mg/L","175","mg","2","0"
"3","Debord_2001_cyclosporin","cyclosporin","0","11","0.004926","mg/L","175","mg","2","0"
"4","Debord_2001_cyclosporin","cyclosporin","1","0",".","mg/L","175","mg","2","."
"4","Debord_2001_cyclosporin","cyclosporin","0","0","0","mg/L","175","mg","2","0"
"4","Debord_2001_cyclosporin","cyclosporin","0","0.25","0.067558","mg/L","175","mg","2","0"
"4","Debord_2001_cyclosporin","cyclosporin","0","0.5","1.079834","mg/L","175","mg","2","0"
"4","Debord_2001_cyclosporin","cyclosporin","0","1","1.42875","mg/L","175","mg","2","0"
"4","Debord_2001_cyclosporin","cyclosporin","0","2","0.72223","mg/L","175","mg","2","0"
"4","Debord_2001_cyclosporin","cyclosporin","0","4","0.321414","mg/L","175","mg","2","0"
"4","Debord_2001_cyclosporin","cyclosporin","0","6","0.241876","mg/L","175","mg","2","0"
"4","Debord_2001_cyclosporin","cyclosporin","0","8","0.203603","mg/L","175","mg","2","0"
"4","Debord_2001_cyclosporin","cyclosporin","0","11","0.124249","mg/L","175","mg","2","0"
"5","Debord_2001_cyclosporin","cyclosporin","1","0",".","mg/L","175","mg","2","."
"5","Debord_2001_cyclosporin","cyclosporin","0","0","0","mg/L","175","mg","2","0"
"5","Debord_2001_cyclosporin","cyclosporin","0","0.25","0.030593","mg/L","175","mg","2","0"
"5","Debord_2001_cyclosporin","cyclosporin","0","0.5","0.021262","mg/L","175","mg","2","0"
"5","Debord_2001_cyclosporin","cyclosporin","0","1","0.635184","mg/L","175","mg","2","0"
"5","Debord_2001_cyclosporin","cyclosporin","0","2","1.786399","mg/L","175","mg","2","0"
"5","Debord_2001_cyclosporin","cyclosporin","0","4","0.463204","mg/L","175","mg","2","0"
"5","Debord_2001_cyclosporin","cyclosporin","0","6","0.231771","mg/L","175","mg","2","0"
"5","Debord_2001_cyclosporin","cyclosporin","0","8","0.105464","mg/L","175","mg","2","0"
"5","Debord_2001_cyclosporin","cyclosporin","0","11","0.05129","mg/L","175","mg","2","0"
"6","Debord_2001_cyclosporin","cyclosporin","1","0",".","mg/L","175","mg","2","."
"6","Debord_2001_cyclosporin","cyclosporin","0","0","0","mg/L","175","mg","2","0"
"6","Debord_2001_cyclosporin","cyclosporin","0","0.25","0.082846","mg/L","175","mg","2","0"
"6","Debord_2001_cyclosporin","cyclosporin","0","0.5","0.353181","mg/L","175","mg","2","0"
"6","Debord_2001_cyclosporin","cyclosporin","0","1","1.059983","mg/L","175","mg","2","0"
"6","Debord_2001_cyclosporin","cyclosporin","0","2","0.931151","mg/L","175","mg","2","0"
"6","Debord_2001_cyclosporin","cyclosporin","0","4","0.626979","mg/L","175","mg","2","0"
"6","Debord_2001_cyclosporin","cyclosporin","0","6","0.43487","mg/L","175","mg","2","0"
"6","Debord_2001_cyclosporin","cyclosporin","0","8","0.337382","mg/L","175","mg","2","0"
"6","Debord_2001_cyclosporin","cyclosporin","0","11","0.280068","mg/L","175","mg","2","0"
"7","Debord_2001_cyclosporin","cyclosporin","1","0",".","mg/L","175","mg","2","."
"7","Debord_2001_cyclosporin","cyclosporin","0","0","0","mg/L","175","mg","2","0"
"7","Debord_2001_cyclosporin","cyclosporin","0","0.25","0.006159","mg/L","175","mg","2","0"
"7","Debord_2001_cyclosporin","cyclosporin","0","0.5","0.219414","mg/L","175","mg","2","0"
"7","Debord_2001_cyclosporin","cyclosporin","0","1","1.576818","mg/L","175","mg","2","0"
"7","Debord_2001_cyclosporin","cyclosporin","0","2","0.640099","mg/L","175","mg","2","0"
"7","Debord_2001_cyclosporin","cyclosporin","0","4","0.228222","mg/L","175","mg","2","0"
"7","Debord_2001_cyclosporin","cyclosporin","0","6","0.082606","mg/L","175","mg","2","0"
"7","Debord_2001_cyclosporin","cyclosporin","0","8","0.026544","mg/L","175","mg","2","0"
"7","Debord_2001_cyclosporin","cyclosporin","0","11","0.033222","mg/L","175","mg","2","0"
"8","Debord_2001_cyclosporin","cyclosporin","1","0",".","mg/L","175","mg","2","."
"8","Debord_2001_cyclosporin","cyclosporin","0","0","0","mg/L","175","mg","2","0"
"8","Debord_2001_cyclosporin","cyclosporin","0","0.25","0.037314","mg/L","175","mg","2","0"
"8","Debord_2001_cyclosporin","cyclosporin","0","0.5","0.026262","mg/L","175","mg","2","0"
"8","Debord_2001_cyclosporin","cyclosporin","0","1","0.722291","mg/L","175","mg","2","0"
"8","Debord_2001_cyclosporin","cyclosporin","0","2","0.783808","mg/L","175","mg","2","0"
"8","Debord_2001_cyclosporin","cyclosporin","0","4","0.056828","mg/L","175","mg","2","0"
"8","Debord_2001_cyclosporin","cyclosporin","0","6","0.008719","mg/L","175","mg","2","0"
"8","Debord_2001_cyclosporin","cyclosporin","0","8","0.043205","mg/L","175","mg","2","0"
"8","Debord_2001_cyclosporin","cyclosporin","0","11","0","mg/L","175","mg","2","1"
"9","Debord_2001_cyclosporin","cyclosporin","1","0",".","mg/L","175","mg","2","."
"9","Debord_2001_cyclosporin","cyclosporin","0","0","0","mg/L","175","mg","2","0"
"9","Debord_2001_cyclosporin","cyclosporin","0","0.25","8.8e-05","mg/L","175","mg","2","0"
"9","Debord_2001_cyclosporin","cyclosporin","0","0.5","0.222678","mg/L","175","mg","2","0"
"9","Debord_2001_cyclosporin","cyclosporin","0","1","1.403392","mg/L","175","mg","2","0"
"9","Debord_2001_cyclosporin","cyclosporin","0","2","1.222864","mg/L","175","mg","2","0"
"9","Debord_2001_cyclosporin","cyclosporin","0","4","0.688828","mg/L","175","mg","2","0"
"9","Debord_2001_cyclosporin","cyclosporin","0","6","0.409146","mg/L","175","mg","2","0"
"9","Debord_2001_cyclosporin","cyclosporin","0","8","0.222987","mg/L","175","mg","2","0"
"9","Debord_2001_cyclosporin","cyclosporin","0","11","0.090722","mg/L","175","mg","2","0"
"10","Debord_2001_cyclosporin","cyclosporin","1","0",".","mg/L","175","mg","2","."
"10","Debord_2001_cyclosporin","cyclosporin","0","0","0","mg/L","175","mg","2","0"
"10","Debord_2001_cyclosporin","cyclosporin","0","0.25","0.034236","mg/L","175","mg","2","0"
"10","Debord_2001_cyclosporin","cyclosporin","0","0.5","0.321087","mg/L","175","mg","2","0"
"10","Debord_2001_cyclosporin","cyclosporin","0","1","1.043878","mg/L","175","mg","2","0"
"10","Debord_2001_cyclosporin","cyclosporin","0","2","0.71066","mg/L","175","mg","2","0"
"10","Debord_2001_cyclosporin","cyclosporin","0","4","0.20307","mg/L","175","mg","2","0"
"10","Debord_2001_cyclosporin","cyclosporin","0","6","0.096483","mg/L","175","mg","2","0"
"10","Debord_2001_cyclosporin","cyclosporin","0","8","0.049876","mg/L","175","mg","2","0"
"10","Debord_2001_cyclosporin","cyclosporin","0","11","0.056909","mg/L","175","mg","2","0"
"1","Othman_2014_daclizumab","daclizumab","1","0",".","ug/mL","400","mg","2","."
"1","Othman_2014_daclizumab","daclizumab","0","0","0","ug/mL","400","mg","2","0"
"1","Othman_2014_daclizumab","daclizumab","0","4","2.216249","ug/mL","400","mg","2","0"
"1","Othman_2014_daclizumab","daclizumab","0","24","20.017834","ug/mL","400","mg","2","0"
"1","Othman_2014_daclizumab","daclizumab","0","72","16.60585","ug/mL","400","mg","2","0"
"1","Othman_2014_daclizumab","daclizumab","0","168","48.649772","ug/mL","400","mg","2","0"
"1","Othman_2014_daclizumab","daclizumab","0","336","34.56755","ug/mL","400","mg","2","0"
"1","Othman_2014_daclizumab","daclizumab","0","504","33.162389","ug/mL","400","mg","2","0"
"1","Othman_2014_daclizumab","daclizumab","0","672","28.792787","ug/mL","400","mg","2","0"
"1","Othman_2014_daclizumab","daclizumab","0","840","28.203177","ug/mL","400","mg","2","0"
"1","Othman_2014_daclizumab","daclizumab","0","1008","23.429369","ug/mL","400","mg","2","0"
"1","Othman_2014_daclizumab","daclizumab","0","1176","14.629501","ug/mL","400","mg","2","0"
"1","Othman_2014_daclizumab","daclizumab","0","1512","12.951135","ug/mL","400","mg","2","0"
"1","Othman_2014_daclizumab","daclizumab","0","2016","13.048979","ug/mL","400","mg","2","0"
"1","Othman_2014_daclizumab","daclizumab","0","2304","8.495967","ug/mL","400","mg","2","0"
"2","Othman_2014_daclizumab","daclizumab","1","0",".","ug/mL","400","mg","2","."
"2","Othman_2014_daclizumab","daclizumab","0","0","0","ug/mL","400","mg","2","0"
"2","Othman_2014_daclizumab","daclizumab","0","4","1.820778","ug/mL","400","mg","2","0"
"2","Othman_2014_daclizumab","daclizumab","0","24","9.97323","ug/mL","400","mg","2","0"
"2","Othman_2014_daclizumab","daclizumab","0","72","25.963982","ug/mL","400","mg","2","0"
"2","Othman_2014_daclizumab","daclizumab","0","168","31.925985","ug/mL","400","mg","2","0"
"2","Othman_2014_daclizumab","daclizumab","0","336","39.016438","ug/mL","400","mg","2","0"
"2","Othman_2014_daclizumab","daclizumab","0","504","23.365102","ug/mL","400","mg","2","0"
"2","Othman_2014_daclizumab","daclizumab","0","672","18.935317","ug/mL","400","mg","2","0"
"2","Othman_2014_daclizumab","daclizumab","0","840","10.167757","ug/mL","400","mg","2","0"
"2","Othman_2014_daclizumab","daclizumab","0","1008","14.888112","ug/mL","400","mg","2","0"
"2","Othman_2014_daclizumab","daclizumab","0","1176","7.173476","ug/mL","400","mg","2","0"
"2","Othman_2014_daclizumab","daclizumab","0","1512","3.715103","ug/mL","400","mg","2","0"
"2","Othman_2014_daclizumab","daclizumab","0","2016","0.945355","ug/mL","400","mg","2","0"
"2","Othman_2014_daclizumab","daclizumab","0","2304","0.273322","ug/mL","400","mg","2","0"
"3","Othman_2014_daclizumab","daclizumab","1","0",".","ug/mL","400","mg","2","."
"3","Othman_2014_daclizumab","daclizumab","0","0","0","ug/mL","400","mg","2","0"
"3","Othman_2014_daclizumab","daclizumab","0","4","1.882035","ug/mL","400","mg","2","0"
"3","Othman_2014_daclizumab","daclizumab","0","24","19.406785","ug/mL","400","mg","2","0"
"3","Othman_2014_daclizumab","daclizumab","0","72","44.470079","ug/mL","400","mg","2","0"
"3","Othman_2014_daclizumab","daclizumab","0","168","32.820213","ug/mL","400","mg","2","0"
"3","Othman_2014_daclizumab","daclizumab","0","336","38.450282","ug/mL","400","mg","2","0"
"3","Othman_2014_daclizumab","daclizumab","0","504","25.534199","ug/mL","400","mg","2","0"
"3","Othman_2014_daclizumab","daclizumab","0","672","21.455808","ug/mL","400","mg","2","0"
"3","Othman_2014_daclizumab","daclizumab","0","840","15.639177","ug/mL","400","mg","2","0"
"3","Othman_2014_daclizumab","daclizumab","0","1008","16.303374","ug/mL","400","mg","2","0"
"3","Othman_2014_daclizumab","daclizumab","0","1176","10.537234","ug/mL","400","mg","2","0"
"3","Othman_2014_daclizumab","daclizumab","0","1512","3.359535","ug/mL","400","mg","2","0"
"3","Othman_2014_daclizumab","daclizumab","0","2016","1.80968","ug/mL","400","mg","2","0"
"3","Othman_2014_daclizumab","daclizumab","0","2304","1.498889","ug/mL","400","mg","2","0"
"4","Othman_2014_daclizumab","daclizumab","1","0",".","ug/mL","400","mg","2","."
"4","Othman_2014_daclizumab","daclizumab","0","0","0","ug/mL","400","mg","2","0"
"4","Othman_2014_daclizumab","daclizumab","0","4","2.921378","ug/mL","400","mg","2","0"
"4","Othman_2014_daclizumab","daclizumab","0","24","12.298343","ug/mL","400","mg","2","0"
"4","Othman_2014_daclizumab","daclizumab","0","72","36.74021","ug/mL","400","mg","2","0"
"4","Othman_2014_daclizumab","daclizumab","0","168","30.957822","ug/mL","400","mg","2","0"
"4","Othman_2014_daclizumab","daclizumab","0","336","28.260633","ug/mL","400","mg","2","0"
"4","Othman_2014_daclizumab","daclizumab","0","504","16.482471","ug/mL","400","mg","2","0"
"4","Othman_2014_daclizumab","daclizumab","0","672","19.375083","ug/mL","400","mg","2","0"
"4","Othman_2014_daclizumab","daclizumab","0","840","14.853267","ug/mL","400","mg","2","0"
"4","Othman_2014_daclizumab","daclizumab","0","1008","19.48884","ug/mL","400","mg","2","0"
"4","Othman_2014_daclizumab","daclizumab","0","1176","14.543997","ug/mL","400","mg","2","0"
"4","Othman_2014_daclizumab","daclizumab","0","1512","15.831835","ug/mL","400","mg","2","0"
"4","Othman_2014_daclizumab","daclizumab","0","2016","6.586771","ug/mL","400","mg","2","0"
"4","Othman_2014_daclizumab","daclizumab","0","2304","5.813566","ug/mL","400","mg","2","0"
"5","Othman_2014_daclizumab","daclizumab","1","0",".","ug/mL","400","mg","2","."
"5","Othman_2014_daclizumab","daclizumab","0","0","0","ug/mL","400","mg","2","0"
"5","Othman_2014_daclizumab","daclizumab","0","4","1.619356","ug/mL","400","mg","2","0"
"5","Othman_2014_daclizumab","daclizumab","0","24","15.361944","ug/mL","400","mg","2","0"
"5","Othman_2014_daclizumab","daclizumab","0","72","23.226477","ug/mL","400","mg","2","0"
"5","Othman_2014_daclizumab","daclizumab","0","168","27.193845","ug/mL","400","mg","2","0"
"5","Othman_2014_daclizumab","daclizumab","0","336","23.646965","ug/mL","400","mg","2","0"
"5","Othman_2014_daclizumab","daclizumab","0","504","29.312792","ug/mL","400","mg","2","0"
"5","Othman_2014_daclizumab","daclizumab","0","672","23.916412","ug/mL","400","mg","2","0"
"5","Othman_2014_daclizumab","daclizumab","0","840","20.672073","ug/mL","400","mg","2","0"
"5","Othman_2014_daclizumab","daclizumab","0","1008","11.205638","ug/mL","400","mg","2","0"
"5","Othman_2014_daclizumab","daclizumab","0","1176","13.0197","ug/mL","400","mg","2","0"
"5","Othman_2014_daclizumab","daclizumab","0","1512","6.779089","ug/mL","400","mg","2","0"
"5","Othman_2014_daclizumab","daclizumab","0","2016","2.810959","ug/mL","400","mg","2","0"
"5","Othman_2014_daclizumab","daclizumab","0","2304","2.081892","ug/mL","400","mg","2","0"
"6","Othman_2014_daclizumab","daclizumab","1","0",".","ug/mL","400","mg","2","."
"6","Othman_2014_daclizumab","daclizumab","0","0","0","ug/mL","400","mg","2","0"
"6","Othman_2014_daclizumab","daclizumab","0","4","1.201692","ug/mL","400","mg","2","0"
"6","Othman_2014_daclizumab","daclizumab","0","24","15.388274","ug/mL","400","mg","2","0"
"6","Othman_2014_daclizumab","daclizumab","0","72","45.537747","ug/mL","400","mg","2","0"
"6","Othman_2014_daclizumab","daclizumab","0","168","22.823628","ug/mL","400","mg","2","0"
"6","Othman_2014_daclizumab","daclizumab","0","336","29.478074","ug/mL","400","mg","2","0"
"6","Othman_2014_daclizumab","daclizumab","0","504","25.788768","ug/mL","400","mg","2","0"
"6","Othman_2014_daclizumab","daclizumab","0","672","10.619182","ug/mL","400","mg","2","0"
"6","Othman_2014_daclizumab","daclizumab","0","840","12.924806","ug/mL","400","mg","2","0"
"6","Othman_2014_daclizumab","daclizumab","0","1008","5.452423","ug/mL","400","mg","2","0"
"6","Othman_2014_daclizumab","daclizumab","0","1176","5.219538","ug/mL","400","mg","2","0"
"6","Othman_2014_daclizumab","daclizumab","0","1512","3.363326","ug/mL","400","mg","2","0"
"6","Othman_2014_daclizumab","daclizumab","0","2016","2.007651","ug/mL","400","mg","2","0"
"6","Othman_2014_daclizumab","daclizumab","0","2304","1.443666","ug/mL","400","mg","2","0"
"7","Othman_2014_daclizumab","daclizumab","1","0",".","ug/mL","400","mg","2","."
"7","Othman_2014_daclizumab","daclizumab","0","0","0","ug/mL","400","mg","2","0"
"7","Othman_2014_daclizumab","daclizumab","0","4","0.489999","ug/mL","400","mg","2","0"
"7","Othman_2014_daclizumab","daclizumab","0","24","10.311036","ug/mL","400","mg","2","0"
"7","Othman_2014_daclizumab","daclizumab","0","72","26.228946","ug/mL","400","mg","2","0"
"7","Othman_2014_daclizumab","daclizumab","0","168","28.675781","ug/mL","400","mg","2","0"
"7","Othman_2014_daclizumab","daclizumab","0","336","27.424045","ug/mL","400","mg","2","0"
"7","Othman_2014_daclizumab","daclizumab","0","504","31.380279","ug/mL","400","mg","2","0"
"7","Othman_2014_daclizumab","daclizumab","0","672","21.865253","ug/mL","400","mg","2","0"
"7","Othman_2014_daclizumab","daclizumab","0","840","12.560199","ug/mL","400","mg","2","0"
"7","Othman_2014_daclizumab","daclizumab","0","1008","10.231294","ug/mL","400","mg","2","0"
"7","Othman_2014_daclizumab","daclizumab","0","1176","9.452451","ug/mL","400","mg","2","0"
"7","Othman_2014_daclizumab","daclizumab","0","1512","4.455281","ug/mL","400","mg","2","0"
"7","Othman_2014_daclizumab","daclizumab","0","2016","1.134208","ug/mL","400","mg","2","0"
"7","Othman_2014_daclizumab","daclizumab","0","2304","0.091312","ug/mL","400","mg","2","0"
"8","Othman_2014_daclizumab","daclizumab","1","0",".","ug/mL","400","mg","2","."
"8","Othman_2014_daclizumab","daclizumab","0","0","0","ug/mL","400","mg","2","0"
"8","Othman_2014_daclizumab","daclizumab","0","4","2.441374","ug/mL","400","mg","2","0"
"8","Othman_2014_daclizumab","daclizumab","0","24","18.860498","ug/mL","400","mg","2","0"
"8","Othman_2014_daclizumab","daclizumab","0","72","40.15419","ug/mL","400","mg","2","0"
"8","Othman_2014_daclizumab","daclizumab","0","168","37.972108","ug/mL","400","mg","2","0"
"8","Othman_2014_daclizumab","daclizumab","0","336","28.5022","ug/mL","400","mg","2","0"
"8","Othman_2014_daclizumab","daclizumab","0","504","16.06546","ug/mL","400","mg","2","0"
"8","Othman_2014_daclizumab","daclizumab","0","672","21.62436","ug/mL","400","mg","2","0"
"8","Othman_2014_daclizumab","daclizumab","0","840","20.250534","ug/mL","400","mg","2","0"
"8","Othman_2014_daclizumab","daclizumab","0","1008","13.725934","ug/mL","400","mg","2","0"
"8","Othman_2014_daclizumab","daclizumab","0","1176","14.909571","ug/mL","400","mg","2","0"
"8","Othman_2014_daclizumab","daclizumab","0","1512","4.84676","ug/mL","400","mg","2","0"
"8","Othman_2014_daclizumab","daclizumab","0","2016","2.878408","ug/mL","400","mg","2","0"
"8","Othman_2014_daclizumab","daclizumab","0","2304","2.011155","ug/mL","400","mg","2","0"
"9","Othman_2014_daclizumab","daclizumab","1","0",".","ug/mL","400","mg","2","."
"9","Othman_2014_daclizumab","daclizumab","0","0","0","ug/mL","400","mg","2","0"
"9","Othman_2014_daclizumab","daclizumab","0","4","1.904932","ug/mL","400","mg","2","0"
"9","Othman_2014_daclizumab","daclizumab","0","24","9.691708","ug/mL","400","mg","2","0"
"9","Othman_2014_daclizumab","daclizumab","0","72","33.0468","ug/mL","400","mg","2","0"
"9","Othman_2014_daclizumab","daclizumab","0","168","35.819424","ug/mL","400","mg","2","0"
"9","Othman_2014_daclizumab","daclizumab","0","336","27.114338","ug/mL","400","mg","2","0"
"9","Othman_2014_daclizumab","daclizumab","0","504","18.738158","ug/mL","400","mg","2","0"
"9","Othman_2014_daclizumab","daclizumab","0","672","19.317558","ug/mL","400","mg","2","0"
"9","Othman_2014_daclizumab","daclizumab","0","840","9.997276","ug/mL","400","mg","2","0"
"9","Othman_2014_daclizumab","daclizumab","0","1008","14.561724","ug/mL","400","mg","2","0"
"9","Othman_2014_daclizumab","daclizumab","0","1176","10.118494","ug/mL","400","mg","2","0"
"9","Othman_2014_daclizumab","daclizumab","0","1512","6.19293","ug/mL","400","mg","2","0"
"9","Othman_2014_daclizumab","daclizumab","0","2016","4.595757","ug/mL","400","mg","2","0"
"9","Othman_2014_daclizumab","daclizumab","0","2304","2.122018","ug/mL","400","mg","2","0"
"10","Othman_2014_daclizumab","daclizumab","1","0",".","ug/mL","400","mg","2","."
"10","Othman_2014_daclizumab","daclizumab","0","0","0","ug/mL","400","mg","2","0"
"10","Othman_2014_daclizumab","daclizumab","0","4","1.818662","ug/mL","400","mg","2","0"
"10","Othman_2014_daclizumab","daclizumab","0","24","20.751004","ug/mL","400","mg","2","0"
"10","Othman_2014_daclizumab","daclizumab","0","72","25.954788","ug/mL","400","mg","2","0"
"10","Othman_2014_daclizumab","daclizumab","0","168","35.440506","ug/mL","400","mg","2","0"
"10","Othman_2014_daclizumab","daclizumab","0","336","44.0598","ug/mL","400","mg","2","0"
"10","Othman_2014_daclizumab","daclizumab","0","504","23.499887","ug/mL","400","mg","2","0"
"10","Othman_2014_daclizumab","daclizumab","0","672","20.896473","ug/mL","400","mg","2","0"
"10","Othman_2014_daclizumab","daclizumab","0","840","15.124991","ug/mL","400","mg","2","0"
"10","Othman_2014_daclizumab","daclizumab","0","1008","11.722532","ug/mL","400","mg","2","0"
"10","Othman_2014_daclizumab","daclizumab","0","1176","7.264698","ug/mL","400","mg","2","0"
"10","Othman_2014_daclizumab","daclizumab","0","1512","2.769881","ug/mL","400","mg","2","0"
"10","Othman_2014_daclizumab","daclizumab","0","2016","1.13213","ug/mL","400","mg","2","0"
"10","Othman_2014_daclizumab","daclizumab","0","2304","0.760444","ug/mL","400","mg","2","0"
"1","Jelliffe_2014_digoxin","digoxin","1","0",".","ng/mL","1.149","mg","2","."
"1","Jelliffe_2014_digoxin","digoxin","0","0","0","ng/mL","1.149","mg","2","0"
"1","Jelliffe_2014_digoxin","digoxin","0","1","0.002486","ng/mL","1.149","mg","2","0"
"1","Jelliffe_2014_digoxin","digoxin","0","2","0.002757","ng/mL","1.149","mg","2","0"
"1","Jelliffe_2014_digoxin","digoxin","0","4","0.002061","ng/mL","1.149","mg","2","0"
"1","Jelliffe_2014_digoxin","digoxin","0","8","0.001264","ng/mL","1.149","mg","2","0"
"1","Jelliffe_2014_digoxin","digoxin","0","24","0.000945","ng/mL","1.149","mg","2","0"
"1","Jelliffe_2014_digoxin","digoxin","0","48","7e-04","ng/mL","1.149","mg","2","0"
"1","Jelliffe_2014_digoxin","digoxin","0","72","0.000521","ng/mL","1.149","mg","2","0"
"1","Jelliffe_2014_digoxin","digoxin","0","96","0.000373","ng/mL","1.149","mg","2","0"
"1","Jelliffe_2014_digoxin","digoxin","0","120","0.000282","ng/mL","1.149","mg","2","0"
"1","Jelliffe_2014_digoxin","digoxin","0","168","0.000154","ng/mL","1.149","mg","2","0"
"1","Jelliffe_2014_digoxin","digoxin","0","255","5.2e-05","ng/mL","1.149","mg","2","0"
"2","Jelliffe_2014_digoxin","digoxin","1","0",".","ng/mL","1.149","mg","2","."
"2","Jelliffe_2014_digoxin","digoxin","0","0","0","ng/mL","1.149","mg","2","0"
"2","Jelliffe_2014_digoxin","digoxin","0","1","0.003751","ng/mL","1.149","mg","2","0"
"2","Jelliffe_2014_digoxin","digoxin","0","2","0.004169","ng/mL","1.149","mg","2","0"
"2","Jelliffe_2014_digoxin","digoxin","0","4","0.002983","ng/mL","1.149","mg","2","0"
"2","Jelliffe_2014_digoxin","digoxin","0","8","0.001726","ng/mL","1.149","mg","2","0"
"2","Jelliffe_2014_digoxin","digoxin","0","24","0.001261","ng/mL","1.149","mg","2","0"
"2","Jelliffe_2014_digoxin","digoxin","0","48","0.000954","ng/mL","1.149","mg","2","0"
"2","Jelliffe_2014_digoxin","digoxin","0","72","0.000705","ng/mL","1.149","mg","2","0"
"2","Jelliffe_2014_digoxin","digoxin","0","96","0.00052","ng/mL","1.149","mg","2","0"
"2","Jelliffe_2014_digoxin","digoxin","0","120","0.000396","ng/mL","1.149","mg","2","0"
"2","Jelliffe_2014_digoxin","digoxin","0","168","0.000216","ng/mL","1.149","mg","2","0"
"2","Jelliffe_2014_digoxin","digoxin","0","255","7.7e-05","ng/mL","1.149","mg","2","0"
"3","Jelliffe_2014_digoxin","digoxin","1","0",".","ng/mL","1.149","mg","2","."
"3","Jelliffe_2014_digoxin","digoxin","0","0","0","ng/mL","1.149","mg","2","0"
"3","Jelliffe_2014_digoxin","digoxin","0","1","0.002582","ng/mL","1.149","mg","2","0"
"3","Jelliffe_2014_digoxin","digoxin","0","2","0.002956","ng/mL","1.149","mg","2","0"
"3","Jelliffe_2014_digoxin","digoxin","0","4","0.002319","ng/mL","1.149","mg","2","0"
"3","Jelliffe_2014_digoxin","digoxin","0","8","0.001525","ng/mL","1.149","mg","2","0"
"3","Jelliffe_2014_digoxin","digoxin","0","24","0.001114","ng/mL","1.149","mg","2","0"
"3","Jelliffe_2014_digoxin","digoxin","0","48","0.000768","ng/mL","1.149","mg","2","0"
"3","Jelliffe_2014_digoxin","digoxin","0","72","0.000546","ng/mL","1.149","mg","2","0"
"3","Jelliffe_2014_digoxin","digoxin","0","96","0.000369","ng/mL","1.149","mg","2","0"
"3","Jelliffe_2014_digoxin","digoxin","0","120","0.00026","ng/mL","1.149","mg","2","0"
"3","Jelliffe_2014_digoxin","digoxin","0","168","0.000126","ng/mL","1.149","mg","2","0"
"3","Jelliffe_2014_digoxin","digoxin","0","255","3.3e-05","ng/mL","1.149","mg","2","0"
"4","Jelliffe_2014_digoxin","digoxin","1","0",".","ng/mL","1.149","mg","2","."
"4","Jelliffe_2014_digoxin","digoxin","0","0","0","ng/mL","1.149","mg","2","0"
"4","Jelliffe_2014_digoxin","digoxin","0","1","0.002124","ng/mL","1.149","mg","2","0"
"4","Jelliffe_2014_digoxin","digoxin","0","2","0.002344","ng/mL","1.149","mg","2","0"
"4","Jelliffe_2014_digoxin","digoxin","0","4","0.001752","ng/mL","1.149","mg","2","0"
"4","Jelliffe_2014_digoxin","digoxin","0","8","0.001069","ng/mL","1.149","mg","2","0"
"4","Jelliffe_2014_digoxin","digoxin","0","24","0.000784","ng/mL","1.149","mg","2","0"
"4","Jelliffe_2014_digoxin","digoxin","0","48","0.000582","ng/mL","1.149","mg","2","0"
"4","Jelliffe_2014_digoxin","digoxin","0","72","0.000424","ng/mL","1.149","mg","2","0"
"4","Jelliffe_2014_digoxin","digoxin","0","96","0.000309","ng/mL","1.149","mg","2","0"
"4","Jelliffe_2014_digoxin","digoxin","0","120","0.000227","ng/mL","1.149","mg","2","0"
"4","Jelliffe_2014_digoxin","digoxin","0","168","0.00012","ng/mL","1.149","mg","2","0"
"4","Jelliffe_2014_digoxin","digoxin","0","255","4e-05","ng/mL","1.149","mg","2","0"
"5","Jelliffe_2014_digoxin","digoxin","1","0",".","ng/mL","1.149","mg","2","."
"5","Jelliffe_2014_digoxin","digoxin","0","0","0","ng/mL","1.149","mg","2","0"
"5","Jelliffe_2014_digoxin","digoxin","0","1","0.003091","ng/mL","1.149","mg","2","0"
"5","Jelliffe_2014_digoxin","digoxin","0","2","0.003139","ng/mL","1.149","mg","2","0"
"5","Jelliffe_2014_digoxin","digoxin","0","4","0.002134","ng/mL","1.149","mg","2","0"
"5","Jelliffe_2014_digoxin","digoxin","0","8","0.001401","ng/mL","1.149","mg","2","0"
"5","Jelliffe_2014_digoxin","digoxin","0","24","0.001104","ng/mL","1.149","mg","2","0"
"5","Jelliffe_2014_digoxin","digoxin","0","48","0.000813","ng/mL","1.149","mg","2","0"
"5","Jelliffe_2014_digoxin","digoxin","0","72","0.000592","ng/mL","1.149","mg","2","0"
"5","Jelliffe_2014_digoxin","digoxin","0","96","0.000423","ng/mL","1.149","mg","2","0"
"5","Jelliffe_2014_digoxin","digoxin","0","120","0.000316","ng/mL","1.149","mg","2","0"
"5","Jelliffe_2014_digoxin","digoxin","0","168","0.000168","ng/mL","1.149","mg","2","0"
"5","Jelliffe_2014_digoxin","digoxin","0","255","5.3e-05","ng/mL","1.149","mg","2","0"
"6","Jelliffe_2014_digoxin","digoxin","1","0",".","ng/mL","1.149","mg","2","."
"6","Jelliffe_2014_digoxin","digoxin","0","0","0","ng/mL","1.149","mg","2","0"
"6","Jelliffe_2014_digoxin","digoxin","0","1","0.002528","ng/mL","1.149","mg","2","0"
"6","Jelliffe_2014_digoxin","digoxin","0","2","0.002883","ng/mL","1.149","mg","2","0"
"6","Jelliffe_2014_digoxin","digoxin","0","4","0.002091","ng/mL","1.149","mg","2","0"
"6","Jelliffe_2014_digoxin","digoxin","0","8","0.00115","ng/mL","1.149","mg","2","0"
"6","Jelliffe_2014_digoxin","digoxin","0","24","0.000847","ng/mL","1.149","mg","2","0"
"6","Jelliffe_2014_digoxin","digoxin","0","48","0.00064","ng/mL","1.149","mg","2","0"
"6","Jelliffe_2014_digoxin","digoxin","0","72","0.000495","ng/mL","1.149","mg","2","0"
"6","Jelliffe_2014_digoxin","digoxin","0","96","0.000382","ng/mL","1.149","mg","2","0"
"6","Jelliffe_2014_digoxin","digoxin","0","120","0.000293","ng/mL","1.149","mg","2","0"
"6","Jelliffe_2014_digoxin","digoxin","0","168","0.000171","ng/mL","1.149","mg","2","0"
"6","Jelliffe_2014_digoxin","digoxin","0","255","6.7e-05","ng/mL","1.149","mg","2","0"
"7","Jelliffe_2014_digoxin","digoxin","1","0",".","ng/mL","1.149","mg","2","."
"7","Jelliffe_2014_digoxin","digoxin","0","0","0","ng/mL","1.149","mg","2","0"
"7","Jelliffe_2014_digoxin","digoxin","0","1","0.002046","ng/mL","1.149","mg","2","0"
"7","Jelliffe_2014_digoxin","digoxin","0","2","0.002493","ng/mL","1.149","mg","2","0"
"7","Jelliffe_2014_digoxin","digoxin","0","4","0.002063","ng/mL","1.149","mg","2","0"
"7","Jelliffe_2014_digoxin","digoxin","0","8","0.001329","ng/mL","1.149","mg","2","0"
"7","Jelliffe_2014_digoxin","digoxin","0","24","0.000953","ng/mL","1.149","mg","2","0"
"7","Jelliffe_2014_digoxin","digoxin","0","48","0.00072","ng/mL","1.149","mg","2","0"
"7","Jelliffe_2014_digoxin","digoxin","0","72","0.000548","ng/mL","1.149","mg","2","0"
"7","Jelliffe_2014_digoxin","digoxin","0","96","0.00042","ng/mL","1.149","mg","2","0"
"7","Jelliffe_2014_digoxin","digoxin","0","120","0.000319","ng/mL","1.149","mg","2","0"
"7","Jelliffe_2014_digoxin","digoxin","0","168","0.00018","ng/mL","1.149","mg","2","0"
"7","Jelliffe_2014_digoxin","digoxin","0","255","6.5e-05","ng/mL","1.149","mg","2","0"
"8","Jelliffe_2014_digoxin","digoxin","1","0",".","ng/mL","1.149","mg","2","."
"8","Jelliffe_2014_digoxin","digoxin","0","0","0","ng/mL","1.149","mg","2","0"
"8","Jelliffe_2014_digoxin","digoxin","0","1","0.001297","ng/mL","1.149","mg","2","0"
"8","Jelliffe_2014_digoxin","digoxin","0","2","0.001298","ng/mL","1.149","mg","2","0"
"8","Jelliffe_2014_digoxin","digoxin","0","4","0.000848","ng/mL","1.149","mg","2","0"
"8","Jelliffe_2014_digoxin","digoxin","0","8","0.000512","ng/mL","1.149","mg","2","0"
"8","Jelliffe_2014_digoxin","digoxin","0","24","0.000415","ng/mL","1.149","mg","2","0"
"8","Jelliffe_2014_digoxin","digoxin","0","48","0.000332","ng/mL","1.149","mg","2","0"
"8","Jelliffe_2014_digoxin","digoxin","0","72","0.000265","ng/mL","1.149","mg","2","0"
"8","Jelliffe_2014_digoxin","digoxin","0","96","0.000209","ng/mL","1.149","mg","2","0"
"8","Jelliffe_2014_digoxin","digoxin","0","120","0.000166","ng/mL","1.149","mg","2","0"
"8","Jelliffe_2014_digoxin","digoxin","0","168","0.000105","ng/mL","1.149","mg","2","0"
"8","Jelliffe_2014_digoxin","digoxin","0","255","4.6e-05","ng/mL","1.149","mg","2","0"
"9","Jelliffe_2014_digoxin","digoxin","1","0",".","ng/mL","1.149","mg","2","."
"9","Jelliffe_2014_digoxin","digoxin","0","0","0","ng/mL","1.149","mg","2","0"
"9","Jelliffe_2014_digoxin","digoxin","0","1","0.002189","ng/mL","1.149","mg","2","0"
"9","Jelliffe_2014_digoxin","digoxin","0","2","0.002665","ng/mL","1.149","mg","2","0"
"9","Jelliffe_2014_digoxin","digoxin","0","4","0.002291","ng/mL","1.149","mg","2","0"
"9","Jelliffe_2014_digoxin","digoxin","0","8","0.001633","ng/mL","1.149","mg","2","0"
"9","Jelliffe_2014_digoxin","digoxin","0","24","0.001157","ng/mL","1.149","mg","2","0"
"9","Jelliffe_2014_digoxin","digoxin","0","48","0.000851","ng/mL","1.149","mg","2","0"
"9","Jelliffe_2014_digoxin","digoxin","0","72","0.000602","ng/mL","1.149","mg","2","0"
"9","Jelliffe_2014_digoxin","digoxin","0","96","0.000439","ng/mL","1.149","mg","2","0"
"9","Jelliffe_2014_digoxin","digoxin","0","120","0.00031","ng/mL","1.149","mg","2","0"
"9","Jelliffe_2014_digoxin","digoxin","0","168","0.000157","ng/mL","1.149","mg","2","0"
"9","Jelliffe_2014_digoxin","digoxin","0","255","4.7e-05","ng/mL","1.149","mg","2","0"
"10","Jelliffe_2014_digoxin","digoxin","1","0",".","ng/mL","1.149","mg","2","."
"10","Jelliffe_2014_digoxin","digoxin","0","0","0","ng/mL","1.149","mg","2","0"
"10","Jelliffe_2014_digoxin","digoxin","0","1","0.003135","ng/mL","1.149","mg","2","0"
"10","Jelliffe_2014_digoxin","digoxin","0","2","0.003679","ng/mL","1.149","mg","2","0"
"10","Jelliffe_2014_digoxin","digoxin","0","4","0.002865","ng/mL","1.149","mg","2","0"
"10","Jelliffe_2014_digoxin","digoxin","0","8","0.00159","ng/mL","1.149","mg","2","0"
"10","Jelliffe_2014_digoxin","digoxin","0","24","0.001114","ng/mL","1.149","mg","2","0"
"10","Jelliffe_2014_digoxin","digoxin","0","48","0.000796","ng/mL","1.149","mg","2","0"
"10","Jelliffe_2014_digoxin","digoxin","0","72","0.000577","ng/mL","1.149","mg","2","0"
"10","Jelliffe_2014_digoxin","digoxin","0","96","0.000402","ng/mL","1.149","mg","2","0"
"10","Jelliffe_2014_digoxin","digoxin","0","120","0.000291","ng/mL","1.149","mg","2","0"
"10","Jelliffe_2014_digoxin","digoxin","0","168","0.000151","ng/mL","1.149","mg","2","0"
"10","Jelliffe_2014_digoxin","digoxin","0","255","4.5e-05","ng/mL","1.149","mg","2","0"
"1","Horita_2018_ethambutol","ethambutol","1","0",".","ug/mL","1750","mg","2","."
"1","Horita_2018_ethambutol","ethambutol","0","0","0","ug/mL","1750","mg","2","0"
"1","Horita_2018_ethambutol","ethambutol","0","0.25","0","ug/mL","1750","mg","2","0"
"1","Horita_2018_ethambutol","ethambutol","0","0.5","0","ug/mL","1750","mg","2","0"
"1","Horita_2018_ethambutol","ethambutol","0","1","7.740338","ug/mL","1750","mg","2","0"
"1","Horita_2018_ethambutol","ethambutol","0","2","5.118474","ug/mL","1750","mg","2","0"
"1","Horita_2018_ethambutol","ethambutol","0","4","0.526119","ug/mL","1750","mg","2","0"
"1","Horita_2018_ethambutol","ethambutol","0","6","0.242636","ug/mL","1750","mg","2","0"
"1","Horita_2018_ethambutol","ethambutol","0","8","0.115836","ug/mL","1750","mg","2","0"
"1","Horita_2018_ethambutol","ethambutol","0","12","0.097545","ug/mL","1750","mg","2","0"
"1","Horita_2018_ethambutol","ethambutol","0","24","0.054681","ug/mL","1750","mg","2","0"
"1","Horita_2018_ethambutol","ethambutol","0","36","0.021037","ug/mL","1750","mg","2","0"
"1","Horita_2018_ethambutol","ethambutol","0","48","0.014016","ug/mL","1750","mg","2","0"
"1","Horita_2018_ethambutol","ethambutol","0","60","0.003413","ug/mL","1750","mg","2","0"
"1","Horita_2018_ethambutol","ethambutol","0","67","0.002707","ug/mL","1750","mg","2","0"
"2","Horita_2018_ethambutol","ethambutol","1","0",".","ug/mL","1750","mg","2","."
"2","Horita_2018_ethambutol","ethambutol","0","0","0","ug/mL","1750","mg","2","0"
"2","Horita_2018_ethambutol","ethambutol","0","0.25","0","ug/mL","1750","mg","2","0"
"2","Horita_2018_ethambutol","ethambutol","0","0.5","0","ug/mL","1750","mg","2","0"
"2","Horita_2018_ethambutol","ethambutol","0","1","11.317883","ug/mL","1750","mg","2","0"
"2","Horita_2018_ethambutol","ethambutol","0","2","6.010342","ug/mL","1750","mg","2","0"
"2","Horita_2018_ethambutol","ethambutol","0","4","0.420834","ug/mL","1750","mg","2","0"
"2","Horita_2018_ethambutol","ethambutol","0","6","0.4115","ug/mL","1750","mg","2","0"
"2","Horita_2018_ethambutol","ethambutol","0","8","0.225059","ug/mL","1750","mg","2","0"
"2","Horita_2018_ethambutol","ethambutol","0","12","0.216215","ug/mL","1750","mg","2","0"
"2","Horita_2018_ethambutol","ethambutol","0","24","0.136031","ug/mL","1750","mg","2","0"
"2","Horita_2018_ethambutol","ethambutol","0","36","0.090609","ug/mL","1750","mg","2","0"
"2","Horita_2018_ethambutol","ethambutol","0","48","0.060455","ug/mL","1750","mg","2","0"
"2","Horita_2018_ethambutol","ethambutol","0","60","0.037561","ug/mL","1750","mg","2","0"
"2","Horita_2018_ethambutol","ethambutol","0","67","0.012736","ug/mL","1750","mg","2","0"
"3","Horita_2018_ethambutol","ethambutol","1","0",".","ug/mL","1750","mg","2","."
"3","Horita_2018_ethambutol","ethambutol","0","0","0","ug/mL","1750","mg","2","0"
"3","Horita_2018_ethambutol","ethambutol","0","0.25","0","ug/mL","1750","mg","2","0"
"3","Horita_2018_ethambutol","ethambutol","0","0.5","0","ug/mL","1750","mg","2","0"
"3","Horita_2018_ethambutol","ethambutol","0","1","15.191073","ug/mL","1750","mg","2","0"
"3","Horita_2018_ethambutol","ethambutol","0","2","4.940939","ug/mL","1750","mg","2","0"
"3","Horita_2018_ethambutol","ethambutol","0","4","3.721708","ug/mL","1750","mg","2","0"
"3","Horita_2018_ethambutol","ethambutol","0","6","1.632009","ug/mL","1750","mg","2","0"
"3","Horita_2018_ethambutol","ethambutol","0","8","1.132979","ug/mL","1750","mg","2","0"
"3","Horita_2018_ethambutol","ethambutol","0","12","0.71821","ug/mL","1750","mg","2","0"
"3","Horita_2018_ethambutol","ethambutol","0","24","0.371259","ug/mL","1750","mg","2","0"
"3","Horita_2018_ethambutol","ethambutol","0","36","0.231515","ug/mL","1750","mg","2","0"
"3","Horita_2018_ethambutol","ethambutol","0","48","0.138428","ug/mL","1750","mg","2","0"
"3","Horita_2018_ethambutol","ethambutol","0","60","0.048846","ug/mL","1750","mg","2","0"
"3","Horita_2018_ethambutol","ethambutol","0","67","0.026065","ug/mL","1750","mg","2","0"
"4","Horita_2018_ethambutol","ethambutol","1","0",".","ug/mL","1750","mg","2","."
"4","Horita_2018_ethambutol","ethambutol","0","0","0","ug/mL","1750","mg","2","0"
"4","Horita_2018_ethambutol","ethambutol","0","0.25","0","ug/mL","1750","mg","2","0"
"4","Horita_2018_ethambutol","ethambutol","0","0.5","0","ug/mL","1750","mg","2","0"
"4","Horita_2018_ethambutol","ethambutol","0","1","7.531335","ug/mL","1750","mg","2","0"
"4","Horita_2018_ethambutol","ethambutol","0","2","4.216473","ug/mL","1750","mg","2","0"
"4","Horita_2018_ethambutol","ethambutol","0","4","2.537648","ug/mL","1750","mg","2","0"
"4","Horita_2018_ethambutol","ethambutol","0","6","0.546945","ug/mL","1750","mg","2","0"
"4","Horita_2018_ethambutol","ethambutol","0","8","0.466118","ug/mL","1750","mg","2","0"
"4","Horita_2018_ethambutol","ethambutol","0","12","0.231534","ug/mL","1750","mg","2","0"
"4","Horita_2018_ethambutol","ethambutol","0","24","0.073629","ug/mL","1750","mg","2","0"
"4","Horita_2018_ethambutol","ethambutol","0","36","0.10131","ug/mL","1750","mg","2","0"
"4","Horita_2018_ethambutol","ethambutol","0","48","0.032065","ug/mL","1750","mg","2","0"
"4","Horita_2018_ethambutol","ethambutol","0","60","0.015972","ug/mL","1750","mg","2","0"
"4","Horita_2018_ethambutol","ethambutol","0","67","0.014903","ug/mL","1750","mg","2","0"
"5","Horita_2018_ethambutol","ethambutol","1","0",".","ug/mL","1750","mg","2","."
"5","Horita_2018_ethambutol","ethambutol","0","0","0","ug/mL","1750","mg","2","0"
"5","Horita_2018_ethambutol","ethambutol","0","0.25","0","ug/mL","1750","mg","2","0"
"5","Horita_2018_ethambutol","ethambutol","0","0.5","0","ug/mL","1750","mg","2","0"
"5","Horita_2018_ethambutol","ethambutol","0","1","3.782159","ug/mL","1750","mg","2","0"
"5","Horita_2018_ethambutol","ethambutol","0","2","2.784063","ug/mL","1750","mg","2","0"
"5","Horita_2018_ethambutol","ethambutol","0","4","2.51318","ug/mL","1750","mg","2","0"
"5","Horita_2018_ethambutol","ethambutol","0","6","1.189935","ug/mL","1750","mg","2","0"
"5","Horita_2018_ethambutol","ethambutol","0","8","0.969518","ug/mL","1750","mg","2","0"
"5","Horita_2018_ethambutol","ethambutol","0","12","1.284127","ug/mL","1750","mg","2","0"
"5","Horita_2018_ethambutol","ethambutol","0","24","0.442319","ug/mL","1750","mg","2","0"
"5","Horita_2018_ethambutol","ethambutol","0","36","0.134151","ug/mL","1750","mg","2","0"
"5","Horita_2018_ethambutol","ethambutol","0","48","0.194887","ug/mL","1750","mg","2","0"
"5","Horita_2018_ethambutol","ethambutol","0","60","0.09531","ug/mL","1750","mg","2","0"
"5","Horita_2018_ethambutol","ethambutol","0","67","0.043894","ug/mL","1750","mg","2","0"
"6","Horita_2018_ethambutol","ethambutol","1","0",".","ug/mL","1750","mg","2","."
"6","Horita_2018_ethambutol","ethambutol","0","0","0","ug/mL","1750","mg","2","0"
"6","Horita_2018_ethambutol","ethambutol","0","0.25","0","ug/mL","1750","mg","2","0"
"6","Horita_2018_ethambutol","ethambutol","0","0.5","0","ug/mL","1750","mg","2","0"
"6","Horita_2018_ethambutol","ethambutol","0","1","0","ug/mL","1750","mg","2","0"
"6","Horita_2018_ethambutol","ethambutol","0","2","4.560739","ug/mL","1750","mg","2","0"
"6","Horita_2018_ethambutol","ethambutol","0","4","1.327103","ug/mL","1750","mg","2","0"
"6","Horita_2018_ethambutol","ethambutol","0","6","0.645355","ug/mL","1750","mg","2","0"
"6","Horita_2018_ethambutol","ethambutol","0","8","0.314598","ug/mL","1750","mg","2","0"
"6","Horita_2018_ethambutol","ethambutol","0","12","0.16698","ug/mL","1750","mg","2","0"
"6","Horita_2018_ethambutol","ethambutol","0","24","0.136317","ug/mL","1750","mg","2","0"
"6","Horita_2018_ethambutol","ethambutol","0","36","0.087617","ug/mL","1750","mg","2","0"
"6","Horita_2018_ethambutol","ethambutol","0","48","0.084782","ug/mL","1750","mg","2","0"
"6","Horita_2018_ethambutol","ethambutol","0","60","0.039014","ug/mL","1750","mg","2","0"
"6","Horita_2018_ethambutol","ethambutol","0","67","0.036005","ug/mL","1750","mg","2","0"
"7","Horita_2018_ethambutol","ethambutol","1","0",".","ug/mL","1750","mg","2","."
"7","Horita_2018_ethambutol","ethambutol","0","0","0","ug/mL","1750","mg","2","0"
"7","Horita_2018_ethambutol","ethambutol","0","0.25","0","ug/mL","1750","mg","2","0"
"7","Horita_2018_ethambutol","ethambutol","0","0.5","0","ug/mL","1750","mg","2","0"
"7","Horita_2018_ethambutol","ethambutol","0","1","9.223498","ug/mL","1750","mg","2","0"
"7","Horita_2018_ethambutol","ethambutol","0","2","5.437113","ug/mL","1750","mg","2","0"
"7","Horita_2018_ethambutol","ethambutol","0","4","3.706783","ug/mL","1750","mg","2","0"
"7","Horita_2018_ethambutol","ethambutol","0","6","1.556823","ug/mL","1750","mg","2","0"
"7","Horita_2018_ethambutol","ethambutol","0","8","1.112795","ug/mL","1750","mg","2","0"
"7","Horita_2018_ethambutol","ethambutol","0","12","0.819315","ug/mL","1750","mg","2","0"
"7","Horita_2018_ethambutol","ethambutol","0","24","0.893001","ug/mL","1750","mg","2","0"
"7","Horita_2018_ethambutol","ethambutol","0","36","0.436246","ug/mL","1750","mg","2","0"
"7","Horita_2018_ethambutol","ethambutol","0","48","0.629913","ug/mL","1750","mg","2","0"
"7","Horita_2018_ethambutol","ethambutol","0","60","0.296305","ug/mL","1750","mg","2","0"
"7","Horita_2018_ethambutol","ethambutol","0","67","0.146665","ug/mL","1750","mg","2","0"
"8","Horita_2018_ethambutol","ethambutol","1","0",".","ug/mL","1750","mg","2","."
"8","Horita_2018_ethambutol","ethambutol","0","0","0","ug/mL","1750","mg","2","0"
"8","Horita_2018_ethambutol","ethambutol","0","0.25","0","ug/mL","1750","mg","2","0"
"8","Horita_2018_ethambutol","ethambutol","0","0.5","0","ug/mL","1750","mg","2","0"
"8","Horita_2018_ethambutol","ethambutol","0","1","8.371319","ug/mL","1750","mg","2","0"
"8","Horita_2018_ethambutol","ethambutol","0","2","5.360437","ug/mL","1750","mg","2","0"
"8","Horita_2018_ethambutol","ethambutol","0","4","1.523926","ug/mL","1750","mg","2","0"
"8","Horita_2018_ethambutol","ethambutol","0","6","0.469729","ug/mL","1750","mg","2","0"
"8","Horita_2018_ethambutol","ethambutol","0","8","0.250177","ug/mL","1750","mg","2","0"
"8","Horita_2018_ethambutol","ethambutol","0","12","0.252353","ug/mL","1750","mg","2","0"
"8","Horita_2018_ethambutol","ethambutol","0","24","0.100748","ug/mL","1750","mg","2","0"
"8","Horita_2018_ethambutol","ethambutol","0","36","0.053587","ug/mL","1750","mg","2","0"
"8","Horita_2018_ethambutol","ethambutol","0","48","0.013511","ug/mL","1750","mg","2","0"
"8","Horita_2018_ethambutol","ethambutol","0","60","0.014288","ug/mL","1750","mg","2","0"
"8","Horita_2018_ethambutol","ethambutol","0","67","0.007948","ug/mL","1750","mg","2","0"
"9","Horita_2018_ethambutol","ethambutol","1","0",".","ug/mL","1750","mg","2","."
"9","Horita_2018_ethambutol","ethambutol","0","0","0","ug/mL","1750","mg","2","0"
"9","Horita_2018_ethambutol","ethambutol","0","0.25","0","ug/mL","1750","mg","2","0"
"9","Horita_2018_ethambutol","ethambutol","0","0.5","0","ug/mL","1750","mg","2","0"
"9","Horita_2018_ethambutol","ethambutol","0","1","6.774471","ug/mL","1750","mg","2","0"
"9","Horita_2018_ethambutol","ethambutol","0","2","3.806914","ug/mL","1750","mg","2","0"
"9","Horita_2018_ethambutol","ethambutol","0","4","1.045323","ug/mL","1750","mg","2","0"
"9","Horita_2018_ethambutol","ethambutol","0","6","0.467024","ug/mL","1750","mg","2","0"
"9","Horita_2018_ethambutol","ethambutol","0","8","0.249067","ug/mL","1750","mg","2","0"
"9","Horita_2018_ethambutol","ethambutol","0","12","0.212501","ug/mL","1750","mg","2","0"
"9","Horita_2018_ethambutol","ethambutol","0","24","0.06421","ug/mL","1750","mg","2","0"
"9","Horita_2018_ethambutol","ethambutol","0","36","0.034841","ug/mL","1750","mg","2","0"
"9","Horita_2018_ethambutol","ethambutol","0","48","0.012609","ug/mL","1750","mg","2","0"
"9","Horita_2018_ethambutol","ethambutol","0","60","0.005219","ug/mL","1750","mg","2","0"
"9","Horita_2018_ethambutol","ethambutol","0","67","0.003197","ug/mL","1750","mg","2","0"
"10","Horita_2018_ethambutol","ethambutol","1","0",".","ug/mL","1750","mg","2","."
"10","Horita_2018_ethambutol","ethambutol","0","0","0","ug/mL","1750","mg","2","0"
"10","Horita_2018_ethambutol","ethambutol","0","0.25","0","ug/mL","1750","mg","2","0"
"10","Horita_2018_ethambutol","ethambutol","0","0.5","0","ug/mL","1750","mg","2","0"
"10","Horita_2018_ethambutol","ethambutol","0","1","1.2442","ug/mL","1750","mg","2","0"
"10","Horita_2018_ethambutol","ethambutol","0","2","1.543435","ug/mL","1750","mg","2","0"
"10","Horita_2018_ethambutol","ethambutol","0","4","1.263289","ug/mL","1750","mg","2","0"
"10","Horita_2018_ethambutol","ethambutol","0","6","1.389525","ug/mL","1750","mg","2","0"
"10","Horita_2018_ethambutol","ethambutol","0","8","0.512797","ug/mL","1750","mg","2","0"
"10","Horita_2018_ethambutol","ethambutol","0","12","0.697679","ug/mL","1750","mg","2","0"
"10","Horita_2018_ethambutol","ethambutol","0","24","0.595443","ug/mL","1750","mg","2","0"
"10","Horita_2018_ethambutol","ethambutol","0","36","0.668541","ug/mL","1750","mg","2","0"
"10","Horita_2018_ethambutol","ethambutol","0","48","0.450888","ug/mL","1750","mg","2","0"
"10","Horita_2018_ethambutol","ethambutol","0","60","0.247755","ug/mL","1750","mg","2","0"
"10","Horita_2018_ethambutol","ethambutol","0","67","0.103954","ug/mL","1750","mg","2","0"
"1","Moein_2022_etrolizumab","etrolizumab","1","0",".","ug/mL","700","mg","2","."
"1","Moein_2022_etrolizumab","etrolizumab","0","0","0","ug/mL","700","mg","2","0"
"1","Moein_2022_etrolizumab","etrolizumab","0","4","4.507707","ug/mL","700","mg","2","0"
"1","Moein_2022_etrolizumab","etrolizumab","0","24","8.765163","ug/mL","700","mg","2","0"
"1","Moein_2022_etrolizumab","etrolizumab","0","72","66.197195","ug/mL","700","mg","2","0"
"1","Moein_2022_etrolizumab","etrolizumab","0","168","83.493411","ug/mL","700","mg","2","0"
"1","Moein_2022_etrolizumab","etrolizumab","0","336","97.110628","ug/mL","700","mg","2","0"
"1","Moein_2022_etrolizumab","etrolizumab","0","504","38.746223","ug/mL","700","mg","2","0"
"1","Moein_2022_etrolizumab","etrolizumab","0","672","36.897651","ug/mL","700","mg","2","0"
"1","Moein_2022_etrolizumab","etrolizumab","0","840","35.683109","ug/mL","700","mg","2","0"
"1","Moein_2022_etrolizumab","etrolizumab","0","1008","24.412069","ug/mL","700","mg","2","0"
"1","Moein_2022_etrolizumab","etrolizumab","0","1176","23.423911","ug/mL","700","mg","2","0"
"1","Moein_2022_etrolizumab","etrolizumab","0","1506","15.601439","ug/mL","700","mg","2","0"
"2","Moein_2022_etrolizumab","etrolizumab","1","0",".","ug/mL","700","mg","2","."
"2","Moein_2022_etrolizumab","etrolizumab","0","0","0","ug/mL","700","mg","2","0"
"2","Moein_2022_etrolizumab","etrolizumab","0","4","4.098487","ug/mL","700","mg","2","0"
"2","Moein_2022_etrolizumab","etrolizumab","0","24","17.790429","ug/mL","700","mg","2","0"
"2","Moein_2022_etrolizumab","etrolizumab","0","72","55.693339","ug/mL","700","mg","2","0"
"2","Moein_2022_etrolizumab","etrolizumab","0","168","62.939942","ug/mL","700","mg","2","0"
"2","Moein_2022_etrolizumab","etrolizumab","0","336","53.218039","ug/mL","700","mg","2","0"
"2","Moein_2022_etrolizumab","etrolizumab","0","504","33.23519","ug/mL","700","mg","2","0"
"2","Moein_2022_etrolizumab","etrolizumab","0","672","19.284503","ug/mL","700","mg","2","0"
"2","Moein_2022_etrolizumab","etrolizumab","0","840","13.9134","ug/mL","700","mg","2","0"
"2","Moein_2022_etrolizumab","etrolizumab","0","1008","10.44696","ug/mL","700","mg","2","0"
"2","Moein_2022_etrolizumab","etrolizumab","0","1176","4.27125","ug/mL","700","mg","2","0"
"2","Moein_2022_etrolizumab","etrolizumab","0","1506","2.323825","ug/mL","700","mg","2","0"
"3","Moein_2022_etrolizumab","etrolizumab","1","0",".","ug/mL","700","mg","2","."
"3","Moein_2022_etrolizumab","etrolizumab","0","0","0","ug/mL","700","mg","2","0"
"3","Moein_2022_etrolizumab","etrolizumab","0","4","5.027323","ug/mL","700","mg","2","0"
"3","Moein_2022_etrolizumab","etrolizumab","0","24","32.237056","ug/mL","700","mg","2","0"
"3","Moein_2022_etrolizumab","etrolizumab","0","72","58.930665","ug/mL","700","mg","2","0"
"3","Moein_2022_etrolizumab","etrolizumab","0","168","101.677565","ug/mL","700","mg","2","0"
"3","Moein_2022_etrolizumab","etrolizumab","0","336","73.427639","ug/mL","700","mg","2","0"
"3","Moein_2022_etrolizumab","etrolizumab","0","504","59.522892","ug/mL","700","mg","2","0"
"3","Moein_2022_etrolizumab","etrolizumab","0","672","42.563315","ug/mL","700","mg","2","0"
"3","Moein_2022_etrolizumab","etrolizumab","0","840","32.606382","ug/mL","700","mg","2","0"
"3","Moein_2022_etrolizumab","etrolizumab","0","1008","23.653185","ug/mL","700","mg","2","0"
"3","Moein_2022_etrolizumab","etrolizumab","0","1176","15.103149","ug/mL","700","mg","2","0"
"3","Moein_2022_etrolizumab","etrolizumab","0","1506","11.832592","ug/mL","700","mg","2","0"
"4","Moein_2022_etrolizumab","etrolizumab","1","0",".","ug/mL","700","mg","2","."
"4","Moein_2022_etrolizumab","etrolizumab","0","0","0","ug/mL","700","mg","2","0"
"4","Moein_2022_etrolizumab","etrolizumab","0","4","10.86269","ug/mL","700","mg","2","0"
"4","Moein_2022_etrolizumab","etrolizumab","0","24","47.793283","ug/mL","700","mg","2","0"
"4","Moein_2022_etrolizumab","etrolizumab","0","72","82.149385","ug/mL","700","mg","2","0"
"4","Moein_2022_etrolizumab","etrolizumab","0","168","64.8356","ug/mL","700","mg","2","0"
"4","Moein_2022_etrolizumab","etrolizumab","0","336","39.905659","ug/mL","700","mg","2","0"
"4","Moein_2022_etrolizumab","etrolizumab","0","504","37.086342","ug/mL","700","mg","2","0"
"4","Moein_2022_etrolizumab","etrolizumab","0","672","23.266821","ug/mL","700","mg","2","0"
"4","Moein_2022_etrolizumab","etrolizumab","0","840","14.389289","ug/mL","700","mg","2","0"
"4","Moein_2022_etrolizumab","etrolizumab","0","1008","7.906454","ug/mL","700","mg","2","0"
"4","Moein_2022_etrolizumab","etrolizumab","0","1176","5.300086","ug/mL","700","mg","2","0"
"4","Moein_2022_etrolizumab","etrolizumab","0","1506","3.304765","ug/mL","700","mg","2","0"
"5","Moein_2022_etrolizumab","etrolizumab","1","0",".","ug/mL","700","mg","2","."
"5","Moein_2022_etrolizumab","etrolizumab","0","0","0","ug/mL","700","mg","2","0"
"5","Moein_2022_etrolizumab","etrolizumab","0","4","5.606287","ug/mL","700","mg","2","0"
"5","Moein_2022_etrolizumab","etrolizumab","0","24","15.732506","ug/mL","700","mg","2","0"
"5","Moein_2022_etrolizumab","etrolizumab","0","72","70.175529","ug/mL","700","mg","2","0"
"5","Moein_2022_etrolizumab","etrolizumab","0","168","65.307961","ug/mL","700","mg","2","0"
"5","Moein_2022_etrolizumab","etrolizumab","0","336","59.524739","ug/mL","700","mg","2","0"
"5","Moein_2022_etrolizumab","etrolizumab","0","504","42.409382","ug/mL","700","mg","2","0"
"5","Moein_2022_etrolizumab","etrolizumab","0","672","26.123982","ug/mL","700","mg","2","0"
"5","Moein_2022_etrolizumab","etrolizumab","0","840","15.358526","ug/mL","700","mg","2","0"
"5","Moein_2022_etrolizumab","etrolizumab","0","1008","17.906294","ug/mL","700","mg","2","0"
"5","Moein_2022_etrolizumab","etrolizumab","0","1176","8.287986","ug/mL","700","mg","2","0"
"5","Moein_2022_etrolizumab","etrolizumab","0","1506","7.904696","ug/mL","700","mg","2","0"
"6","Moein_2022_etrolizumab","etrolizumab","1","0",".","ug/mL","700","mg","2","."
"6","Moein_2022_etrolizumab","etrolizumab","0","0","0","ug/mL","700","mg","2","0"
"6","Moein_2022_etrolizumab","etrolizumab","0","4","5.288801","ug/mL","700","mg","2","0"
"6","Moein_2022_etrolizumab","etrolizumab","0","24","13.344935","ug/mL","700","mg","2","0"
"6","Moein_2022_etrolizumab","etrolizumab","0","72","37.964102","ug/mL","700","mg","2","0"
"6","Moein_2022_etrolizumab","etrolizumab","0","168","37.443558","ug/mL","700","mg","2","0"
"6","Moein_2022_etrolizumab","etrolizumab","0","336","30.401379","ug/mL","700","mg","2","0"
"6","Moein_2022_etrolizumab","etrolizumab","0","504","23.988401","ug/mL","700","mg","2","0"
"6","Moein_2022_etrolizumab","etrolizumab","0","672","14.251539","ug/mL","700","mg","2","0"
"6","Moein_2022_etrolizumab","etrolizumab","0","840","11.391364","ug/mL","700","mg","2","0"
"6","Moein_2022_etrolizumab","etrolizumab","0","1008","6.535017","ug/mL","700","mg","2","0"
"6","Moein_2022_etrolizumab","etrolizumab","0","1176","5.334546","ug/mL","700","mg","2","0"
"6","Moein_2022_etrolizumab","etrolizumab","0","1506","2.214587","ug/mL","700","mg","2","0"
"7","Moein_2022_etrolizumab","etrolizumab","1","0",".","ug/mL","700","mg","2","."
"7","Moein_2022_etrolizumab","etrolizumab","0","0","0","ug/mL","700","mg","2","0"
"7","Moein_2022_etrolizumab","etrolizumab","0","4","8.619453","ug/mL","700","mg","2","0"
"7","Moein_2022_etrolizumab","etrolizumab","0","24","43.859473","ug/mL","700","mg","2","0"
"7","Moein_2022_etrolizumab","etrolizumab","0","72","72.564258","ug/mL","700","mg","2","0"
"7","Moein_2022_etrolizumab","etrolizumab","0","168","91.15651","ug/mL","700","mg","2","0"
"7","Moein_2022_etrolizumab","etrolizumab","0","336","76.317776","ug/mL","700","mg","2","0"
"7","Moein_2022_etrolizumab","etrolizumab","0","504","59.58115","ug/mL","700","mg","2","0"
"7","Moein_2022_etrolizumab","etrolizumab","0","672","72.474392","ug/mL","700","mg","2","0"
"7","Moein_2022_etrolizumab","etrolizumab","0","840","34.53075","ug/mL","700","mg","2","0"
"7","Moein_2022_etrolizumab","etrolizumab","0","1008","24.467415","ug/mL","700","mg","2","0"
"7","Moein_2022_etrolizumab","etrolizumab","0","1176","17.543559","ug/mL","700","mg","2","0"
"7","Moein_2022_etrolizumab","etrolizumab","0","1506","10.149357","ug/mL","700","mg","2","0"
"8","Moein_2022_etrolizumab","etrolizumab","1","0",".","ug/mL","700","mg","2","."
"8","Moein_2022_etrolizumab","etrolizumab","0","0","0","ug/mL","700","mg","2","0"
"8","Moein_2022_etrolizumab","etrolizumab","0","4","6.905379","ug/mL","700","mg","2","0"
"8","Moein_2022_etrolizumab","etrolizumab","0","24","40.499784","ug/mL","700","mg","2","0"
"8","Moein_2022_etrolizumab","etrolizumab","0","72","84.1525","ug/mL","700","mg","2","0"
"8","Moein_2022_etrolizumab","etrolizumab","0","168","81.248356","ug/mL","700","mg","2","0"
"8","Moein_2022_etrolizumab","etrolizumab","0","336","57.991907","ug/mL","700","mg","2","0"
"8","Moein_2022_etrolizumab","etrolizumab","0","504","50.417513","ug/mL","700","mg","2","0"
"8","Moein_2022_etrolizumab","etrolizumab","0","672","28.420998","ug/mL","700","mg","2","0"
"8","Moein_2022_etrolizumab","etrolizumab","0","840","17.203197","ug/mL","700","mg","2","0"
"8","Moein_2022_etrolizumab","etrolizumab","0","1008","9.704375","ug/mL","700","mg","2","0"
"8","Moein_2022_etrolizumab","etrolizumab","0","1176","12.010982","ug/mL","700","mg","2","0"
"8","Moein_2022_etrolizumab","etrolizumab","0","1506","2.77813","ug/mL","700","mg","2","0"
"9","Moein_2022_etrolizumab","etrolizumab","1","0",".","ug/mL","700","mg","2","."
"9","Moein_2022_etrolizumab","etrolizumab","0","0","0","ug/mL","700","mg","2","0"
"9","Moein_2022_etrolizumab","etrolizumab","0","4","1.972565","ug/mL","700","mg","2","0"
"9","Moein_2022_etrolizumab","etrolizumab","0","24","17.550274","ug/mL","700","mg","2","0"
"9","Moein_2022_etrolizumab","etrolizumab","0","72","20.939337","ug/mL","700","mg","2","0"
"9","Moein_2022_etrolizumab","etrolizumab","0","168","29.413287","ug/mL","700","mg","2","0"
"9","Moein_2022_etrolizumab","etrolizumab","0","336","18.452138","ug/mL","700","mg","2","0"
"9","Moein_2022_etrolizumab","etrolizumab","0","504","19.380772","ug/mL","700","mg","2","0"
"9","Moein_2022_etrolizumab","etrolizumab","0","672","14.261955","ug/mL","700","mg","2","0"
"9","Moein_2022_etrolizumab","etrolizumab","0","840","9.888849","ug/mL","700","mg","2","0"
"9","Moein_2022_etrolizumab","etrolizumab","0","1008","9.658539","ug/mL","700","mg","2","0"
"9","Moein_2022_etrolizumab","etrolizumab","0","1176","5.44421","ug/mL","700","mg","2","0"
"9","Moein_2022_etrolizumab","etrolizumab","0","1506","3.341291","ug/mL","700","mg","2","0"
"10","Moein_2022_etrolizumab","etrolizumab","1","0",".","ug/mL","700","mg","2","."
"10","Moein_2022_etrolizumab","etrolizumab","0","0","0","ug/mL","700","mg","2","0"
"10","Moein_2022_etrolizumab","etrolizumab","0","4","7.257428","ug/mL","700","mg","2","0"
"10","Moein_2022_etrolizumab","etrolizumab","0","24","39.404684","ug/mL","700","mg","2","0"
"10","Moein_2022_etrolizumab","etrolizumab","0","72","68.077728","ug/mL","700","mg","2","0"
"10","Moein_2022_etrolizumab","etrolizumab","0","168","75.382722","ug/mL","700","mg","2","0"
"10","Moein_2022_etrolizumab","etrolizumab","0","336","44.75941","ug/mL","700","mg","2","0"
"10","Moein_2022_etrolizumab","etrolizumab","0","504","42.311715","ug/mL","700","mg","2","0"
"10","Moein_2022_etrolizumab","etrolizumab","0","672","29.15325","ug/mL","700","mg","2","0"
"10","Moein_2022_etrolizumab","etrolizumab","0","840","17.936224","ug/mL","700","mg","2","0"
"10","Moein_2022_etrolizumab","etrolizumab","0","1008","13.0977","ug/mL","700","mg","2","0"
"10","Moein_2022_etrolizumab","etrolizumab","0","1176","7.073515","ug/mL","700","mg","2","0"
"10","Moein_2022_etrolizumab","etrolizumab","0","1506","4.168115","ug/mL","700","mg","2","0"
"1","Chen_2021_ganciclovir","ganciclovir","1","0",".","mg/L","900","mg","2","."
"1","Chen_2021_ganciclovir","ganciclovir","0","0","0","mg/L","900","mg","2","0"
"1","Chen_2021_ganciclovir","ganciclovir","0","1","0.322699","mg/L","900","mg","2","0"
"1","Chen_2021_ganciclovir","ganciclovir","0","2","3.877415","mg/L","900","mg","2","0"
"1","Chen_2021_ganciclovir","ganciclovir","0","4","4.167111","mg/L","900","mg","2","0"
"1","Chen_2021_ganciclovir","ganciclovir","0","8","2.915028","mg/L","900","mg","2","0"
"1","Chen_2021_ganciclovir","ganciclovir","0","24","0.671997","mg/L","900","mg","2","0"
"1","Chen_2021_ganciclovir","ganciclovir","0","48","0.178974","mg/L","900","mg","2","0"
"1","Chen_2021_ganciclovir","ganciclovir","0","72","0.160122","mg/L","900","mg","2","0"
"1","Chen_2021_ganciclovir","ganciclovir","0","96","0.108683","mg/L","900","mg","2","0"
"1","Chen_2021_ganciclovir","ganciclovir","0","120","0.04308","mg/L","900","mg","2","0"
"1","Chen_2021_ganciclovir","ganciclovir","0","168","0.022665","mg/L","900","mg","2","0"
"1","Chen_2021_ganciclovir","ganciclovir","0","188","0.024699","mg/L","900","mg","2","0"
"2","Chen_2021_ganciclovir","ganciclovir","1","0",".","mg/L","900","mg","2","."
"2","Chen_2021_ganciclovir","ganciclovir","0","0","0","mg/L","900","mg","2","0"
"2","Chen_2021_ganciclovir","ganciclovir","0","1","5.04749","mg/L","900","mg","2","0"
"2","Chen_2021_ganciclovir","ganciclovir","0","2","4.076246","mg/L","900","mg","2","0"
"2","Chen_2021_ganciclovir","ganciclovir","0","4","1.755649","mg/L","900","mg","2","0"
"2","Chen_2021_ganciclovir","ganciclovir","0","8","2.888938","mg/L","900","mg","2","0"
"2","Chen_2021_ganciclovir","ganciclovir","0","24","0.609081","mg/L","900","mg","2","0"
"2","Chen_2021_ganciclovir","ganciclovir","0","48","0.076455","mg/L","900","mg","2","0"
"2","Chen_2021_ganciclovir","ganciclovir","0","72","0.07429","mg/L","900","mg","2","0"
"2","Chen_2021_ganciclovir","ganciclovir","0","96","0.231874","mg/L","900","mg","2","0"
"2","Chen_2021_ganciclovir","ganciclovir","0","120","0.024671","mg/L","900","mg","2","0"
"2","Chen_2021_ganciclovir","ganciclovir","0","168","0.133677","mg/L","900","mg","2","0"
"2","Chen_2021_ganciclovir","ganciclovir","0","188","0.119408","mg/L","900","mg","2","0"
"3","Chen_2021_ganciclovir","ganciclovir","1","0",".","mg/L","900","mg","2","."
"3","Chen_2021_ganciclovir","ganciclovir","0","0","0","mg/L","900","mg","2","0"
"3","Chen_2021_ganciclovir","ganciclovir","0","1","3.45218","mg/L","900","mg","2","0"
"3","Chen_2021_ganciclovir","ganciclovir","0","2","4.33886","mg/L","900","mg","2","0"
"3","Chen_2021_ganciclovir","ganciclovir","0","4","7.705992","mg/L","900","mg","2","0"
"3","Chen_2021_ganciclovir","ganciclovir","0","8","3.046643","mg/L","900","mg","2","0"
"3","Chen_2021_ganciclovir","ganciclovir","0","24","0.130936","mg/L","900","mg","2","0"
"3","Chen_2021_ganciclovir","ganciclovir","0","48","0.091594","mg/L","900","mg","2","0"
"3","Chen_2021_ganciclovir","ganciclovir","0","72","0.154326","mg/L","900","mg","2","0"
"3","Chen_2021_ganciclovir","ganciclovir","0","96","0.053737","mg/L","900","mg","2","0"
"3","Chen_2021_ganciclovir","ganciclovir","0","120","0.073636","mg/L","900","mg","2","0"
"3","Chen_2021_ganciclovir","ganciclovir","0","168","0.065688","mg/L","900","mg","2","0"
"3","Chen_2021_ganciclovir","ganciclovir","0","188","0.036967","mg/L","900","mg","2","0"
"4","Chen_2021_ganciclovir","ganciclovir","1","0",".","mg/L","900","mg","2","."
"4","Chen_2021_ganciclovir","ganciclovir","0","0","0","mg/L","900","mg","2","0"
"4","Chen_2021_ganciclovir","ganciclovir","0","1","2.152881","mg/L","900","mg","2","0"
"4","Chen_2021_ganciclovir","ganciclovir","0","2","8.113182","mg/L","900","mg","2","0"
"4","Chen_2021_ganciclovir","ganciclovir","0","4","7.258022","mg/L","900","mg","2","0"
"4","Chen_2021_ganciclovir","ganciclovir","0","8","1.212447","mg/L","900","mg","2","0"
"4","Chen_2021_ganciclovir","ganciclovir","0","24","0.051837","mg/L","900","mg","2","0"
"4","Chen_2021_ganciclovir","ganciclovir","0","48","0.00774","mg/L","900","mg","2","0"
"4","Chen_2021_ganciclovir","ganciclovir","0","72","0.010993","mg/L","900","mg","2","0"
"4","Chen_2021_ganciclovir","ganciclovir","0","96","0.002378","mg/L","900","mg","2","0"
"4","Chen_2021_ganciclovir","ganciclovir","0","120","0.006497","mg/L","900","mg","2","0"
"4","Chen_2021_ganciclovir","ganciclovir","0","168","0.003302","mg/L","900","mg","2","0"
"4","Chen_2021_ganciclovir","ganciclovir","0","188","0.007255","mg/L","900","mg","2","0"
"5","Chen_2021_ganciclovir","ganciclovir","1","0",".","mg/L","900","mg","2","."
"5","Chen_2021_ganciclovir","ganciclovir","0","0","0","mg/L","900","mg","2","0"
"5","Chen_2021_ganciclovir","ganciclovir","0","1","2.695243","mg/L","900","mg","2","0"
"5","Chen_2021_ganciclovir","ganciclovir","0","2","8.211128","mg/L","900","mg","2","0"
"5","Chen_2021_ganciclovir","ganciclovir","0","4","4.381351","mg/L","900","mg","2","0"
"5","Chen_2021_ganciclovir","ganciclovir","0","8","0.886928","mg/L","900","mg","2","0"
"5","Chen_2021_ganciclovir","ganciclovir","0","24","0.211175","mg/L","900","mg","2","0"
"5","Chen_2021_ganciclovir","ganciclovir","0","48","0.021546","mg/L","900","mg","2","0"
"5","Chen_2021_ganciclovir","ganciclovir","0","72","0.000849","mg/L","900","mg","2","0"
"5","Chen_2021_ganciclovir","ganciclovir","0","96","6.3e-05","mg/L","900","mg","2","0"
"5","Chen_2021_ganciclovir","ganciclovir","0","120","1e-06","mg/L","900","mg","2","0"
"5","Chen_2021_ganciclovir","ganciclovir","0","168","0","mg/L","900","mg","2","0"
"5","Chen_2021_ganciclovir","ganciclovir","0","188","0","mg/L","900","mg","2","0"
"6","Chen_2021_ganciclovir","ganciclovir","1","0",".","mg/L","900","mg","2","."
"6","Chen_2021_ganciclovir","ganciclovir","0","0","0","mg/L","900","mg","2","0"
"6","Chen_2021_ganciclovir","ganciclovir","0","1","10.528744","mg/L","900","mg","2","0"
"6","Chen_2021_ganciclovir","ganciclovir","0","2","4.332526","mg/L","900","mg","2","0"
"6","Chen_2021_ganciclovir","ganciclovir","0","4","5.28437","mg/L","900","mg","2","0"
"6","Chen_2021_ganciclovir","ganciclovir","0","8","2.902959","mg/L","900","mg","2","0"
"6","Chen_2021_ganciclovir","ganciclovir","0","24","0.07114","mg/L","900","mg","2","0"
"6","Chen_2021_ganciclovir","ganciclovir","0","48","0.019789","mg/L","900","mg","2","0"
"6","Chen_2021_ganciclovir","ganciclovir","0","72","0.016653","mg/L","900","mg","2","0"
"6","Chen_2021_ganciclovir","ganciclovir","0","96","0.015608","mg/L","900","mg","2","0"
"6","Chen_2021_ganciclovir","ganciclovir","0","120","0.008817","mg/L","900","mg","2","0"
"6","Chen_2021_ganciclovir","ganciclovir","0","168","0.00193","mg/L","900","mg","2","0"
"6","Chen_2021_ganciclovir","ganciclovir","0","188","0.000917","mg/L","900","mg","2","0"
"7","Chen_2021_ganciclovir","ganciclovir","1","0",".","mg/L","900","mg","2","."
"7","Chen_2021_ganciclovir","ganciclovir","0","0","0","mg/L","900","mg","2","0"
"7","Chen_2021_ganciclovir","ganciclovir","0","1","1.088957","mg/L","900","mg","2","0"
"7","Chen_2021_ganciclovir","ganciclovir","0","2","5.9227","mg/L","900","mg","2","0"
"7","Chen_2021_ganciclovir","ganciclovir","0","4","2.090571","mg/L","900","mg","2","0"
"7","Chen_2021_ganciclovir","ganciclovir","0","8","1.538094","mg/L","900","mg","2","0"
"7","Chen_2021_ganciclovir","ganciclovir","0","24","0.057914","mg/L","900","mg","2","0"
"7","Chen_2021_ganciclovir","ganciclovir","0","48","0.008372","mg/L","900","mg","2","0"
"7","Chen_2021_ganciclovir","ganciclovir","0","72","0.005621","mg/L","900","mg","2","0"
"7","Chen_2021_ganciclovir","ganciclovir","0","96","0.004212","mg/L","900","mg","2","0"
"7","Chen_2021_ganciclovir","ganciclovir","0","120","0.009183","mg/L","900","mg","2","0"
"7","Chen_2021_ganciclovir","ganciclovir","0","168","0.009698","mg/L","900","mg","2","0"
"7","Chen_2021_ganciclovir","ganciclovir","0","188","0.005831","mg/L","900","mg","2","0"
"8","Chen_2021_ganciclovir","ganciclovir","1","0",".","mg/L","900","mg","2","."
"8","Chen_2021_ganciclovir","ganciclovir","0","0","0","mg/L","900","mg","2","0"
"8","Chen_2021_ganciclovir","ganciclovir","0","1","1.757195","mg/L","900","mg","2","0"
"8","Chen_2021_ganciclovir","ganciclovir","0","2","7.60957","mg/L","900","mg","2","0"
"8","Chen_2021_ganciclovir","ganciclovir","0","4","4.1396","mg/L","900","mg","2","0"
"8","Chen_2021_ganciclovir","ganciclovir","0","8","1.000305","mg/L","900","mg","2","0"
"8","Chen_2021_ganciclovir","ganciclovir","0","24","0.295034","mg/L","900","mg","2","0"
"8","Chen_2021_ganciclovir","ganciclovir","0","48","0.053486","mg/L","900","mg","2","0"
"8","Chen_2021_ganciclovir","ganciclovir","0","72","0.101189","mg/L","900","mg","2","0"
"8","Chen_2021_ganciclovir","ganciclovir","0","96","0.023398","mg/L","900","mg","2","0"
"8","Chen_2021_ganciclovir","ganciclovir","0","120","0.025649","mg/L","900","mg","2","0"
"8","Chen_2021_ganciclovir","ganciclovir","0","168","0.009655","mg/L","900","mg","2","0"
"8","Chen_2021_ganciclovir","ganciclovir","0","188","0.00515","mg/L","900","mg","2","0"
"9","Chen_2021_ganciclovir","ganciclovir","1","0",".","mg/L","900","mg","2","."
"9","Chen_2021_ganciclovir","ganciclovir","0","0","0","mg/L","900","mg","2","0"
"9","Chen_2021_ganciclovir","ganciclovir","0","1","3.915706","mg/L","900","mg","2","0"
"9","Chen_2021_ganciclovir","ganciclovir","0","2","7.306187","mg/L","900","mg","2","0"
"9","Chen_2021_ganciclovir","ganciclovir","0","4","2.668863","mg/L","900","mg","2","0"
"9","Chen_2021_ganciclovir","ganciclovir","0","8","3.644761","mg/L","900","mg","2","0"
"9","Chen_2021_ganciclovir","ganciclovir","0","24","0.162728","mg/L","900","mg","2","0"
"9","Chen_2021_ganciclovir","ganciclovir","0","48","0.155362","mg/L","900","mg","2","0"
"9","Chen_2021_ganciclovir","ganciclovir","0","72","0.042985","mg/L","900","mg","2","0"
"9","Chen_2021_ganciclovir","ganciclovir","0","96","0.009192","mg/L","900","mg","2","0"
"9","Chen_2021_ganciclovir","ganciclovir","0","120","0.00273","mg/L","900","mg","2","0"
"9","Chen_2021_ganciclovir","ganciclovir","0","168","0.000134","mg/L","900","mg","2","0"
"9","Chen_2021_ganciclovir","ganciclovir","0","188","3.5e-05","mg/L","900","mg","2","0"
"10","Chen_2021_ganciclovir","ganciclovir","1","0",".","mg/L","900","mg","2","."
"10","Chen_2021_ganciclovir","ganciclovir","0","0","0","mg/L","900","mg","2","0"
"10","Chen_2021_ganciclovir","ganciclovir","0","1","0.967532","mg/L","900","mg","2","0"
"10","Chen_2021_ganciclovir","ganciclovir","0","2","11.264189","mg/L","900","mg","2","0"
"10","Chen_2021_ganciclovir","ganciclovir","0","4","6.062509","mg/L","900","mg","2","0"
"10","Chen_2021_ganciclovir","ganciclovir","0","8","2.125767","mg/L","900","mg","2","0"
"10","Chen_2021_ganciclovir","ganciclovir","0","24","0.170118","mg/L","900","mg","2","0"
"10","Chen_2021_ganciclovir","ganciclovir","0","48","0.037397","mg/L","900","mg","2","0"
"10","Chen_2021_ganciclovir","ganciclovir","0","72","0.050937","mg/L","900","mg","2","0"
"10","Chen_2021_ganciclovir","ganciclovir","0","96","0.065891","mg/L","900","mg","2","0"
"10","Chen_2021_ganciclovir","ganciclovir","0","120","0.030702","mg/L","900","mg","2","0"
"10","Chen_2021_ganciclovir","ganciclovir","0","168","0.031723","mg/L","900","mg","2","0"
"10","Chen_2021_ganciclovir","ganciclovir","0","188","0.017214","mg/L","900","mg","2","0"
"1","Horita_2018_isoniazid","isoniazid","1","0",".","ug/mL","1050","mg","2","."
"1","Horita_2018_isoniazid","isoniazid","0","0","0","ug/mL","1050","mg","2","0"
"1","Horita_2018_isoniazid","isoniazid","0","0.25","8.123218","ug/mL","1050","mg","2","0"
"1","Horita_2018_isoniazid","isoniazid","0","0.5","9.518185","ug/mL","1050","mg","2","0"
"1","Horita_2018_isoniazid","isoniazid","0","1","8.337725","ug/mL","1050","mg","2","0"
"1","Horita_2018_isoniazid","isoniazid","0","2","5.081743","ug/mL","1050","mg","2","0"
"1","Horita_2018_isoniazid","isoniazid","0","4","2.970558","ug/mL","1050","mg","2","0"
"1","Horita_2018_isoniazid","isoniazid","0","6","1.778404","ug/mL","1050","mg","2","0"
"1","Horita_2018_isoniazid","isoniazid","0","8","0.844093","ug/mL","1050","mg","2","0"
"1","Horita_2018_isoniazid","isoniazid","0","12","0.241493","ug/mL","1050","mg","2","0"
"2","Horita_2018_isoniazid","isoniazid","1","0",".","ug/mL","1050","mg","2","."
"2","Horita_2018_isoniazid","isoniazid","0","0","0","ug/mL","1050","mg","2","0"
"2","Horita_2018_isoniazid","isoniazid","0","0.25","6.631376","ug/mL","1050","mg","2","0"
"2","Horita_2018_isoniazid","isoniazid","0","0.5","4.316739","ug/mL","1050","mg","2","0"
"2","Horita_2018_isoniazid","isoniazid","0","1","10.165407","ug/mL","1050","mg","2","0"
"2","Horita_2018_isoniazid","isoniazid","0","2","4.573304","ug/mL","1050","mg","2","0"
"2","Horita_2018_isoniazid","isoniazid","0","4","3.27342","ug/mL","1050","mg","2","0"
"2","Horita_2018_isoniazid","isoniazid","0","6","3.055387","ug/mL","1050","mg","2","0"
"2","Horita_2018_isoniazid","isoniazid","0","8","3.065261","ug/mL","1050","mg","2","0"
"2","Horita_2018_isoniazid","isoniazid","0","12","1.082253","ug/mL","1050","mg","2","0"
"3","Horita_2018_isoniazid","isoniazid","1","0",".","ug/mL","1050","mg","2","."
"3","Horita_2018_isoniazid","isoniazid","0","0","0","ug/mL","1050","mg","2","0"
"3","Horita_2018_isoniazid","isoniazid","0","0.25","8.522092","ug/mL","1050","mg","2","0"
"3","Horita_2018_isoniazid","isoniazid","0","0.5","12.375593","ug/mL","1050","mg","2","0"
"3","Horita_2018_isoniazid","isoniazid","0","1","8.06454","ug/mL","1050","mg","2","0"
"3","Horita_2018_isoniazid","isoniazid","0","2","3.632486","ug/mL","1050","mg","2","0"
"3","Horita_2018_isoniazid","isoniazid","0","4","1.005838","ug/mL","1050","mg","2","0"
"3","Horita_2018_isoniazid","isoniazid","0","6","0.924506","ug/mL","1050","mg","2","0"
"3","Horita_2018_isoniazid","isoniazid","0","8","1.01577","ug/mL","1050","mg","2","0"
"3","Horita_2018_isoniazid","isoniazid","0","12","0.945179","ug/mL","1050","mg","2","0"
"4","Horita_2018_isoniazid","isoniazid","1","0",".","ug/mL","1050","mg","2","."
"4","Horita_2018_isoniazid","isoniazid","0","0","0","ug/mL","1050","mg","2","0"
"4","Horita_2018_isoniazid","isoniazid","0","0.25","7.139845","ug/mL","1050","mg","2","0"
"4","Horita_2018_isoniazid","isoniazid","0","0.5","6.562545","ug/mL","1050","mg","2","0"
"4","Horita_2018_isoniazid","isoniazid","0","1","7.781118","ug/mL","1050","mg","2","0"
"4","Horita_2018_isoniazid","isoniazid","0","2","6.221912","ug/mL","1050","mg","2","0"
"4","Horita_2018_isoniazid","isoniazid","0","4","3.234878","ug/mL","1050","mg","2","0"
"4","Horita_2018_isoniazid","isoniazid","0","6","2.617188","ug/mL","1050","mg","2","0"
"4","Horita_2018_isoniazid","isoniazid","0","8","1.734306","ug/mL","1050","mg","2","0"
"4","Horita_2018_isoniazid","isoniazid","0","12","0.557356","ug/mL","1050","mg","2","0"
"5","Horita_2018_isoniazid","isoniazid","1","0",".","ug/mL","1050","mg","2","."
"5","Horita_2018_isoniazid","isoniazid","0","0","0","ug/mL","1050","mg","2","0"
"5","Horita_2018_isoniazid","isoniazid","0","0.25","13.562201","ug/mL","1050","mg","2","0"
"5","Horita_2018_isoniazid","isoniazid","0","0.5","8.489241","ug/mL","1050","mg","2","0"
"5","Horita_2018_isoniazid","isoniazid","0","1","9.01997","ug/mL","1050","mg","2","0"
"5","Horita_2018_isoniazid","isoniazid","0","2","5.965559","ug/mL","1050","mg","2","0"
"5","Horita_2018_isoniazid","isoniazid","0","4","3.387066","ug/mL","1050","mg","2","0"
"5","Horita_2018_isoniazid","isoniazid","0","6","1.545903","ug/mL","1050","mg","2","0"
"5","Horita_2018_isoniazid","isoniazid","0","8","0.501609","ug/mL","1050","mg","2","0"
"5","Horita_2018_isoniazid","isoniazid","0","12","0.255006","ug/mL","1050","mg","2","0"
"6","Horita_2018_isoniazid","isoniazid","1","0",".","ug/mL","1050","mg","2","."
"6","Horita_2018_isoniazid","isoniazid","0","0","0","ug/mL","1050","mg","2","0"
"6","Horita_2018_isoniazid","isoniazid","0","0.25","5.791258","ug/mL","1050","mg","2","0"
"6","Horita_2018_isoniazid","isoniazid","0","0.5","7.833719","ug/mL","1050","mg","2","0"
"6","Horita_2018_isoniazid","isoniazid","0","1","7.940665","ug/mL","1050","mg","2","0"
"6","Horita_2018_isoniazid","isoniazid","0","2","6.870639","ug/mL","1050","mg","2","0"
"6","Horita_2018_isoniazid","isoniazid","0","4","3.009398","ug/mL","1050","mg","2","0"
"6","Horita_2018_isoniazid","isoniazid","0","6","1.296224","ug/mL","1050","mg","2","0"
"6","Horita_2018_isoniazid","isoniazid","0","8","0.978143","ug/mL","1050","mg","2","0"
"6","Horita_2018_isoniazid","isoniazid","0","12","0.222653","ug/mL","1050","mg","2","0"
"7","Horita_2018_isoniazid","isoniazid","1","0",".","ug/mL","1050","mg","2","."
"7","Horita_2018_isoniazid","isoniazid","0","0","0","ug/mL","1050","mg","2","0"
"7","Horita_2018_isoniazid","isoniazid","0","0.25","8.35532","ug/mL","1050","mg","2","0"
"7","Horita_2018_isoniazid","isoniazid","0","0.5","11.395951","ug/mL","1050","mg","2","0"
"7","Horita_2018_isoniazid","isoniazid","0","1","10.504245","ug/mL","1050","mg","2","0"
"7","Horita_2018_isoniazid","isoniazid","0","2","4.645984","ug/mL","1050","mg","2","0"
"7","Horita_2018_isoniazid","isoniazid","0","4","3.006695","ug/mL","1050","mg","2","0"
"7","Horita_2018_isoniazid","isoniazid","0","6","1.862077","ug/mL","1050","mg","2","0"
"7","Horita_2018_isoniazid","isoniazid","0","8","1.010042","ug/mL","1050","mg","2","0"
"7","Horita_2018_isoniazid","isoniazid","0","12","0.192943","ug/mL","1050","mg","2","0"
"8","Horita_2018_isoniazid","isoniazid","1","0",".","ug/mL","1050","mg","2","."
"8","Horita_2018_isoniazid","isoniazid","0","0","0","ug/mL","1050","mg","2","0"
"8","Horita_2018_isoniazid","isoniazid","0","0.25","8.171885","ug/mL","1050","mg","2","0"
"8","Horita_2018_isoniazid","isoniazid","0","0.5","10.776723","ug/mL","1050","mg","2","0"
"8","Horita_2018_isoniazid","isoniazid","0","1","8.531958","ug/mL","1050","mg","2","0"
"8","Horita_2018_isoniazid","isoniazid","0","2","8.698771","ug/mL","1050","mg","2","0"
"8","Horita_2018_isoniazid","isoniazid","0","4","7.837299","ug/mL","1050","mg","2","0"
"8","Horita_2018_isoniazid","isoniazid","0","6","4.625361","ug/mL","1050","mg","2","0"
"8","Horita_2018_isoniazid","isoniazid","0","8","3.878713","ug/mL","1050","mg","2","0"
"8","Horita_2018_isoniazid","isoniazid","0","12","2.770876","ug/mL","1050","mg","2","0"
"9","Horita_2018_isoniazid","isoniazid","1","0",".","ug/mL","1050","mg","2","."
"9","Horita_2018_isoniazid","isoniazid","0","0","0","ug/mL","1050","mg","2","0"
"9","Horita_2018_isoniazid","isoniazid","0","0.25","9.245401","ug/mL","1050","mg","2","0"
"9","Horita_2018_isoniazid","isoniazid","0","0.5","6.587779","ug/mL","1050","mg","2","0"
"9","Horita_2018_isoniazid","isoniazid","0","1","5.918794","ug/mL","1050","mg","2","0"
"9","Horita_2018_isoniazid","isoniazid","0","2","2.909991","ug/mL","1050","mg","2","0"
"9","Horita_2018_isoniazid","isoniazid","0","4","1.028697","ug/mL","1050","mg","2","0"
"9","Horita_2018_isoniazid","isoniazid","0","6","0.293257","ug/mL","1050","mg","2","0"
"9","Horita_2018_isoniazid","isoniazid","0","8","0.141583","ug/mL","1050","mg","2","0"
"9","Horita_2018_isoniazid","isoniazid","0","12","0","ug/mL","1050","mg","2","1"
"10","Horita_2018_isoniazid","isoniazid","1","0",".","ug/mL","1050","mg","2","."
"10","Horita_2018_isoniazid","isoniazid","0","0","0","ug/mL","1050","mg","2","0"
"10","Horita_2018_isoniazid","isoniazid","0","0.25","7.768001","ug/mL","1050","mg","2","0"
"10","Horita_2018_isoniazid","isoniazid","0","0.5","8.197456","ug/mL","1050","mg","2","0"
"10","Horita_2018_isoniazid","isoniazid","0","1","5.888065","ug/mL","1050","mg","2","0"
"10","Horita_2018_isoniazid","isoniazid","0","2","4.994367","ug/mL","1050","mg","2","0"
"10","Horita_2018_isoniazid","isoniazid","0","4","4.254919","ug/mL","1050","mg","2","0"
"10","Horita_2018_isoniazid","isoniazid","0","6","2.22135","ug/mL","1050","mg","2","0"
"10","Horita_2018_isoniazid","isoniazid","0","8","1.31571","ug/mL","1050","mg","2","0"
"10","Horita_2018_isoniazid","isoniazid","0","12","0.632871","ug/mL","1050","mg","2","0"
"1","Archary_2019_lamivudine","lamivudine","1","0",".","mg/L","100","mg","2","."
"1","Archary_2019_lamivudine","lamivudine","0","0","0","mg/L","100","mg","2","0"
"1","Archary_2019_lamivudine","lamivudine","0","0.25","0.018352","mg/L","100","mg","2","0"
"1","Archary_2019_lamivudine","lamivudine","0","0.5","0.050477","mg/L","100","mg","2","0"
"1","Archary_2019_lamivudine","lamivudine","0","1","0.068679","mg/L","100","mg","2","0"
"1","Archary_2019_lamivudine","lamivudine","0","2","0.169074","mg/L","100","mg","2","0"
"1","Archary_2019_lamivudine","lamivudine","0","4","0.094254","mg/L","100","mg","2","0"
"1","Archary_2019_lamivudine","lamivudine","0","6","0.178881","mg/L","100","mg","2","0"
"1","Archary_2019_lamivudine","lamivudine","0","8","0.089953","mg/L","100","mg","2","0"
"1","Archary_2019_lamivudine","lamivudine","0","12","0.074196","mg/L","100","mg","2","0"
"2","Archary_2019_lamivudine","lamivudine","1","0",".","mg/L","100","mg","2","."
"2","Archary_2019_lamivudine","lamivudine","0","0","0","mg/L","100","mg","2","0"
"2","Archary_2019_lamivudine","lamivudine","0","0.25","0.074551","mg/L","100","mg","2","0"
"2","Archary_2019_lamivudine","lamivudine","0","0.5","0.109311","mg/L","100","mg","2","0"
"2","Archary_2019_lamivudine","lamivudine","0","1","0.114764","mg/L","100","mg","2","0"
"2","Archary_2019_lamivudine","lamivudine","0","2","0.214771","mg/L","100","mg","2","0"
"2","Archary_2019_lamivudine","lamivudine","0","4","0.044839","mg/L","100","mg","2","0"
"2","Archary_2019_lamivudine","lamivudine","0","6","0.021259","mg/L","100","mg","2","0"
"2","Archary_2019_lamivudine","lamivudine","0","8","0.051482","mg/L","100","mg","2","0"
"2","Archary_2019_lamivudine","lamivudine","0","12","0.014254","mg/L","100","mg","2","0"
"3","Archary_2019_lamivudine","lamivudine","1","0",".","mg/L","100","mg","2","."
"3","Archary_2019_lamivudine","lamivudine","0","0","0","mg/L","100","mg","2","0"
"3","Archary_2019_lamivudine","lamivudine","0","0.25","0.058002","mg/L","100","mg","2","0"
"3","Archary_2019_lamivudine","lamivudine","0","0.5","0.139882","mg/L","100","mg","2","0"
"3","Archary_2019_lamivudine","lamivudine","0","1","0.098663","mg/L","100","mg","2","0"
"3","Archary_2019_lamivudine","lamivudine","0","2","0.354226","mg/L","100","mg","2","0"
"3","Archary_2019_lamivudine","lamivudine","0","4","0.231169","mg/L","100","mg","2","0"
"3","Archary_2019_lamivudine","lamivudine","0","6","0.226491","mg/L","100","mg","2","0"
"3","Archary_2019_lamivudine","lamivudine","0","8","0.063063","mg/L","100","mg","2","0"
"3","Archary_2019_lamivudine","lamivudine","0","12","0.01607","mg/L","100","mg","2","0"
"4","Archary_2019_lamivudine","lamivudine","1","0",".","mg/L","100","mg","2","."
"4","Archary_2019_lamivudine","lamivudine","0","0","0","mg/L","100","mg","2","0"
"4","Archary_2019_lamivudine","lamivudine","0","0.25","0.013978","mg/L","100","mg","2","0"
"4","Archary_2019_lamivudine","lamivudine","0","0.5","0.047141","mg/L","100","mg","2","0"
"4","Archary_2019_lamivudine","lamivudine","0","1","0.138384","mg/L","100","mg","2","0"
"4","Archary_2019_lamivudine","lamivudine","0","2","0.18686","mg/L","100","mg","2","0"
"4","Archary_2019_lamivudine","lamivudine","0","4","0.198314","mg/L","100","mg","2","0"
"4","Archary_2019_lamivudine","lamivudine","0","6","0.126149","mg/L","100","mg","2","0"
"4","Archary_2019_lamivudine","lamivudine","0","8","0.08474","mg/L","100","mg","2","0"
"4","Archary_2019_lamivudine","lamivudine","0","12","0.048535","mg/L","100","mg","2","0"
"5","Archary_2019_lamivudine","lamivudine","1","0",".","mg/L","100","mg","2","."
"5","Archary_2019_lamivudine","lamivudine","0","0","0","mg/L","100","mg","2","0"
"5","Archary_2019_lamivudine","lamivudine","0","0.25","0.066581","mg/L","100","mg","2","0"
"5","Archary_2019_lamivudine","lamivudine","0","0.5","0.081974","mg/L","100","mg","2","0"
"5","Archary_2019_lamivudine","lamivudine","0","1","0.082427","mg/L","100","mg","2","0"
"5","Archary_2019_lamivudine","lamivudine","0","2","0.233314","mg/L","100","mg","2","0"
"5","Archary_2019_lamivudine","lamivudine","0","4","0.129956","mg/L","100","mg","2","0"
"5","Archary_2019_lamivudine","lamivudine","0","6","0.070211","mg/L","100","mg","2","0"
"5","Archary_2019_lamivudine","lamivudine","0","8","0.097336","mg/L","100","mg","2","0"
"5","Archary_2019_lamivudine","lamivudine","0","12","0.028614","mg/L","100","mg","2","0"
"6","Archary_2019_lamivudine","lamivudine","1","0",".","mg/L","100","mg","2","."
"6","Archary_2019_lamivudine","lamivudine","0","0","0","mg/L","100","mg","2","0"
"6","Archary_2019_lamivudine","lamivudine","0","0.25","0.010489","mg/L","100","mg","2","0"
"6","Archary_2019_lamivudine","lamivudine","0","0.5","0.070622","mg/L","100","mg","2","0"
"6","Archary_2019_lamivudine","lamivudine","0","1","0.098593","mg/L","100","mg","2","0"
"6","Archary_2019_lamivudine","lamivudine","0","2","0.150454","mg/L","100","mg","2","0"
"6","Archary_2019_lamivudine","lamivudine","0","4","0.181384","mg/L","100","mg","2","0"
"6","Archary_2019_lamivudine","lamivudine","0","6","0.089033","mg/L","100","mg","2","0"
"6","Archary_2019_lamivudine","lamivudine","0","8","0.040164","mg/L","100","mg","2","0"
"6","Archary_2019_lamivudine","lamivudine","0","12","0.031868","mg/L","100","mg","2","0"
"7","Archary_2019_lamivudine","lamivudine","1","0",".","mg/L","100","mg","2","."
"7","Archary_2019_lamivudine","lamivudine","0","0","0","mg/L","100","mg","2","0"
"7","Archary_2019_lamivudine","lamivudine","0","0.25","0.04661","mg/L","100","mg","2","0"
"7","Archary_2019_lamivudine","lamivudine","0","0.5","0.06232","mg/L","100","mg","2","0"
"7","Archary_2019_lamivudine","lamivudine","0","1","0.065527","mg/L","100","mg","2","0"
"7","Archary_2019_lamivudine","lamivudine","0","2","0.095189","mg/L","100","mg","2","0"
"7","Archary_2019_lamivudine","lamivudine","0","4","0.038463","mg/L","100","mg","2","0"
"7","Archary_2019_lamivudine","lamivudine","0","6","0.076764","mg/L","100","mg","2","0"
"7","Archary_2019_lamivudine","lamivudine","0","8","0.038962","mg/L","100","mg","2","0"
"7","Archary_2019_lamivudine","lamivudine","0","12","0.01669","mg/L","100","mg","2","0"
"8","Archary_2019_lamivudine","lamivudine","1","0",".","mg/L","100","mg","2","."
"8","Archary_2019_lamivudine","lamivudine","0","0","0","mg/L","100","mg","2","0"
"8","Archary_2019_lamivudine","lamivudine","0","0.25","0.044192","mg/L","100","mg","2","0"
"8","Archary_2019_lamivudine","lamivudine","0","0.5","0.168206","mg/L","100","mg","2","0"
"8","Archary_2019_lamivudine","lamivudine","0","1","0.154813","mg/L","100","mg","2","0"
"8","Archary_2019_lamivudine","lamivudine","0","2","0.410677","mg/L","100","mg","2","0"
"8","Archary_2019_lamivudine","lamivudine","0","4","0.285168","mg/L","100","mg","2","0"
"8","Archary_2019_lamivudine","lamivudine","0","6","0.074038","mg/L","100","mg","2","0"
"8","Archary_2019_lamivudine","lamivudine","0","8","0.110386","mg/L","100","mg","2","0"
"8","Archary_2019_lamivudine","lamivudine","0","12","0.033225","mg/L","100","mg","2","0"
"9","Archary_2019_lamivudine","lamivudine","1","0",".","mg/L","100","mg","2","."
"9","Archary_2019_lamivudine","lamivudine","0","0","0","mg/L","100","mg","2","0"
"9","Archary_2019_lamivudine","lamivudine","0","0.25","0.07293","mg/L","100","mg","2","0"
"9","Archary_2019_lamivudine","lamivudine","0","0.5","0.141392","mg/L","100","mg","2","0"
"9","Archary_2019_lamivudine","lamivudine","0","1","0.130277","mg/L","100","mg","2","0"
"9","Archary_2019_lamivudine","lamivudine","0","2","0.208384","mg/L","100","mg","2","0"
"9","Archary_2019_lamivudine","lamivudine","0","4","0.175133","mg/L","100","mg","2","0"
"9","Archary_2019_lamivudine","lamivudine","0","6","0.109265","mg/L","100","mg","2","0"
"9","Archary_2019_lamivudine","lamivudine","0","8","0.105971","mg/L","100","mg","2","0"
"9","Archary_2019_lamivudine","lamivudine","0","12","0.024148","mg/L","100","mg","2","0"
"10","Archary_2019_lamivudine","lamivudine","1","0",".","mg/L","100","mg","2","."
"10","Archary_2019_lamivudine","lamivudine","0","0","0","mg/L","100","mg","2","0"
"10","Archary_2019_lamivudine","lamivudine","0","0.25","0.043786","mg/L","100","mg","2","0"
"10","Archary_2019_lamivudine","lamivudine","0","0.5","0.055873","mg/L","100","mg","2","0"
"10","Archary_2019_lamivudine","lamivudine","0","1","0.107292","mg/L","100","mg","2","0"
"10","Archary_2019_lamivudine","lamivudine","0","2","0.069884","mg/L","100","mg","2","0"
"10","Archary_2019_lamivudine","lamivudine","0","4","0.157742","mg/L","100","mg","2","0"
"10","Archary_2019_lamivudine","lamivudine","0","6","0.072035","mg/L","100","mg","2","0"
"10","Archary_2019_lamivudine","lamivudine","0","8","0.033841","mg/L","100","mg","2","0"
"10","Archary_2019_lamivudine","lamivudine","0","12","0.010718","mg/L","100","mg","2","0"
"1","Archary_2018_lopinavir","lopinavir","1","0",".","mg/L","1750","mg","2","."
"1","Archary_2018_lopinavir","lopinavir","0","0","0","mg/L","1750","mg","2","0"
"1","Archary_2018_lopinavir","lopinavir","0","0.25","2.233975","mg/L","1750","mg","2","0"
"1","Archary_2018_lopinavir","lopinavir","0","0.5","6.566167","mg/L","1750","mg","2","0"
"1","Archary_2018_lopinavir","lopinavir","0","1","5.656455","mg/L","1750","mg","2","0"
"1","Archary_2018_lopinavir","lopinavir","0","2","12.204172","mg/L","1750","mg","2","0"
"1","Archary_2018_lopinavir","lopinavir","0","4","12.181669","mg/L","1750","mg","2","0"
"1","Archary_2018_lopinavir","lopinavir","0","6","7.058686","mg/L","1750","mg","2","0"
"1","Archary_2018_lopinavir","lopinavir","0","8","11.751324","mg/L","1750","mg","2","0"
"1","Archary_2018_lopinavir","lopinavir","0","12","3.208034","mg/L","1750","mg","2","0"
"1","Archary_2018_lopinavir","lopinavir","0","14","2.040126","mg/L","1750","mg","2","0"
"2","Archary_2018_lopinavir","lopinavir","1","0",".","mg/L","1750","mg","2","."
"2","Archary_2018_lopinavir","lopinavir","0","0","0","mg/L","1750","mg","2","0"
"2","Archary_2018_lopinavir","lopinavir","0","0.25","0.974709","mg/L","1750","mg","2","0"
"2","Archary_2018_lopinavir","lopinavir","0","0.5","1.315544","mg/L","1750","mg","2","0"
"2","Archary_2018_lopinavir","lopinavir","0","1","10.10216","mg/L","1750","mg","2","0"
"2","Archary_2018_lopinavir","lopinavir","0","2","6.933258","mg/L","1750","mg","2","0"
"2","Archary_2018_lopinavir","lopinavir","0","4","7.423106","mg/L","1750","mg","2","0"
"2","Archary_2018_lopinavir","lopinavir","0","6","3.551804","mg/L","1750","mg","2","0"
"2","Archary_2018_lopinavir","lopinavir","0","8","1.808235","mg/L","1750","mg","2","0"
"2","Archary_2018_lopinavir","lopinavir","0","12","0.214132","mg/L","1750","mg","2","0"
"2","Archary_2018_lopinavir","lopinavir","0","14","0.064733","mg/L","1750","mg","2","0"
"3","Archary_2018_lopinavir","lopinavir","1","0",".","mg/L","1750","mg","2","."
"3","Archary_2018_lopinavir","lopinavir","0","0","0","mg/L","1750","mg","2","0"
"3","Archary_2018_lopinavir","lopinavir","0","0.25","1.737178","mg/L","1750","mg","2","0"
"3","Archary_2018_lopinavir","lopinavir","0","0.5","2.752404","mg/L","1750","mg","2","0"
"3","Archary_2018_lopinavir","lopinavir","0","1","7.554065","mg/L","1750","mg","2","0"
"3","Archary_2018_lopinavir","lopinavir","0","2","8.646813","mg/L","1750","mg","2","0"
"3","Archary_2018_lopinavir","lopinavir","0","4","13.761483","mg/L","1750","mg","2","0"
"3","Archary_2018_lopinavir","lopinavir","0","6","3.150577","mg/L","1750","mg","2","0"
"3","Archary_2018_lopinavir","lopinavir","0","8","7.512186","mg/L","1750","mg","2","0"
"3","Archary_2018_lopinavir","lopinavir","0","12","3.448031","mg/L","1750","mg","2","0"
"3","Archary_2018_lopinavir","lopinavir","0","14","5.110867","mg/L","1750","mg","2","0"
"4","Archary_2018_lopinavir","lopinavir","1","0",".","mg/L","1750","mg","2","."
"4","Archary_2018_lopinavir","lopinavir","0","0","0","mg/L","1750","mg","2","0"
"4","Archary_2018_lopinavir","lopinavir","0","0.25","1.639015","mg/L","1750","mg","2","0"
"4","Archary_2018_lopinavir","lopinavir","0","0.5","4.727261","mg/L","1750","mg","2","0"
"4","Archary_2018_lopinavir","lopinavir","0","1","6.148232","mg/L","1750","mg","2","0"
"4","Archary_2018_lopinavir","lopinavir","0","2","10.745528","mg/L","1750","mg","2","0"
"4","Archary_2018_lopinavir","lopinavir","0","4","12.624845","mg/L","1750","mg","2","0"
"4","Archary_2018_lopinavir","lopinavir","0","6","10.131596","mg/L","1750","mg","2","0"
"4","Archary_2018_lopinavir","lopinavir","0","8","6.748638","mg/L","1750","mg","2","0"
"4","Archary_2018_lopinavir","lopinavir","0","12","0.808663","mg/L","1750","mg","2","0"
"4","Archary_2018_lopinavir","lopinavir","0","14","7.59026","mg/L","1750","mg","2","0"
"5","Archary_2018_lopinavir","lopinavir","1","0",".","mg/L","1750","mg","2","."
"5","Archary_2018_lopinavir","lopinavir","0","0","0","mg/L","1750","mg","2","0"
"5","Archary_2018_lopinavir","lopinavir","0","0.25","2.160553","mg/L","1750","mg","2","0"
"5","Archary_2018_lopinavir","lopinavir","0","0.5","3.573026","mg/L","1750","mg","2","0"
"5","Archary_2018_lopinavir","lopinavir","0","1","2.922946","mg/L","1750","mg","2","0"
"5","Archary_2018_lopinavir","lopinavir","0","2","7.240384","mg/L","1750","mg","2","0"
"5","Archary_2018_lopinavir","lopinavir","0","4","8.412464","mg/L","1750","mg","2","0"
"5","Archary_2018_lopinavir","lopinavir","0","6","4.182585","mg/L","1750","mg","2","0"
"5","Archary_2018_lopinavir","lopinavir","0","8","11.886602","mg/L","1750","mg","2","0"
"5","Archary_2018_lopinavir","lopinavir","0","12","6.741009","mg/L","1750","mg","2","0"
"5","Archary_2018_lopinavir","lopinavir","0","14","7.525686","mg/L","1750","mg","2","0"
"6","Archary_2018_lopinavir","lopinavir","1","0",".","mg/L","1750","mg","2","."
"6","Archary_2018_lopinavir","lopinavir","0","0","0","mg/L","1750","mg","2","0"
"6","Archary_2018_lopinavir","lopinavir","0","0.25","1.484388","mg/L","1750","mg","2","0"
"6","Archary_2018_lopinavir","lopinavir","0","0.5","2.424173","mg/L","1750","mg","2","0"
"6","Archary_2018_lopinavir","lopinavir","0","1","2.724645","mg/L","1750","mg","2","0"
"6","Archary_2018_lopinavir","lopinavir","0","2","8.632696","mg/L","1750","mg","2","0"
"6","Archary_2018_lopinavir","lopinavir","0","4","10.749367","mg/L","1750","mg","2","0"
"6","Archary_2018_lopinavir","lopinavir","0","6","8.734503","mg/L","1750","mg","2","0"
"6","Archary_2018_lopinavir","lopinavir","0","8","4.045668","mg/L","1750","mg","2","0"
"6","Archary_2018_lopinavir","lopinavir","0","12","1.296479","mg/L","1750","mg","2","0"
"6","Archary_2018_lopinavir","lopinavir","0","14","1.485237","mg/L","1750","mg","2","0"
"7","Archary_2018_lopinavir","lopinavir","1","0",".","mg/L","1750","mg","2","."
"7","Archary_2018_lopinavir","lopinavir","0","0","0","mg/L","1750","mg","2","0"
"7","Archary_2018_lopinavir","lopinavir","0","0.25","1.467225","mg/L","1750","mg","2","0"
"7","Archary_2018_lopinavir","lopinavir","0","0.5","3.718527","mg/L","1750","mg","2","0"
"7","Archary_2018_lopinavir","lopinavir","0","1","6.19908","mg/L","1750","mg","2","0"
"7","Archary_2018_lopinavir","lopinavir","0","2","9.429613","mg/L","1750","mg","2","0"
"7","Archary_2018_lopinavir","lopinavir","0","4","6.651253","mg/L","1750","mg","2","0"
"7","Archary_2018_lopinavir","lopinavir","0","6","6.615904","mg/L","1750","mg","2","0"
"7","Archary_2018_lopinavir","lopinavir","0","8","6.435763","mg/L","1750","mg","2","0"
"7","Archary_2018_lopinavir","lopinavir","0","12","4.477169","mg/L","1750","mg","2","0"
"7","Archary_2018_lopinavir","lopinavir","0","14","2.337691","mg/L","1750","mg","2","0"
"8","Archary_2018_lopinavir","lopinavir","1","0",".","mg/L","1750","mg","2","."
"8","Archary_2018_lopinavir","lopinavir","0","0","0","mg/L","1750","mg","2","0"
"8","Archary_2018_lopinavir","lopinavir","0","0.25","1.175396","mg/L","1750","mg","2","0"
"8","Archary_2018_lopinavir","lopinavir","0","0.5","3.651413","mg/L","1750","mg","2","0"
"8","Archary_2018_lopinavir","lopinavir","0","1","5.678117","mg/L","1750","mg","2","0"
"8","Archary_2018_lopinavir","lopinavir","0","2","8.158384","mg/L","1750","mg","2","0"
"8","Archary_2018_lopinavir","lopinavir","0","4","6.062367","mg/L","1750","mg","2","0"
"8","Archary_2018_lopinavir","lopinavir","0","6","13.398295","mg/L","1750","mg","2","0"
"8","Archary_2018_lopinavir","lopinavir","0","8","5.163233","mg/L","1750","mg","2","0"
"8","Archary_2018_lopinavir","lopinavir","0","12","7.565711","mg/L","1750","mg","2","0"
"8","Archary_2018_lopinavir","lopinavir","0","14","2.695931","mg/L","1750","mg","2","0"
"9","Archary_2018_lopinavir","lopinavir","1","0",".","mg/L","1750","mg","2","."
"9","Archary_2018_lopinavir","lopinavir","0","0","0","mg/L","1750","mg","2","0"
"9","Archary_2018_lopinavir","lopinavir","0","0.25","0.409625","mg/L","1750","mg","2","0"
"9","Archary_2018_lopinavir","lopinavir","0","0.5","3.319381","mg/L","1750","mg","2","0"
"9","Archary_2018_lopinavir","lopinavir","0","1","5.368015","mg/L","1750","mg","2","0"
"9","Archary_2018_lopinavir","lopinavir","0","2","9.832465","mg/L","1750","mg","2","0"
"9","Archary_2018_lopinavir","lopinavir","0","4","0.613038","mg/L","1750","mg","2","0"
"9","Archary_2018_lopinavir","lopinavir","0","6","9.894202","mg/L","1750","mg","2","0"
"9","Archary_2018_lopinavir","lopinavir","0","8","9.709078","mg/L","1750","mg","2","0"
"9","Archary_2018_lopinavir","lopinavir","0","12","5.391048","mg/L","1750","mg","2","0"
"9","Archary_2018_lopinavir","lopinavir","0","14","1.895978","mg/L","1750","mg","2","0"
"10","Archary_2018_lopinavir","lopinavir","1","0",".","mg/L","1750","mg","2","."
"10","Archary_2018_lopinavir","lopinavir","0","0","0","mg/L","1750","mg","2","0"
"10","Archary_2018_lopinavir","lopinavir","0","0.25","1.934272","mg/L","1750","mg","2","0"
"10","Archary_2018_lopinavir","lopinavir","0","0.5","3.830157","mg/L","1750","mg","2","0"
"10","Archary_2018_lopinavir","lopinavir","0","1","3.43956","mg/L","1750","mg","2","0"
"10","Archary_2018_lopinavir","lopinavir","0","2","4.840439","mg/L","1750","mg","2","0"
"10","Archary_2018_lopinavir","lopinavir","0","4","1.214335","mg/L","1750","mg","2","0"
"10","Archary_2018_lopinavir","lopinavir","0","6","1.666322","mg/L","1750","mg","2","0"
"10","Archary_2018_lopinavir","lopinavir","0","8","0.978033","mg/L","1750","mg","2","0"
"10","Archary_2018_lopinavir","lopinavir","0","12","0.096465","mg/L","1750","mg","2","0"
"10","Archary_2018_lopinavir","lopinavir","0","14","0.092785","mg/L","1750","mg","2","0"
"1","Chua_2025_mirikizumab","mirikizumab","1","0",".","ug/mL","900","mg","2","."
"1","Chua_2025_mirikizumab","mirikizumab","0","0","0","ug/mL","900","mg","2","0"
"1","Chua_2025_mirikizumab","mirikizumab","0","4","4.685071","ug/mL","900","mg","2","0"
"1","Chua_2025_mirikizumab","mirikizumab","0","24","24.101415","ug/mL","900","mg","2","0"
"1","Chua_2025_mirikizumab","mirikizumab","0","72","30.323705","ug/mL","900","mg","2","0"
"1","Chua_2025_mirikizumab","mirikizumab","0","168","22.348691","ug/mL","900","mg","2","0"
"1","Chua_2025_mirikizumab","mirikizumab","0","336","20.433482","ug/mL","900","mg","2","0"
"1","Chua_2025_mirikizumab","mirikizumab","0","504","15.897986","ug/mL","900","mg","2","0"
"1","Chua_2025_mirikizumab","mirikizumab","0","672","7.250185","ug/mL","900","mg","2","0"
"1","Chua_2025_mirikizumab","mirikizumab","0","840","7.25175","ug/mL","900","mg","2","0"
"1","Chua_2025_mirikizumab","mirikizumab","0","1008","3.272068","ug/mL","900","mg","2","0"
"1","Chua_2025_mirikizumab","mirikizumab","0","1092","2.557235","ug/mL","900","mg","2","0"
"2","Chua_2025_mirikizumab","mirikizumab","1","0",".","ug/mL","900","mg","2","."
"2","Chua_2025_mirikizumab","mirikizumab","0","0","0","ug/mL","900","mg","2","0"
"2","Chua_2025_mirikizumab","mirikizumab","0","4","3.682862","ug/mL","900","mg","2","0"
"2","Chua_2025_mirikizumab","mirikizumab","0","24","11.869637","ug/mL","900","mg","2","0"
"2","Chua_2025_mirikizumab","mirikizumab","0","72","28.415486","ug/mL","900","mg","2","0"
"2","Chua_2025_mirikizumab","mirikizumab","0","168","30.171688","ug/mL","900","mg","2","0"
"2","Chua_2025_mirikizumab","mirikizumab","0","336","8.314483","ug/mL","900","mg","2","0"
"2","Chua_2025_mirikizumab","mirikizumab","0","504","12.17281","ug/mL","900","mg","2","0"
"2","Chua_2025_mirikizumab","mirikizumab","0","672","6.731287","ug/mL","900","mg","2","0"
"2","Chua_2025_mirikizumab","mirikizumab","0","840","3.50362","ug/mL","900","mg","2","0"
"2","Chua_2025_mirikizumab","mirikizumab","0","1008","2.530221","ug/mL","900","mg","2","0"
"2","Chua_2025_mirikizumab","mirikizumab","0","1092","1.329992","ug/mL","900","mg","2","0"
"3","Chua_2025_mirikizumab","mirikizumab","1","0",".","ug/mL","900","mg","2","."
"3","Chua_2025_mirikizumab","mirikizumab","0","0","0","ug/mL","900","mg","2","0"
"3","Chua_2025_mirikizumab","mirikizumab","0","4","2.838183","ug/mL","900","mg","2","0"
"3","Chua_2025_mirikizumab","mirikizumab","0","24","16.76186","ug/mL","900","mg","2","0"
"3","Chua_2025_mirikizumab","mirikizumab","0","72","23.914029","ug/mL","900","mg","2","0"
"3","Chua_2025_mirikizumab","mirikizumab","0","168","36.990216","ug/mL","900","mg","2","0"
"3","Chua_2025_mirikizumab","mirikizumab","0","336","22.065564","ug/mL","900","mg","2","0"
"3","Chua_2025_mirikizumab","mirikizumab","0","504","6.904734","ug/mL","900","mg","2","0"
"3","Chua_2025_mirikizumab","mirikizumab","0","672","5.45782","ug/mL","900","mg","2","0"
"3","Chua_2025_mirikizumab","mirikizumab","0","840","2.780929","ug/mL","900","mg","2","0"
"3","Chua_2025_mirikizumab","mirikizumab","0","1008","2.184243","ug/mL","900","mg","2","0"
"3","Chua_2025_mirikizumab","mirikizumab","0","1092","2.381673","ug/mL","900","mg","2","0"
"4","Chua_2025_mirikizumab","mirikizumab","1","0",".","ug/mL","900","mg","2","."
"4","Chua_2025_mirikizumab","mirikizumab","0","0","0","ug/mL","900","mg","2","0"
"4","Chua_2025_mirikizumab","mirikizumab","0","4","2.240253","ug/mL","900","mg","2","0"
"4","Chua_2025_mirikizumab","mirikizumab","0","24","9.308782","ug/mL","900","mg","2","0"
"4","Chua_2025_mirikizumab","mirikizumab","0","72","20.112594","ug/mL","900","mg","2","0"
"4","Chua_2025_mirikizumab","mirikizumab","0","168","20.743419","ug/mL","900","mg","2","0"
"4","Chua_2025_mirikizumab","mirikizumab","0","336","10.135159","ug/mL","900","mg","2","0"
"4","Chua_2025_mirikizumab","mirikizumab","0","504","6.235094","ug/mL","900","mg","2","0"
"4","Chua_2025_mirikizumab","mirikizumab","0","672","2.01002","ug/mL","900","mg","2","0"
"4","Chua_2025_mirikizumab","mirikizumab","0","840","1.575135","ug/mL","900","mg","2","0"
"4","Chua_2025_mirikizumab","mirikizumab","0","1008","0.613849","ug/mL","900","mg","2","0"
"4","Chua_2025_mirikizumab","mirikizumab","0","1092","0.477255","ug/mL","900","mg","2","0"
"5","Chua_2025_mirikizumab","mirikizumab","1","0",".","ug/mL","900","mg","2","."
"5","Chua_2025_mirikizumab","mirikizumab","0","0","0","ug/mL","900","mg","2","0"
"5","Chua_2025_mirikizumab","mirikizumab","0","4","4.461004","ug/mL","900","mg","2","0"
"5","Chua_2025_mirikizumab","mirikizumab","0","24","20.419221","ug/mL","900","mg","2","0"
"5","Chua_2025_mirikizumab","mirikizumab","0","72","35.350835","ug/mL","900","mg","2","0"
"5","Chua_2025_mirikizumab","mirikizumab","0","168","54.573549","ug/mL","900","mg","2","0"
"5","Chua_2025_mirikizumab","mirikizumab","0","336","55.979254","ug/mL","900","mg","2","0"
"5","Chua_2025_mirikizumab","mirikizumab","0","504","36.0737","ug/mL","900","mg","2","0"
"5","Chua_2025_mirikizumab","mirikizumab","0","672","30.003737","ug/mL","900","mg","2","0"
"5","Chua_2025_mirikizumab","mirikizumab","0","840","21.400345","ug/mL","900","mg","2","0"
"5","Chua_2025_mirikizumab","mirikizumab","0","1008","18.667934","ug/mL","900","mg","2","0"
"5","Chua_2025_mirikizumab","mirikizumab","0","1092","12.511955","ug/mL","900","mg","2","0"
"6","Chua_2025_mirikizumab","mirikizumab","1","0",".","ug/mL","900","mg","2","."
"6","Chua_2025_mirikizumab","mirikizumab","0","0","0","ug/mL","900","mg","2","0"
"6","Chua_2025_mirikizumab","mirikizumab","0","4","4.483549","ug/mL","900","mg","2","0"
"6","Chua_2025_mirikizumab","mirikizumab","0","24","28.590354","ug/mL","900","mg","2","0"
"6","Chua_2025_mirikizumab","mirikizumab","0","72","50.388502","ug/mL","900","mg","2","0"
"6","Chua_2025_mirikizumab","mirikizumab","0","168","39.055215","ug/mL","900","mg","2","0"
"6","Chua_2025_mirikizumab","mirikizumab","0","336","48.7009","ug/mL","900","mg","2","0"
"6","Chua_2025_mirikizumab","mirikizumab","0","504","20.874851","ug/mL","900","mg","2","0"
"6","Chua_2025_mirikizumab","mirikizumab","0","672","13.767614","ug/mL","900","mg","2","0"
"6","Chua_2025_mirikizumab","mirikizumab","0","840","10.569774","ug/mL","900","mg","2","0"
"6","Chua_2025_mirikizumab","mirikizumab","0","1008","6.656451","ug/mL","900","mg","2","0"
"6","Chua_2025_mirikizumab","mirikizumab","0","1092","4.281698","ug/mL","900","mg","2","0"
"7","Chua_2025_mirikizumab","mirikizumab","1","0",".","ug/mL","900","mg","2","."
"7","Chua_2025_mirikizumab","mirikizumab","0","0","0","ug/mL","900","mg","2","0"
"7","Chua_2025_mirikizumab","mirikizumab","0","4","3.508811","ug/mL","900","mg","2","0"
"7","Chua_2025_mirikizumab","mirikizumab","0","24","22.575291","ug/mL","900","mg","2","0"
"7","Chua_2025_mirikizumab","mirikizumab","0","72","29.549627","ug/mL","900","mg","2","0"
"7","Chua_2025_mirikizumab","mirikizumab","0","168","34.550588","ug/mL","900","mg","2","0"
"7","Chua_2025_mirikizumab","mirikizumab","0","336","19.980338","ug/mL","900","mg","2","0"
"7","Chua_2025_mirikizumab","mirikizumab","0","504","4.488156","ug/mL","900","mg","2","0"
"7","Chua_2025_mirikizumab","mirikizumab","0","672","4.392344","ug/mL","900","mg","2","0"
"7","Chua_2025_mirikizumab","mirikizumab","0","840","2.557527","ug/mL","900","mg","2","0"
"7","Chua_2025_mirikizumab","mirikizumab","0","1008","1.03097","ug/mL","900","mg","2","0"
"7","Chua_2025_mirikizumab","mirikizumab","0","1092","0.9299","ug/mL","900","mg","2","0"
"8","Chua_2025_mirikizumab","mirikizumab","1","0",".","ug/mL","900","mg","2","."
"8","Chua_2025_mirikizumab","mirikizumab","0","0","0","ug/mL","900","mg","2","0"
"8","Chua_2025_mirikizumab","mirikizumab","0","4","3.571804","ug/mL","900","mg","2","0"
"8","Chua_2025_mirikizumab","mirikizumab","0","24","17.358661","ug/mL","900","mg","2","0"
"8","Chua_2025_mirikizumab","mirikizumab","0","72","55.79187","ug/mL","900","mg","2","0"
"8","Chua_2025_mirikizumab","mirikizumab","0","168","38.065002","ug/mL","900","mg","2","0"
"8","Chua_2025_mirikizumab","mirikizumab","0","336","24.765644","ug/mL","900","mg","2","0"
"8","Chua_2025_mirikizumab","mirikizumab","0","504","9.36765","ug/mL","900","mg","2","0"
"8","Chua_2025_mirikizumab","mirikizumab","0","672","5.027629","ug/mL","900","mg","2","0"
"8","Chua_2025_mirikizumab","mirikizumab","0","840","2.650571","ug/mL","900","mg","2","0"
"8","Chua_2025_mirikizumab","mirikizumab","0","1008","2.481475","ug/mL","900","mg","2","0"
"8","Chua_2025_mirikizumab","mirikizumab","0","1092","1.675066","ug/mL","900","mg","2","0"
"9","Chua_2025_mirikizumab","mirikizumab","1","0",".","ug/mL","900","mg","2","."
"9","Chua_2025_mirikizumab","mirikizumab","0","0","0","ug/mL","900","mg","2","0"
"9","Chua_2025_mirikizumab","mirikizumab","0","4","2.598291","ug/mL","900","mg","2","0"
"9","Chua_2025_mirikizumab","mirikizumab","0","24","15.163068","ug/mL","900","mg","2","0"
"9","Chua_2025_mirikizumab","mirikizumab","0","72","35.221241","ug/mL","900","mg","2","0"
"9","Chua_2025_mirikizumab","mirikizumab","0","168","23.407702","ug/mL","900","mg","2","0"
"9","Chua_2025_mirikizumab","mirikizumab","0","336","25.871997","ug/mL","900","mg","2","0"
"9","Chua_2025_mirikizumab","mirikizumab","0","504","13.918859","ug/mL","900","mg","2","0"
"9","Chua_2025_mirikizumab","mirikizumab","0","672","12.867076","ug/mL","900","mg","2","0"
"9","Chua_2025_mirikizumab","mirikizumab","0","840","5.938148","ug/mL","900","mg","2","0"
"9","Chua_2025_mirikizumab","mirikizumab","0","1008","4.270917","ug/mL","900","mg","2","0"
"9","Chua_2025_mirikizumab","mirikizumab","0","1092","3.677439","ug/mL","900","mg","2","0"
"10","Chua_2025_mirikizumab","mirikizumab","1","0",".","ug/mL","900","mg","2","."
"10","Chua_2025_mirikizumab","mirikizumab","0","0","0","ug/mL","900","mg","2","0"
"10","Chua_2025_mirikizumab","mirikizumab","0","4","3.0745","ug/mL","900","mg","2","0"
"10","Chua_2025_mirikizumab","mirikizumab","0","24","20.690005","ug/mL","900","mg","2","0"
"10","Chua_2025_mirikizumab","mirikizumab","0","72","34.741192","ug/mL","900","mg","2","0"
"10","Chua_2025_mirikizumab","mirikizumab","0","168","59.769909","ug/mL","900","mg","2","0"
"10","Chua_2025_mirikizumab","mirikizumab","0","336","37.030671","ug/mL","900","mg","2","0"
"10","Chua_2025_mirikizumab","mirikizumab","0","504","24.863326","ug/mL","900","mg","2","0"
"10","Chua_2025_mirikizumab","mirikizumab","0","672","17.298948","ug/mL","900","mg","2","0"
"10","Chua_2025_mirikizumab","mirikizumab","0","840","8.439351","ug/mL","900","mg","2","0"
"10","Chua_2025_mirikizumab","mirikizumab","0","1008","8.551794","ug/mL","900","mg","2","0"
"10","Chua_2025_mirikizumab","mirikizumab","0","1092","6.598399","ug/mL","900","mg","2","0"
"1","Wang_2013_morphine","morphine","1","0",".","ug/L","100","mg","1","."
"1","Wang_2013_morphine","morphine","0","0","0.493158","ug/L","100","mg","1","0"
"1","Wang_2013_morphine","morphine","0","0.25","0.303997","ug/L","100","mg","1","0"
"1","Wang_2013_morphine","morphine","0","0.5","0.291427","ug/L","100","mg","1","0"
"1","Wang_2013_morphine","morphine","0","1","0.274106","ug/L","100","mg","1","0"
"1","Wang_2013_morphine","morphine","0","2","0.096261","ug/L","100","mg","1","0"
"1","Wang_2013_morphine","morphine","0","4","0.104033","ug/L","100","mg","1","0"
"1","Wang_2013_morphine","morphine","0","6","0.015285","ug/L","100","mg","1","0"
"1","Wang_2013_morphine","morphine","0","8","0.045362","ug/L","100","mg","1","0"
"1","Wang_2013_morphine","morphine","0","11","0.010116","ug/L","100","mg","1","0"
"2","Wang_2013_morphine","morphine","1","0",".","ug/L","100","mg","1","."
"2","Wang_2013_morphine","morphine","0","0","1.150634","ug/L","100","mg","1","0"
"2","Wang_2013_morphine","morphine","0","0.25","0.325035","ug/L","100","mg","1","0"
"2","Wang_2013_morphine","morphine","0","0.5","0.541967","ug/L","100","mg","1","0"
"2","Wang_2013_morphine","morphine","0","1","0.298672","ug/L","100","mg","1","0"
"2","Wang_2013_morphine","morphine","0","2","0.323736","ug/L","100","mg","1","0"
"2","Wang_2013_morphine","morphine","0","4","0.118361","ug/L","100","mg","1","0"
"2","Wang_2013_morphine","morphine","0","6","0.128512","ug/L","100","mg","1","0"
"2","Wang_2013_morphine","morphine","0","8","0.085752","ug/L","100","mg","1","0"
"2","Wang_2013_morphine","morphine","0","11","0.049639","ug/L","100","mg","1","0"
"3","Wang_2013_morphine","morphine","1","0",".","ug/L","100","mg","1","."
"3","Wang_2013_morphine","morphine","0","0","1.012606","ug/L","100","mg","1","0"
"3","Wang_2013_morphine","morphine","0","0.25","0.408233","ug/L","100","mg","1","0"
"3","Wang_2013_morphine","morphine","0","0.5","0.382116","ug/L","100","mg","1","0"
"3","Wang_2013_morphine","morphine","0","1","0.275552","ug/L","100","mg","1","0"
"3","Wang_2013_morphine","morphine","0","2","0.114191","ug/L","100","mg","1","0"
"3","Wang_2013_morphine","morphine","0","4","0.005507","ug/L","100","mg","1","0"
"3","Wang_2013_morphine","morphine","0","6","0.037398","ug/L","100","mg","1","0"
"3","Wang_2013_morphine","morphine","0","8","0.017767","ug/L","100","mg","1","0"
"3","Wang_2013_morphine","morphine","0","11","0.005915","ug/L","100","mg","1","0"
"4","Wang_2013_morphine","morphine","1","0",".","ug/L","100","mg","1","."
"4","Wang_2013_morphine","morphine","0","0","0.4552","ug/L","100","mg","1","0"
"4","Wang_2013_morphine","morphine","0","0.25","1.187934","ug/L","100","mg","1","0"
"4","Wang_2013_morphine","morphine","0","0.5","0.468537","ug/L","100","mg","1","0"
"4","Wang_2013_morphine","morphine","0","1","0.414878","ug/L","100","mg","1","0"
"4","Wang_2013_morphine","morphine","0","2","0.221771","ug/L","100","mg","1","0"
"4","Wang_2013_morphine","morphine","0","4","0.022815","ug/L","100","mg","1","0"
"4","Wang_2013_morphine","morphine","0","6","0.051233","ug/L","100","mg","1","0"
"4","Wang_2013_morphine","morphine","0","8","0.041525","ug/L","100","mg","1","0"
"4","Wang_2013_morphine","morphine","0","11","0.008014","ug/L","100","mg","1","0"
"5","Wang_2013_morphine","morphine","1","0",".","ug/L","100","mg","1","."
"5","Wang_2013_morphine","morphine","0","0","0.572388","ug/L","100","mg","1","0"
"5","Wang_2013_morphine","morphine","0","0.25","0.401568","ug/L","100","mg","1","0"
"5","Wang_2013_morphine","morphine","0","0.5","0.719113","ug/L","100","mg","1","0"
"5","Wang_2013_morphine","morphine","0","1","0.170967","ug/L","100","mg","1","0"
"5","Wang_2013_morphine","morphine","0","2","0.138643","ug/L","100","mg","1","0"
"5","Wang_2013_morphine","morphine","0","4","0.120566","ug/L","100","mg","1","0"
"5","Wang_2013_morphine","morphine","0","6","0.055997","ug/L","100","mg","1","0"
"5","Wang_2013_morphine","morphine","0","8","0.066713","ug/L","100","mg","1","0"
"5","Wang_2013_morphine","morphine","0","11","0.049158","ug/L","100","mg","1","0"
"6","Wang_2013_morphine","morphine","1","0",".","ug/L","100","mg","1","."
"6","Wang_2013_morphine","morphine","0","0","1.166004","ug/L","100","mg","1","0"
"6","Wang_2013_morphine","morphine","0","0.25","0.87544","ug/L","100","mg","1","0"
"6","Wang_2013_morphine","morphine","0","0.5","0.652724","ug/L","100","mg","1","0"
"6","Wang_2013_morphine","morphine","0","1","0.414952","ug/L","100","mg","1","0"
"6","Wang_2013_morphine","morphine","0","2","0.068508","ug/L","100","mg","1","0"
"6","Wang_2013_morphine","morphine","0","4","0.144452","ug/L","100","mg","1","0"
"6","Wang_2013_morphine","morphine","0","6","0.074218","ug/L","100","mg","1","0"
"6","Wang_2013_morphine","morphine","0","8","0.075388","ug/L","100","mg","1","0"
"6","Wang_2013_morphine","morphine","0","11","0.041187","ug/L","100","mg","1","0"
"7","Wang_2013_morphine","morphine","1","0",".","ug/L","100","mg","1","."
"7","Wang_2013_morphine","morphine","0","0","0.839407","ug/L","100","mg","1","0"
"7","Wang_2013_morphine","morphine","0","0.25","0.532285","ug/L","100","mg","1","0"
"7","Wang_2013_morphine","morphine","0","0.5","0.257152","ug/L","100","mg","1","0"
"7","Wang_2013_morphine","morphine","0","1","0.098047","ug/L","100","mg","1","0"
"7","Wang_2013_morphine","morphine","0","2","0.076387","ug/L","100","mg","1","0"
"7","Wang_2013_morphine","morphine","0","4","0.050098","ug/L","100","mg","1","0"
"7","Wang_2013_morphine","morphine","0","6","0.027899","ug/L","100","mg","1","0"
"7","Wang_2013_morphine","morphine","0","8","0.016418","ug/L","100","mg","1","0"
"7","Wang_2013_morphine","morphine","0","11","0.0059","ug/L","100","mg","1","0"
"8","Wang_2013_morphine","morphine","1","0",".","ug/L","100","mg","1","."
"8","Wang_2013_morphine","morphine","0","0","0.297167","ug/L","100","mg","1","0"
"8","Wang_2013_morphine","morphine","0","0.25","0.679419","ug/L","100","mg","1","0"
"8","Wang_2013_morphine","morphine","0","0.5","0.378585","ug/L","100","mg","1","0"
"8","Wang_2013_morphine","morphine","0","1","0.224534","ug/L","100","mg","1","0"
"8","Wang_2013_morphine","morphine","0","2","0.330415","ug/L","100","mg","1","0"
"8","Wang_2013_morphine","morphine","0","4","0.105649","ug/L","100","mg","1","0"
"8","Wang_2013_morphine","morphine","0","6","0.144032","ug/L","100","mg","1","0"
"8","Wang_2013_morphine","morphine","0","8","0.060788","ug/L","100","mg","1","0"
"8","Wang_2013_morphine","morphine","0","11","0.040384","ug/L","100","mg","1","0"
"9","Wang_2013_morphine","morphine","1","0",".","ug/L","100","mg","1","."
"9","Wang_2013_morphine","morphine","0","0","0.84126","ug/L","100","mg","1","0"
"9","Wang_2013_morphine","morphine","0","0.25","0.22569","ug/L","100","mg","1","0"
"9","Wang_2013_morphine","morphine","0","0.5","0.300935","ug/L","100","mg","1","0"
"9","Wang_2013_morphine","morphine","0","1","0.083195","ug/L","100","mg","1","0"
"9","Wang_2013_morphine","morphine","0","2","0","ug/L","100","mg","1","1"
"9","Wang_2013_morphine","morphine","0","4","0.001114","ug/L","100","mg","1","0"
"9","Wang_2013_morphine","morphine","0","6","0.011667","ug/L","100","mg","1","0"
"9","Wang_2013_morphine","morphine","0","8","0.002353","ug/L","100","mg","1","0"
"9","Wang_2013_morphine","morphine","0","11","0.001413","ug/L","100","mg","1","0"
"10","Wang_2013_morphine","morphine","1","0",".","ug/L","100","mg","1","."
"10","Wang_2013_morphine","morphine","0","0","1.268948","ug/L","100","mg","1","0"
"10","Wang_2013_morphine","morphine","0","0.25","0.376227","ug/L","100","mg","1","0"
"10","Wang_2013_morphine","morphine","0","0.5","0.302236","ug/L","100","mg","1","0"
"10","Wang_2013_morphine","morphine","0","1","0.118116","ug/L","100","mg","1","0"
"10","Wang_2013_morphine","morphine","0","2","0.045159","ug/L","100","mg","1","0"
"10","Wang_2013_morphine","morphine","0","4","0.025358","ug/L","100","mg","1","0"
"10","Wang_2013_morphine","morphine","0","6","0.017141","ug/L","100","mg","1","0"
"10","Wang_2013_morphine","morphine","0","8","0.001871","ug/L","100","mg","1","0"
"10","Wang_2013_morphine","morphine","0","11","0.001231","ug/L","100","mg","1","0"
"1","Bienczak_2016_nevirapine","nevirapine","1","0",".","mg/L","200","mg","2","."
"1","Bienczak_2016_nevirapine","nevirapine","0","0","0","mg/L","200","mg","2","0"
"1","Bienczak_2016_nevirapine","nevirapine","0","1","0.902029","mg/L","200","mg","2","0"
"1","Bienczak_2016_nevirapine","nevirapine","0","2","1.292428","mg/L","200","mg","2","0"
"1","Bienczak_2016_nevirapine","nevirapine","0","4","2.318302","mg/L","200","mg","2","0"
"1","Bienczak_2016_nevirapine","nevirapine","0","8","2.209056","mg/L","200","mg","2","0"
"1","Bienczak_2016_nevirapine","nevirapine","0","24","1.277619","mg/L","200","mg","2","0"
"1","Bienczak_2016_nevirapine","nevirapine","0","48","1.069933","mg/L","200","mg","2","0"
"1","Bienczak_2016_nevirapine","nevirapine","0","72","0.250004","mg/L","200","mg","2","0"
"1","Bienczak_2016_nevirapine","nevirapine","0","96","0.663256","mg/L","200","mg","2","0"
"1","Bienczak_2016_nevirapine","nevirapine","0","120","0.346798","mg/L","200","mg","2","0"
"1","Bienczak_2016_nevirapine","nevirapine","0","129","0.01793","mg/L","200","mg","2","0"
"2","Bienczak_2016_nevirapine","nevirapine","1","0",".","mg/L","200","mg","2","."
"2","Bienczak_2016_nevirapine","nevirapine","0","0","0","mg/L","200","mg","2","0"
"2","Bienczak_2016_nevirapine","nevirapine","0","1","0","mg/L","200","mg","2","1"
"2","Bienczak_2016_nevirapine","nevirapine","0","2","0.825426","mg/L","200","mg","2","0"
"2","Bienczak_2016_nevirapine","nevirapine","0","4","0.831995","mg/L","200","mg","2","0"
"2","Bienczak_2016_nevirapine","nevirapine","0","8","0.557246","mg/L","200","mg","2","0"
"2","Bienczak_2016_nevirapine","nevirapine","0","24","0.610117","mg/L","200","mg","2","0"
"2","Bienczak_2016_nevirapine","nevirapine","0","48","0.492769","mg/L","200","mg","2","0"
"2","Bienczak_2016_nevirapine","nevirapine","0","72","0.830705","mg/L","200","mg","2","0"
"2","Bienczak_2016_nevirapine","nevirapine","0","96","0.47574","mg/L","200","mg","2","0"
"2","Bienczak_2016_nevirapine","nevirapine","0","120","0","mg/L","200","mg","2","1"
"2","Bienczak_2016_nevirapine","nevirapine","0","129","0.717746","mg/L","200","mg","2","0"
"3","Bienczak_2016_nevirapine","nevirapine","1","0",".","mg/L","200","mg","2","."
"3","Bienczak_2016_nevirapine","nevirapine","0","0","0","mg/L","200","mg","2","0"
"3","Bienczak_2016_nevirapine","nevirapine","0","1","0.380568","mg/L","200","mg","2","0"
"3","Bienczak_2016_nevirapine","nevirapine","0","2","0.602294","mg/L","200","mg","2","0"
"3","Bienczak_2016_nevirapine","nevirapine","0","4","1.215716","mg/L","200","mg","2","0"
"3","Bienczak_2016_nevirapine","nevirapine","0","8","1.112606","mg/L","200","mg","2","0"
"3","Bienczak_2016_nevirapine","nevirapine","0","24","0.366631","mg/L","200","mg","2","0"
"3","Bienczak_2016_nevirapine","nevirapine","0","48","0.310378","mg/L","200","mg","2","0"
"3","Bienczak_2016_nevirapine","nevirapine","0","72","0","mg/L","200","mg","2","1"
"3","Bienczak_2016_nevirapine","nevirapine","0","96","0","mg/L","200","mg","2","1"
"3","Bienczak_2016_nevirapine","nevirapine","0","120","0.109901","mg/L","200","mg","2","0"
"3","Bienczak_2016_nevirapine","nevirapine","0","129","0","mg/L","200","mg","2","1"
"4","Bienczak_2016_nevirapine","nevirapine","1","0",".","mg/L","200","mg","2","."
"4","Bienczak_2016_nevirapine","nevirapine","0","0","0","mg/L","200","mg","2","0"
"4","Bienczak_2016_nevirapine","nevirapine","0","1","0.520618","mg/L","200","mg","2","0"
"4","Bienczak_2016_nevirapine","nevirapine","0","2","0.702068","mg/L","200","mg","2","0"
"4","Bienczak_2016_nevirapine","nevirapine","0","4","1.636287","mg/L","200","mg","2","0"
"4","Bienczak_2016_nevirapine","nevirapine","0","8","1.54176","mg/L","200","mg","2","0"
"4","Bienczak_2016_nevirapine","nevirapine","0","24","0.904822","mg/L","200","mg","2","0"
"4","Bienczak_2016_nevirapine","nevirapine","0","48","0.596532","mg/L","200","mg","2","0"
"4","Bienczak_2016_nevirapine","nevirapine","0","72","0.393383","mg/L","200","mg","2","0"
"4","Bienczak_2016_nevirapine","nevirapine","0","96","0.5108","mg/L","200","mg","2","0"
"4","Bienczak_2016_nevirapine","nevirapine","0","120","0","mg/L","200","mg","2","1"
"4","Bienczak_2016_nevirapine","nevirapine","0","129","0.102508","mg/L","200","mg","2","0"
"5","Bienczak_2016_nevirapine","nevirapine","1","0",".","mg/L","200","mg","2","."
"5","Bienczak_2016_nevirapine","nevirapine","0","0","0","mg/L","200","mg","2","0"
"5","Bienczak_2016_nevirapine","nevirapine","0","1","0","mg/L","200","mg","2","1"
"5","Bienczak_2016_nevirapine","nevirapine","0","2","0.617674","mg/L","200","mg","2","0"
"5","Bienczak_2016_nevirapine","nevirapine","0","4","1.823427","mg/L","200","mg","2","0"
"5","Bienczak_2016_nevirapine","nevirapine","0","8","1.491638","mg/L","200","mg","2","0"
"5","Bienczak_2016_nevirapine","nevirapine","0","24","0.3834","mg/L","200","mg","2","0"
"5","Bienczak_2016_nevirapine","nevirapine","0","48","0.232386","mg/L","200","mg","2","0"
"5","Bienczak_2016_nevirapine","nevirapine","0","72","0.762183","mg/L","200","mg","2","0"
"5","Bienczak_2016_nevirapine","nevirapine","0","96","0.464107","mg/L","200","mg","2","0"
"5","Bienczak_2016_nevirapine","nevirapine","0","120","0.416947","mg/L","200","mg","2","0"
"5","Bienczak_2016_nevirapine","nevirapine","0","129","0.135301","mg/L","200","mg","2","0"
"6","Bienczak_2016_nevirapine","nevirapine","1","0",".","mg/L","200","mg","2","."
"6","Bienczak_2016_nevirapine","nevirapine","0","0","0","mg/L","200","mg","2","0"
"6","Bienczak_2016_nevirapine","nevirapine","0","1","0.300316","mg/L","200","mg","2","0"
"6","Bienczak_2016_nevirapine","nevirapine","0","2","0.319363","mg/L","200","mg","2","0"
"6","Bienczak_2016_nevirapine","nevirapine","0","4","1.585653","mg/L","200","mg","2","0"
"6","Bienczak_2016_nevirapine","nevirapine","0","8","1.94248","mg/L","200","mg","2","0"
"6","Bienczak_2016_nevirapine","nevirapine","0","24","1.032537","mg/L","200","mg","2","0"
"6","Bienczak_2016_nevirapine","nevirapine","0","48","1.142894","mg/L","200","mg","2","0"
"6","Bienczak_2016_nevirapine","nevirapine","0","72","0","mg/L","200","mg","2","1"
"6","Bienczak_2016_nevirapine","nevirapine","0","96","0.325578","mg/L","200","mg","2","0"
"6","Bienczak_2016_nevirapine","nevirapine","0","120","0.608119","mg/L","200","mg","2","0"
"6","Bienczak_2016_nevirapine","nevirapine","0","129","0.150589","mg/L","200","mg","2","0"
"7","Bienczak_2016_nevirapine","nevirapine","1","0",".","mg/L","200","mg","2","."
"7","Bienczak_2016_nevirapine","nevirapine","0","0","0","mg/L","200","mg","2","0"
"7","Bienczak_2016_nevirapine","nevirapine","0","1","0","mg/L","200","mg","2","1"
"7","Bienczak_2016_nevirapine","nevirapine","0","2","0.053638","mg/L","200","mg","2","0"
"7","Bienczak_2016_nevirapine","nevirapine","0","4","1.608126","mg/L","200","mg","2","0"
"7","Bienczak_2016_nevirapine","nevirapine","0","8","1.465744","mg/L","200","mg","2","0"
"7","Bienczak_2016_nevirapine","nevirapine","0","24","1.074384","mg/L","200","mg","2","0"
"7","Bienczak_2016_nevirapine","nevirapine","0","48","0.56516","mg/L","200","mg","2","0"
"7","Bienczak_2016_nevirapine","nevirapine","0","72","0.142715","mg/L","200","mg","2","0"
"7","Bienczak_2016_nevirapine","nevirapine","0","96","0.209424","mg/L","200","mg","2","0"
"7","Bienczak_2016_nevirapine","nevirapine","0","120","0","mg/L","200","mg","2","1"
"7","Bienczak_2016_nevirapine","nevirapine","0","129","0.013303","mg/L","200","mg","2","0"
"8","Bienczak_2016_nevirapine","nevirapine","1","0",".","mg/L","200","mg","2","."
"8","Bienczak_2016_nevirapine","nevirapine","0","0","0","mg/L","200","mg","2","0"
"8","Bienczak_2016_nevirapine","nevirapine","0","1","0.113088","mg/L","200","mg","2","0"
"8","Bienczak_2016_nevirapine","nevirapine","0","2","0.740657","mg/L","200","mg","2","0"
"8","Bienczak_2016_nevirapine","nevirapine","0","4","1.65714","mg/L","200","mg","2","0"
"8","Bienczak_2016_nevirapine","nevirapine","0","8","1.973704","mg/L","200","mg","2","0"
"8","Bienczak_2016_nevirapine","nevirapine","0","24","0.575435","mg/L","200","mg","2","0"
"8","Bienczak_2016_nevirapine","nevirapine","0","48","0.775548","mg/L","200","mg","2","0"
"8","Bienczak_2016_nevirapine","nevirapine","0","72","0.195015","mg/L","200","mg","2","0"
"8","Bienczak_2016_nevirapine","nevirapine","0","96","0.480299","mg/L","200","mg","2","0"
"8","Bienczak_2016_nevirapine","nevirapine","0","120","0.51974","mg/L","200","mg","2","0"
"8","Bienczak_2016_nevirapine","nevirapine","0","129","0","mg/L","200","mg","2","1"
"9","Bienczak_2016_nevirapine","nevirapine","1","0",".","mg/L","200","mg","2","."
"9","Bienczak_2016_nevirapine","nevirapine","0","0","0","mg/L","200","mg","2","0"
"9","Bienczak_2016_nevirapine","nevirapine","0","1","1.847192","mg/L","200","mg","2","0"
"9","Bienczak_2016_nevirapine","nevirapine","0","2","2.121698","mg/L","200","mg","2","0"
"9","Bienczak_2016_nevirapine","nevirapine","0","4","2.38037","mg/L","200","mg","2","0"
"9","Bienczak_2016_nevirapine","nevirapine","0","8","1.726849","mg/L","200","mg","2","0"
"9","Bienczak_2016_nevirapine","nevirapine","0","24","1.135102","mg/L","200","mg","2","0"
"9","Bienczak_2016_nevirapine","nevirapine","0","48","0.788337","mg/L","200","mg","2","0"
"9","Bienczak_2016_nevirapine","nevirapine","0","72","0","mg/L","200","mg","2","1"
"9","Bienczak_2016_nevirapine","nevirapine","0","96","0.190042","mg/L","200","mg","2","0"
"9","Bienczak_2016_nevirapine","nevirapine","0","120","0","mg/L","200","mg","2","1"
"9","Bienczak_2016_nevirapine","nevirapine","0","129","0.160222","mg/L","200","mg","2","0"
"10","Bienczak_2016_nevirapine","nevirapine","1","0",".","mg/L","200","mg","2","."
"10","Bienczak_2016_nevirapine","nevirapine","0","0","0","mg/L","200","mg","2","0"
"10","Bienczak_2016_nevirapine","nevirapine","0","1","0.061018","mg/L","200","mg","2","0"
"10","Bienczak_2016_nevirapine","nevirapine","0","2","0.837399","mg/L","200","mg","2","0"
"10","Bienczak_2016_nevirapine","nevirapine","0","4","1.717505","mg/L","200","mg","2","0"
"10","Bienczak_2016_nevirapine","nevirapine","0","8","1.949621","mg/L","200","mg","2","0"
"10","Bienczak_2016_nevirapine","nevirapine","0","24","0.904954","mg/L","200","mg","2","0"
"10","Bienczak_2016_nevirapine","nevirapine","0","48","0.484571","mg/L","200","mg","2","0"
"10","Bienczak_2016_nevirapine","nevirapine","0","72","0.644467","mg/L","200","mg","2","0"
"10","Bienczak_2016_nevirapine","nevirapine","0","96","0.335649","mg/L","200","mg","2","0"
"10","Bienczak_2016_nevirapine","nevirapine","0","120","0.144058","mg/L","200","mg","2","0"
"10","Bienczak_2016_nevirapine","nevirapine","0","129","0.328337","mg/L","200","mg","2","0"
"1","Gibiansky_2014_obinutuzumab","obinutuzumab","1","0",".","ug/mL","2000","mg","1","."
"1","Gibiansky_2014_obinutuzumab","obinutuzumab","0","0","722.921582","ug/mL","2000","mg","1","0"
"1","Gibiansky_2014_obinutuzumab","obinutuzumab","0","4","455.71555","ug/mL","2000","mg","1","0"
"1","Gibiansky_2014_obinutuzumab","obinutuzumab","0","24","422.046358","ug/mL","2000","mg","1","0"
"1","Gibiansky_2014_obinutuzumab","obinutuzumab","0","72","367.846696","ug/mL","2000","mg","1","0"
"1","Gibiansky_2014_obinutuzumab","obinutuzumab","0","168","169.287104","ug/mL","2000","mg","1","0"
"1","Gibiansky_2014_obinutuzumab","obinutuzumab","0","336","175.843731","ug/mL","2000","mg","1","0"
"1","Gibiansky_2014_obinutuzumab","obinutuzumab","0","504","176.915246","ug/mL","2000","mg","1","0"
"1","Gibiansky_2014_obinutuzumab","obinutuzumab","0","672","112.519163","ug/mL","2000","mg","1","0"
"1","Gibiansky_2014_obinutuzumab","obinutuzumab","0","840","88.475492","ug/mL","2000","mg","1","0"
"1","Gibiansky_2014_obinutuzumab","obinutuzumab","0","1008","65.879982","ug/mL","2000","mg","1","0"
"1","Gibiansky_2014_obinutuzumab","obinutuzumab","0","1176","45.354654","ug/mL","2000","mg","1","0"
"1","Gibiansky_2014_obinutuzumab","obinutuzumab","0","1512","32.775513","ug/mL","2000","mg","1","0"
"1","Gibiansky_2014_obinutuzumab","obinutuzumab","0","2016","19.984758","ug/mL","2000","mg","1","0"
"1","Gibiansky_2014_obinutuzumab","obinutuzumab","0","2520","11.770823","ug/mL","2000","mg","1","0"
"2","Gibiansky_2014_obinutuzumab","obinutuzumab","1","0",".","ug/mL","2000","mg","1","."
"2","Gibiansky_2014_obinutuzumab","obinutuzumab","0","0","414.305587","ug/mL","2000","mg","1","0"
"2","Gibiansky_2014_obinutuzumab","obinutuzumab","0","4","220.492206","ug/mL","2000","mg","1","0"
"2","Gibiansky_2014_obinutuzumab","obinutuzumab","0","24","419.958456","ug/mL","2000","mg","1","0"
"2","Gibiansky_2014_obinutuzumab","obinutuzumab","0","72","350.10912","ug/mL","2000","mg","1","0"
"2","Gibiansky_2014_obinutuzumab","obinutuzumab","0","168","244.090353","ug/mL","2000","mg","1","0"
"2","Gibiansky_2014_obinutuzumab","obinutuzumab","0","336","176.570224","ug/mL","2000","mg","1","0"
"2","Gibiansky_2014_obinutuzumab","obinutuzumab","0","504","182.696477","ug/mL","2000","mg","1","0"
"2","Gibiansky_2014_obinutuzumab","obinutuzumab","0","672","221.851415","ug/mL","2000","mg","1","0"
"2","Gibiansky_2014_obinutuzumab","obinutuzumab","0","840","158.429729","ug/mL","2000","mg","1","0"
"2","Gibiansky_2014_obinutuzumab","obinutuzumab","0","1008","205.858247","ug/mL","2000","mg","1","0"
"2","Gibiansky_2014_obinutuzumab","obinutuzumab","0","1176","167.169294","ug/mL","2000","mg","1","0"
"2","Gibiansky_2014_obinutuzumab","obinutuzumab","0","1512","128.65696","ug/mL","2000","mg","1","0"
"2","Gibiansky_2014_obinutuzumab","obinutuzumab","0","2016","74.329237","ug/mL","2000","mg","1","0"
"2","Gibiansky_2014_obinutuzumab","obinutuzumab","0","2520","83.867124","ug/mL","2000","mg","1","0"
"3","Gibiansky_2014_obinutuzumab","obinutuzumab","1","0",".","ug/mL","2000","mg","1","."
"3","Gibiansky_2014_obinutuzumab","obinutuzumab","0","0","746.234167","ug/mL","2000","mg","1","0"
"3","Gibiansky_2014_obinutuzumab","obinutuzumab","0","4","380.679371","ug/mL","2000","mg","1","0"
"3","Gibiansky_2014_obinutuzumab","obinutuzumab","0","24","218.928849","ug/mL","2000","mg","1","0"
"3","Gibiansky_2014_obinutuzumab","obinutuzumab","0","72","84.541726","ug/mL","2000","mg","1","0"
"3","Gibiansky_2014_obinutuzumab","obinutuzumab","0","168","28.942092","ug/mL","2000","mg","1","0"
"3","Gibiansky_2014_obinutuzumab","obinutuzumab","0","336","15.823542","ug/mL","2000","mg","1","0"
"3","Gibiansky_2014_obinutuzumab","obinutuzumab","0","504","9.904906","ug/mL","2000","mg","1","0"
"3","Gibiansky_2014_obinutuzumab","obinutuzumab","0","672","8.363256","ug/mL","2000","mg","1","0"
"3","Gibiansky_2014_obinutuzumab","obinutuzumab","0","840","6.495239","ug/mL","2000","mg","1","0"
"3","Gibiansky_2014_obinutuzumab","obinutuzumab","0","1008","7.054589","ug/mL","2000","mg","1","0"
"3","Gibiansky_2014_obinutuzumab","obinutuzumab","0","1176","4.833538","ug/mL","2000","mg","1","0"
"3","Gibiansky_2014_obinutuzumab","obinutuzumab","0","1512","2.939403","ug/mL","2000","mg","1","0"
"3","Gibiansky_2014_obinutuzumab","obinutuzumab","0","2016","2.387588","ug/mL","2000","mg","1","0"
"3","Gibiansky_2014_obinutuzumab","obinutuzumab","0","2520","1.247367","ug/mL","2000","mg","1","0"
"4","Gibiansky_2014_obinutuzumab","obinutuzumab","1","0",".","ug/mL","2000","mg","1","."
"4","Gibiansky_2014_obinutuzumab","obinutuzumab","0","0","289.614003","ug/mL","2000","mg","1","0"
"4","Gibiansky_2014_obinutuzumab","obinutuzumab","0","4","284.665607","ug/mL","2000","mg","1","0"
"4","Gibiansky_2014_obinutuzumab","obinutuzumab","0","24","250.576693","ug/mL","2000","mg","1","0"
"4","Gibiansky_2014_obinutuzumab","obinutuzumab","0","72","341.268296","ug/mL","2000","mg","1","0"
"4","Gibiansky_2014_obinutuzumab","obinutuzumab","0","168","115.536386","ug/mL","2000","mg","1","0"
"4","Gibiansky_2014_obinutuzumab","obinutuzumab","0","336","109.414032","ug/mL","2000","mg","1","0"
"4","Gibiansky_2014_obinutuzumab","obinutuzumab","0","504","74.136497","ug/mL","2000","mg","1","0"
"4","Gibiansky_2014_obinutuzumab","obinutuzumab","0","672","63.24274","ug/mL","2000","mg","1","0"
"4","Gibiansky_2014_obinutuzumab","obinutuzumab","0","840","55.315779","ug/mL","2000","mg","1","0"
"4","Gibiansky_2014_obinutuzumab","obinutuzumab","0","1008","42.292717","ug/mL","2000","mg","1","0"
"4","Gibiansky_2014_obinutuzumab","obinutuzumab","0","1176","38.704401","ug/mL","2000","mg","1","0"
"4","Gibiansky_2014_obinutuzumab","obinutuzumab","0","1512","22.058446","ug/mL","2000","mg","1","0"
"4","Gibiansky_2014_obinutuzumab","obinutuzumab","0","2016","12.398464","ug/mL","2000","mg","1","0"
"4","Gibiansky_2014_obinutuzumab","obinutuzumab","0","2520","6.84522","ug/mL","2000","mg","1","0"
"5","Gibiansky_2014_obinutuzumab","obinutuzumab","1","0",".","ug/mL","2000","mg","1","."
"5","Gibiansky_2014_obinutuzumab","obinutuzumab","0","0","878.152407","ug/mL","2000","mg","1","0"
"5","Gibiansky_2014_obinutuzumab","obinutuzumab","0","4","645.86484","ug/mL","2000","mg","1","0"
"5","Gibiansky_2014_obinutuzumab","obinutuzumab","0","24","528.9791","ug/mL","2000","mg","1","0"
"5","Gibiansky_2014_obinutuzumab","obinutuzumab","0","72","387.437507","ug/mL","2000","mg","1","0"
"5","Gibiansky_2014_obinutuzumab","obinutuzumab","0","168","186.113701","ug/mL","2000","mg","1","0"
"5","Gibiansky_2014_obinutuzumab","obinutuzumab","0","336","113.2137","ug/mL","2000","mg","1","0"
"5","Gibiansky_2014_obinutuzumab","obinutuzumab","0","504","41.070137","ug/mL","2000","mg","1","0"
"5","Gibiansky_2014_obinutuzumab","obinutuzumab","0","672","21.270321","ug/mL","2000","mg","1","0"
"5","Gibiansky_2014_obinutuzumab","obinutuzumab","0","840","5.521889","ug/mL","2000","mg","1","0"
"5","Gibiansky_2014_obinutuzumab","obinutuzumab","0","1008","4.157009","ug/mL","2000","mg","1","0"
"5","Gibiansky_2014_obinutuzumab","obinutuzumab","0","1176","2.317947","ug/mL","2000","mg","1","0"
"5","Gibiansky_2014_obinutuzumab","obinutuzumab","0","1512","0.60666","ug/mL","2000","mg","1","0"
"5","Gibiansky_2014_obinutuzumab","obinutuzumab","0","2016","0.169624","ug/mL","2000","mg","1","0"
"5","Gibiansky_2014_obinutuzumab","obinutuzumab","0","2520","0.105674","ug/mL","2000","mg","1","0"
"6","Gibiansky_2014_obinutuzumab","obinutuzumab","1","0",".","ug/mL","2000","mg","1","."
"6","Gibiansky_2014_obinutuzumab","obinutuzumab","0","0","422.179754","ug/mL","2000","mg","1","0"
"6","Gibiansky_2014_obinutuzumab","obinutuzumab","0","4","503.153319","ug/mL","2000","mg","1","0"
"6","Gibiansky_2014_obinutuzumab","obinutuzumab","0","24","208.047599","ug/mL","2000","mg","1","0"
"6","Gibiansky_2014_obinutuzumab","obinutuzumab","0","72","208.172673","ug/mL","2000","mg","1","0"
"6","Gibiansky_2014_obinutuzumab","obinutuzumab","0","168","65.849773","ug/mL","2000","mg","1","0"
"6","Gibiansky_2014_obinutuzumab","obinutuzumab","0","336","32.000175","ug/mL","2000","mg","1","0"
"6","Gibiansky_2014_obinutuzumab","obinutuzumab","0","504","18.078785","ug/mL","2000","mg","1","0"
"6","Gibiansky_2014_obinutuzumab","obinutuzumab","0","672","7.868773","ug/mL","2000","mg","1","0"
"6","Gibiansky_2014_obinutuzumab","obinutuzumab","0","840","6.555397","ug/mL","2000","mg","1","0"
"6","Gibiansky_2014_obinutuzumab","obinutuzumab","0","1008","4.745785","ug/mL","2000","mg","1","0"
"6","Gibiansky_2014_obinutuzumab","obinutuzumab","0","1176","3.049503","ug/mL","2000","mg","1","0"
"6","Gibiansky_2014_obinutuzumab","obinutuzumab","0","1512","2.737525","ug/mL","2000","mg","1","0"
"6","Gibiansky_2014_obinutuzumab","obinutuzumab","0","2016","1.420421","ug/mL","2000","mg","1","0"
"6","Gibiansky_2014_obinutuzumab","obinutuzumab","0","2520","0.736004","ug/mL","2000","mg","1","0"
"7","Gibiansky_2014_obinutuzumab","obinutuzumab","1","0",".","ug/mL","2000","mg","1","."
"7","Gibiansky_2014_obinutuzumab","obinutuzumab","0","0","550.596659","ug/mL","2000","mg","1","0"
"7","Gibiansky_2014_obinutuzumab","obinutuzumab","0","4","719.837103","ug/mL","2000","mg","1","0"
"7","Gibiansky_2014_obinutuzumab","obinutuzumab","0","24","459.168821","ug/mL","2000","mg","1","0"
"7","Gibiansky_2014_obinutuzumab","obinutuzumab","0","72","294.592401","ug/mL","2000","mg","1","0"
"7","Gibiansky_2014_obinutuzumab","obinutuzumab","0","168","211.967802","ug/mL","2000","mg","1","0"
"7","Gibiansky_2014_obinutuzumab","obinutuzumab","0","336","84.411614","ug/mL","2000","mg","1","0"
"7","Gibiansky_2014_obinutuzumab","obinutuzumab","0","504","67.108881","ug/mL","2000","mg","1","0"
"7","Gibiansky_2014_obinutuzumab","obinutuzumab","0","672","40.321895","ug/mL","2000","mg","1","0"
"7","Gibiansky_2014_obinutuzumab","obinutuzumab","0","840","30.455639","ug/mL","2000","mg","1","0"
"7","Gibiansky_2014_obinutuzumab","obinutuzumab","0","1008","14.534825","ug/mL","2000","mg","1","0"
"7","Gibiansky_2014_obinutuzumab","obinutuzumab","0","1176","12.966851","ug/mL","2000","mg","1","0"
"7","Gibiansky_2014_obinutuzumab","obinutuzumab","0","1512","11.168839","ug/mL","2000","mg","1","0"
"7","Gibiansky_2014_obinutuzumab","obinutuzumab","0","2016","6.293319","ug/mL","2000","mg","1","0"
"7","Gibiansky_2014_obinutuzumab","obinutuzumab","0","2520","5.017728","ug/mL","2000","mg","1","0"
"8","Gibiansky_2014_obinutuzumab","obinutuzumab","1","0",".","ug/mL","2000","mg","1","."
"8","Gibiansky_2014_obinutuzumab","obinutuzumab","0","0","465.462352","ug/mL","2000","mg","1","0"
"8","Gibiansky_2014_obinutuzumab","obinutuzumab","0","4","699.573157","ug/mL","2000","mg","1","0"
"8","Gibiansky_2014_obinutuzumab","obinutuzumab","0","24","526.91262","ug/mL","2000","mg","1","0"
"8","Gibiansky_2014_obinutuzumab","obinutuzumab","0","72","401.114688","ug/mL","2000","mg","1","0"
"8","Gibiansky_2014_obinutuzumab","obinutuzumab","0","168","199.952549","ug/mL","2000","mg","1","0"
"8","Gibiansky_2014_obinutuzumab","obinutuzumab","0","336","103.302347","ug/mL","2000","mg","1","0"
"8","Gibiansky_2014_obinutuzumab","obinutuzumab","0","504","111.335451","ug/mL","2000","mg","1","0"
"8","Gibiansky_2014_obinutuzumab","obinutuzumab","0","672","84.566976","ug/mL","2000","mg","1","0"
"8","Gibiansky_2014_obinutuzumab","obinutuzumab","0","840","73.12785","ug/mL","2000","mg","1","0"
"8","Gibiansky_2014_obinutuzumab","obinutuzumab","0","1008","56.854461","ug/mL","2000","mg","1","0"
"8","Gibiansky_2014_obinutuzumab","obinutuzumab","0","1176","36.780723","ug/mL","2000","mg","1","0"
"8","Gibiansky_2014_obinutuzumab","obinutuzumab","0","1512","34.188828","ug/mL","2000","mg","1","0"
"8","Gibiansky_2014_obinutuzumab","obinutuzumab","0","2016","11.698855","ug/mL","2000","mg","1","0"
"8","Gibiansky_2014_obinutuzumab","obinutuzumab","0","2520","6.389489","ug/mL","2000","mg","1","0"
"9","Gibiansky_2014_obinutuzumab","obinutuzumab","1","0",".","ug/mL","2000","mg","1","."
"9","Gibiansky_2014_obinutuzumab","obinutuzumab","0","0","287.910186","ug/mL","2000","mg","1","0"
"9","Gibiansky_2014_obinutuzumab","obinutuzumab","0","4","435.905409","ug/mL","2000","mg","1","0"
"9","Gibiansky_2014_obinutuzumab","obinutuzumab","0","24","419.231643","ug/mL","2000","mg","1","0"
"9","Gibiansky_2014_obinutuzumab","obinutuzumab","0","72","346.888913","ug/mL","2000","mg","1","0"
"9","Gibiansky_2014_obinutuzumab","obinutuzumab","0","168","324.085718","ug/mL","2000","mg","1","0"
"9","Gibiansky_2014_obinutuzumab","obinutuzumab","0","336","251.783755","ug/mL","2000","mg","1","0"
"9","Gibiansky_2014_obinutuzumab","obinutuzumab","0","504","247.907586","ug/mL","2000","mg","1","0"
"9","Gibiansky_2014_obinutuzumab","obinutuzumab","0","672","111.134104","ug/mL","2000","mg","1","0"
"9","Gibiansky_2014_obinutuzumab","obinutuzumab","0","840","85.448389","ug/mL","2000","mg","1","0"
"9","Gibiansky_2014_obinutuzumab","obinutuzumab","0","1008","105.696769","ug/mL","2000","mg","1","0"
"9","Gibiansky_2014_obinutuzumab","obinutuzumab","0","1176","115.983938","ug/mL","2000","mg","1","0"
"9","Gibiansky_2014_obinutuzumab","obinutuzumab","0","1512","58.906743","ug/mL","2000","mg","1","0"
"9","Gibiansky_2014_obinutuzumab","obinutuzumab","0","2016","50.294292","ug/mL","2000","mg","1","0"
"9","Gibiansky_2014_obinutuzumab","obinutuzumab","0","2520","48.66464","ug/mL","2000","mg","1","0"
"10","Gibiansky_2014_obinutuzumab","obinutuzumab","1","0",".","ug/mL","2000","mg","1","."
"10","Gibiansky_2014_obinutuzumab","obinutuzumab","0","0","520.757811","ug/mL","2000","mg","1","0"
"10","Gibiansky_2014_obinutuzumab","obinutuzumab","0","4","457.321351","ug/mL","2000","mg","1","0"
"10","Gibiansky_2014_obinutuzumab","obinutuzumab","0","24","306.538717","ug/mL","2000","mg","1","0"
"10","Gibiansky_2014_obinutuzumab","obinutuzumab","0","72","172.55628","ug/mL","2000","mg","1","0"
"10","Gibiansky_2014_obinutuzumab","obinutuzumab","0","168","48.293939","ug/mL","2000","mg","1","0"
"10","Gibiansky_2014_obinutuzumab","obinutuzumab","0","336","13.070377","ug/mL","2000","mg","1","0"
"10","Gibiansky_2014_obinutuzumab","obinutuzumab","0","504","5.315745","ug/mL","2000","mg","1","0"
"10","Gibiansky_2014_obinutuzumab","obinutuzumab","0","672","2.636839","ug/mL","2000","mg","1","0"
"10","Gibiansky_2014_obinutuzumab","obinutuzumab","0","840","1.167555","ug/mL","2000","mg","1","0"
"10","Gibiansky_2014_obinutuzumab","obinutuzumab","0","1008","0.686907","ug/mL","2000","mg","1","0"
"10","Gibiansky_2014_obinutuzumab","obinutuzumab","0","1176","0.268089","ug/mL","2000","mg","1","0"
"10","Gibiansky_2014_obinutuzumab","obinutuzumab","0","1512","0.384576","ug/mL","2000","mg","1","0"
"10","Gibiansky_2014_obinutuzumab","obinutuzumab","0","2016","0.017445","ug/mL","2000","mg","1","0"
"10","Gibiansky_2014_obinutuzumab","obinutuzumab","0","2520","0.087865","ug/mL","2000","mg","1","0"
"1","PK_1cmt_tmdd_full","PK_1cmt_tmdd_full","1","0",".","mg/L","100","mg","2","."
"1","PK_1cmt_tmdd_full","PK_1cmt_tmdd_full","0","0","0","mg/L","100","mg","2","0"
"1","PK_1cmt_tmdd_full","PK_1cmt_tmdd_full","0","1","0.508141","mg/L","100","mg","2","0"
"1","PK_1cmt_tmdd_full","PK_1cmt_tmdd_full","0","2","1.082119","mg/L","100","mg","2","0"
"1","PK_1cmt_tmdd_full","PK_1cmt_tmdd_full","0","4","2.012085","mg/L","100","mg","2","0"
"1","PK_1cmt_tmdd_full","PK_1cmt_tmdd_full","0","8","4.191768","mg/L","100","mg","2","0"
"1","PK_1cmt_tmdd_full","PK_1cmt_tmdd_full","0","24","10.682393","mg/L","100","mg","2","0"
"1","PK_1cmt_tmdd_full","PK_1cmt_tmdd_full","0","48","12.873196","mg/L","100","mg","2","0"
"1","PK_1cmt_tmdd_full","PK_1cmt_tmdd_full","0","72","12.286061","mg/L","100","mg","2","0"
"1","PK_1cmt_tmdd_full","PK_1cmt_tmdd_full","0","96","13.61146","mg/L","100","mg","2","0"
"1","PK_1cmt_tmdd_full","PK_1cmt_tmdd_full","0","120","13.682618","mg/L","100","mg","2","0"
"1","PK_1cmt_tmdd_full","PK_1cmt_tmdd_full","0","168","11.383203","mg/L","100","mg","2","0"
"1","PK_1cmt_tmdd_full","PK_1cmt_tmdd_full","0","336","8.134188","mg/L","100","mg","2","0"
"1","PK_1cmt_tmdd_full","PK_1cmt_tmdd_full","0","504","3.978543","mg/L","100","mg","2","0"
"1","PK_1cmt_tmdd_full","PK_1cmt_tmdd_full","0","672","2.392061","mg/L","100","mg","2","0"
"1","PK_1cmt_tmdd_full","PK_1cmt_tmdd_full","0","721","2.104536","mg/L","100","mg","2","0"
"2","PK_1cmt_tmdd_full","PK_1cmt_tmdd_full","1","0",".","mg/L","100","mg","2","."
"2","PK_1cmt_tmdd_full","PK_1cmt_tmdd_full","0","0","0","mg/L","100","mg","2","0"
"2","PK_1cmt_tmdd_full","PK_1cmt_tmdd_full","0","1","0.436481","mg/L","100","mg","2","0"
"2","PK_1cmt_tmdd_full","PK_1cmt_tmdd_full","0","2","0.955841","mg/L","100","mg","2","0"
"2","PK_1cmt_tmdd_full","PK_1cmt_tmdd_full","0","4","1.332373","mg/L","100","mg","2","0"
"2","PK_1cmt_tmdd_full","PK_1cmt_tmdd_full","0","8","3.262358","mg/L","100","mg","2","0"
"2","PK_1cmt_tmdd_full","PK_1cmt_tmdd_full","0","24","6.533985","mg/L","100","mg","2","0"
"2","PK_1cmt_tmdd_full","PK_1cmt_tmdd_full","0","48","11.833879","mg/L","100","mg","2","0"
"2","PK_1cmt_tmdd_full","PK_1cmt_tmdd_full","0","72","16.197732","mg/L","100","mg","2","0"
"2","PK_1cmt_tmdd_full","PK_1cmt_tmdd_full","0","96","17.140654","mg/L","100","mg","2","0"
"2","PK_1cmt_tmdd_full","PK_1cmt_tmdd_full","0","120","15.740182","mg/L","100","mg","2","0"
"2","PK_1cmt_tmdd_full","PK_1cmt_tmdd_full","0","168","17.071811","mg/L","100","mg","2","0"
"2","PK_1cmt_tmdd_full","PK_1cmt_tmdd_full","0","336","12.744959","mg/L","100","mg","2","0"
"2","PK_1cmt_tmdd_full","PK_1cmt_tmdd_full","0","504","4.847357","mg/L","100","mg","2","0"
"2","PK_1cmt_tmdd_full","PK_1cmt_tmdd_full","0","672","2.760757","mg/L","100","mg","2","0"
"2","PK_1cmt_tmdd_full","PK_1cmt_tmdd_full","0","721","1.972024","mg/L","100","mg","2","0"
"3","PK_1cmt_tmdd_full","PK_1cmt_tmdd_full","1","0",".","mg/L","100","mg","2","."
"3","PK_1cmt_tmdd_full","PK_1cmt_tmdd_full","0","0","0","mg/L","100","mg","2","0"
"3","PK_1cmt_tmdd_full","PK_1cmt_tmdd_full","0","1","0.113626","mg/L","100","mg","2","0"
"3","PK_1cmt_tmdd_full","PK_1cmt_tmdd_full","0","2","0.233627","mg/L","100","mg","2","0"
"3","PK_1cmt_tmdd_full","PK_1cmt_tmdd_full","0","4","0.529154","mg/L","100","mg","2","0"
"3","PK_1cmt_tmdd_full","PK_1cmt_tmdd_full","0","8","0.740132","mg/L","100","mg","2","0"
"3","PK_1cmt_tmdd_full","PK_1cmt_tmdd_full","0","24","2.375427","mg/L","100","mg","2","0"
"3","PK_1cmt_tmdd_full","PK_1cmt_tmdd_full","0","48","3.512558","mg/L","100","mg","2","0"
"3","PK_1cmt_tmdd_full","PK_1cmt_tmdd_full","0","72","3.436869","mg/L","100","mg","2","0"
"3","PK_1cmt_tmdd_full","PK_1cmt_tmdd_full","0","96","7.920709","mg/L","100","mg","2","0"
"3","PK_1cmt_tmdd_full","PK_1cmt_tmdd_full","0","120","9.906715","mg/L","100","mg","2","0"
"3","PK_1cmt_tmdd_full","PK_1cmt_tmdd_full","0","168","9.574177","mg/L","100","mg","2","0"
"3","PK_1cmt_tmdd_full","PK_1cmt_tmdd_full","0","336","9.706092","mg/L","100","mg","2","0"
"3","PK_1cmt_tmdd_full","PK_1cmt_tmdd_full","0","504","10.855135","mg/L","100","mg","2","0"
"3","PK_1cmt_tmdd_full","PK_1cmt_tmdd_full","0","672","6.147048","mg/L","100","mg","2","0"
"3","PK_1cmt_tmdd_full","PK_1cmt_tmdd_full","0","721","8.257761","mg/L","100","mg","2","0"
"4","PK_1cmt_tmdd_full","PK_1cmt_tmdd_full","1","0",".","mg/L","100","mg","2","."
"4","PK_1cmt_tmdd_full","PK_1cmt_tmdd_full","0","0","0","mg/L","100","mg","2","0"
"4","PK_1cmt_tmdd_full","PK_1cmt_tmdd_full","0","1","0.098006","mg/L","100","mg","2","0"
"4","PK_1cmt_tmdd_full","PK_1cmt_tmdd_full","0","2","0.204033","mg/L","100","mg","2","0"
"4","PK_1cmt_tmdd_full","PK_1cmt_tmdd_full","0","4","0.371507","mg/L","100","mg","2","0"
"4","PK_1cmt_tmdd_full","PK_1cmt_tmdd_full","0","8","0.985975","mg/L","100","mg","2","0"
"4","PK_1cmt_tmdd_full","PK_1cmt_tmdd_full","0","24","2.19727","mg/L","100","mg","2","0"
"4","PK_1cmt_tmdd_full","PK_1cmt_tmdd_full","0","48","3.478535","mg/L","100","mg","2","0"
"4","PK_1cmt_tmdd_full","PK_1cmt_tmdd_full","0","72","5.520848","mg/L","100","mg","2","0"
"4","PK_1cmt_tmdd_full","PK_1cmt_tmdd_full","0","96","6.427832","mg/L","100","mg","2","0"
"4","PK_1cmt_tmdd_full","PK_1cmt_tmdd_full","0","120","5.541818","mg/L","100","mg","2","0"
"4","PK_1cmt_tmdd_full","PK_1cmt_tmdd_full","0","168","10.217504","mg/L","100","mg","2","0"
"4","PK_1cmt_tmdd_full","PK_1cmt_tmdd_full","0","336","13.791407","mg/L","100","mg","2","0"
"4","PK_1cmt_tmdd_full","PK_1cmt_tmdd_full","0","504","8.0018","mg/L","100","mg","2","0"
"4","PK_1cmt_tmdd_full","PK_1cmt_tmdd_full","0","672","9.331232","mg/L","100","mg","2","0"
"4","PK_1cmt_tmdd_full","PK_1cmt_tmdd_full","0","721","7.735584","mg/L","100","mg","2","0"
"5","PK_1cmt_tmdd_full","PK_1cmt_tmdd_full","1","0",".","mg/L","100","mg","2","."
"5","PK_1cmt_tmdd_full","PK_1cmt_tmdd_full","0","0","0","mg/L","100","mg","2","0"
"5","PK_1cmt_tmdd_full","PK_1cmt_tmdd_full","0","1","0.096636","mg/L","100","mg","2","0"
"5","PK_1cmt_tmdd_full","PK_1cmt_tmdd_full","0","2","0.135576","mg/L","100","mg","2","0"
"5","PK_1cmt_tmdd_full","PK_1cmt_tmdd_full","0","4","0.308602","mg/L","100","mg","2","0"
"5","PK_1cmt_tmdd_full","PK_1cmt_tmdd_full","0","8","0.636247","mg/L","100","mg","2","0"
"5","PK_1cmt_tmdd_full","PK_1cmt_tmdd_full","0","24","1.445568","mg/L","100","mg","2","0"
"5","PK_1cmt_tmdd_full","PK_1cmt_tmdd_full","0","48","3.631184","mg/L","100","mg","2","0"
"5","PK_1cmt_tmdd_full","PK_1cmt_tmdd_full","0","72","4.999405","mg/L","100","mg","2","0"
"5","PK_1cmt_tmdd_full","PK_1cmt_tmdd_full","0","96","7.011691","mg/L","100","mg","2","0"
"5","PK_1cmt_tmdd_full","PK_1cmt_tmdd_full","0","120","6.345821","mg/L","100","mg","2","0"
"5","PK_1cmt_tmdd_full","PK_1cmt_tmdd_full","0","168","8.068125","mg/L","100","mg","2","0"
"5","PK_1cmt_tmdd_full","PK_1cmt_tmdd_full","0","336","9.378497","mg/L","100","mg","2","0"
"5","PK_1cmt_tmdd_full","PK_1cmt_tmdd_full","0","504","7.51126","mg/L","100","mg","2","0"
"5","PK_1cmt_tmdd_full","PK_1cmt_tmdd_full","0","672","6.037486","mg/L","100","mg","2","0"
"5","PK_1cmt_tmdd_full","PK_1cmt_tmdd_full","0","721","3.951033","mg/L","100","mg","2","0"
"6","PK_1cmt_tmdd_full","PK_1cmt_tmdd_full","1","0",".","mg/L","100","mg","2","."
"6","PK_1cmt_tmdd_full","PK_1cmt_tmdd_full","0","0","0","mg/L","100","mg","2","0"
"6","PK_1cmt_tmdd_full","PK_1cmt_tmdd_full","0","1","0.627321","mg/L","100","mg","2","0"
"6","PK_1cmt_tmdd_full","PK_1cmt_tmdd_full","0","2","1.477058","mg/L","100","mg","2","0"
"6","PK_1cmt_tmdd_full","PK_1cmt_tmdd_full","0","4","3.135867","mg/L","100","mg","2","0"
"6","PK_1cmt_tmdd_full","PK_1cmt_tmdd_full","0","8","4.94009","mg/L","100","mg","2","0"
"6","PK_1cmt_tmdd_full","PK_1cmt_tmdd_full","0","24","11.620677","mg/L","100","mg","2","0"
"6","PK_1cmt_tmdd_full","PK_1cmt_tmdd_full","0","48","17.03088","mg/L","100","mg","2","0"
"6","PK_1cmt_tmdd_full","PK_1cmt_tmdd_full","0","72","19.571622","mg/L","100","mg","2","0"
"6","PK_1cmt_tmdd_full","PK_1cmt_tmdd_full","0","96","24.911798","mg/L","100","mg","2","0"
"6","PK_1cmt_tmdd_full","PK_1cmt_tmdd_full","0","120","17.586679","mg/L","100","mg","2","0"
"6","PK_1cmt_tmdd_full","PK_1cmt_tmdd_full","0","168","12.280414","mg/L","100","mg","2","0"
"6","PK_1cmt_tmdd_full","PK_1cmt_tmdd_full","0","336","8.491528","mg/L","100","mg","2","0"
"6","PK_1cmt_tmdd_full","PK_1cmt_tmdd_full","0","504","4.004733","mg/L","100","mg","2","0"
"6","PK_1cmt_tmdd_full","PK_1cmt_tmdd_full","0","672","1.481217","mg/L","100","mg","2","0"
"6","PK_1cmt_tmdd_full","PK_1cmt_tmdd_full","0","721","0.976953","mg/L","100","mg","2","0"
"7","PK_1cmt_tmdd_full","PK_1cmt_tmdd_full","1","0",".","mg/L","100","mg","2","."
"7","PK_1cmt_tmdd_full","PK_1cmt_tmdd_full","0","0","0","mg/L","100","mg","2","0"
"7","PK_1cmt_tmdd_full","PK_1cmt_tmdd_full","0","1","0.473473","mg/L","100","mg","2","0"
"7","PK_1cmt_tmdd_full","PK_1cmt_tmdd_full","0","2","1.085787","mg/L","100","mg","2","0"
"7","PK_1cmt_tmdd_full","PK_1cmt_tmdd_full","0","4","2.147801","mg/L","100","mg","2","0"
"7","PK_1cmt_tmdd_full","PK_1cmt_tmdd_full","0","8","2.061635","mg/L","100","mg","2","0"
"7","PK_1cmt_tmdd_full","PK_1cmt_tmdd_full","0","24","9.165342","mg/L","100","mg","2","0"
"7","PK_1cmt_tmdd_full","PK_1cmt_tmdd_full","0","48","14.244172","mg/L","100","mg","2","0"
"7","PK_1cmt_tmdd_full","PK_1cmt_tmdd_full","0","72","15.057151","mg/L","100","mg","2","0"
"7","PK_1cmt_tmdd_full","PK_1cmt_tmdd_full","0","96","10.654127","mg/L","100","mg","2","0"
"7","PK_1cmt_tmdd_full","PK_1cmt_tmdd_full","0","120","14.131088","mg/L","100","mg","2","0"
"7","PK_1cmt_tmdd_full","PK_1cmt_tmdd_full","0","168","14.736833","mg/L","100","mg","2","0"
"7","PK_1cmt_tmdd_full","PK_1cmt_tmdd_full","0","336","8.683163","mg/L","100","mg","2","0"
"7","PK_1cmt_tmdd_full","PK_1cmt_tmdd_full","0","504","4.284789","mg/L","100","mg","2","0"
"7","PK_1cmt_tmdd_full","PK_1cmt_tmdd_full","0","672","3.315714","mg/L","100","mg","2","0"
"7","PK_1cmt_tmdd_full","PK_1cmt_tmdd_full","0","721","3.049484","mg/L","100","mg","2","0"
"8","PK_1cmt_tmdd_full","PK_1cmt_tmdd_full","1","0",".","mg/L","100","mg","2","."
"8","PK_1cmt_tmdd_full","PK_1cmt_tmdd_full","0","0","0","mg/L","100","mg","2","0"
"8","PK_1cmt_tmdd_full","PK_1cmt_tmdd_full","0","1","0.508682","mg/L","100","mg","2","0"
"8","PK_1cmt_tmdd_full","PK_1cmt_tmdd_full","0","2","1.228111","mg/L","100","mg","2","0"
"8","PK_1cmt_tmdd_full","PK_1cmt_tmdd_full","0","4","2.202713","mg/L","100","mg","2","0"
"8","PK_1cmt_tmdd_full","PK_1cmt_tmdd_full","0","8","3.932257","mg/L","100","mg","2","0"
"8","PK_1cmt_tmdd_full","PK_1cmt_tmdd_full","0","24","13.313102","mg/L","100","mg","2","0"
"8","PK_1cmt_tmdd_full","PK_1cmt_tmdd_full","0","48","18.95496","mg/L","100","mg","2","0"
"8","PK_1cmt_tmdd_full","PK_1cmt_tmdd_full","0","72","18.126037","mg/L","100","mg","2","0"
"8","PK_1cmt_tmdd_full","PK_1cmt_tmdd_full","0","96","14.206511","mg/L","100","mg","2","0"
"8","PK_1cmt_tmdd_full","PK_1cmt_tmdd_full","0","120","21.521526","mg/L","100","mg","2","0"
"8","PK_1cmt_tmdd_full","PK_1cmt_tmdd_full","0","168","14.792554","mg/L","100","mg","2","0"
"8","PK_1cmt_tmdd_full","PK_1cmt_tmdd_full","0","336","2.907396","mg/L","100","mg","2","0"
"8","PK_1cmt_tmdd_full","PK_1cmt_tmdd_full","0","504","0.690866","mg/L","100","mg","2","0"
"8","PK_1cmt_tmdd_full","PK_1cmt_tmdd_full","0","672","0.100262","mg/L","100","mg","2","0"
"8","PK_1cmt_tmdd_full","PK_1cmt_tmdd_full","0","721","0.081404","mg/L","100","mg","2","0"
"9","PK_1cmt_tmdd_full","PK_1cmt_tmdd_full","1","0",".","mg/L","100","mg","2","."
"9","PK_1cmt_tmdd_full","PK_1cmt_tmdd_full","0","0","0","mg/L","100","mg","2","0"
"9","PK_1cmt_tmdd_full","PK_1cmt_tmdd_full","0","1","0.239147","mg/L","100","mg","2","0"
"9","PK_1cmt_tmdd_full","PK_1cmt_tmdd_full","0","2","0.302225","mg/L","100","mg","2","0"
"9","PK_1cmt_tmdd_full","PK_1cmt_tmdd_full","0","4","1.065243","mg/L","100","mg","2","0"
"9","PK_1cmt_tmdd_full","PK_1cmt_tmdd_full","0","8","1.99301","mg/L","100","mg","2","0"
"9","PK_1cmt_tmdd_full","PK_1cmt_tmdd_full","0","24","5.679784","mg/L","100","mg","2","0"
"9","PK_1cmt_tmdd_full","PK_1cmt_tmdd_full","0","48","7.033607","mg/L","100","mg","2","0"
"9","PK_1cmt_tmdd_full","PK_1cmt_tmdd_full","0","72","12.816731","mg/L","100","mg","2","0"
"9","PK_1cmt_tmdd_full","PK_1cmt_tmdd_full","0","96","14.125169","mg/L","100","mg","2","0"
"9","PK_1cmt_tmdd_full","PK_1cmt_tmdd_full","0","120","11.768186","mg/L","100","mg","2","0"
"9","PK_1cmt_tmdd_full","PK_1cmt_tmdd_full","0","168","15.32162","mg/L","100","mg","2","0"
"9","PK_1cmt_tmdd_full","PK_1cmt_tmdd_full","0","336","13.715445","mg/L","100","mg","2","0"
"9","PK_1cmt_tmdd_full","PK_1cmt_tmdd_full","0","504","8.05465","mg/L","100","mg","2","0"
"9","PK_1cmt_tmdd_full","PK_1cmt_tmdd_full","0","672","5.750916","mg/L","100","mg","2","0"
"9","PK_1cmt_tmdd_full","PK_1cmt_tmdd_full","0","721","3.931695","mg/L","100","mg","2","0"
"10","PK_1cmt_tmdd_full","PK_1cmt_tmdd_full","1","0",".","mg/L","100","mg","2","."
"10","PK_1cmt_tmdd_full","PK_1cmt_tmdd_full","0","0","0","mg/L","100","mg","2","0"
"10","PK_1cmt_tmdd_full","PK_1cmt_tmdd_full","0","1","0.045722","mg/L","100","mg","2","0"
"10","PK_1cmt_tmdd_full","PK_1cmt_tmdd_full","0","2","0.099026","mg/L","100","mg","2","0"
"10","PK_1cmt_tmdd_full","PK_1cmt_tmdd_full","0","4","0.243962","mg/L","100","mg","2","0"
"10","PK_1cmt_tmdd_full","PK_1cmt_tmdd_full","0","8","0.536648","mg/L","100","mg","2","0"
"10","PK_1cmt_tmdd_full","PK_1cmt_tmdd_full","0","24","1.483315","mg/L","100","mg","2","0"
"10","PK_1cmt_tmdd_full","PK_1cmt_tmdd_full","0","48","2.632701","mg/L","100","mg","2","0"
"10","PK_1cmt_tmdd_full","PK_1cmt_tmdd_full","0","72","3.420107","mg/L","100","mg","2","0"
"10","PK_1cmt_tmdd_full","PK_1cmt_tmdd_full","0","96","4.831637","mg/L","100","mg","2","0"
"10","PK_1cmt_tmdd_full","PK_1cmt_tmdd_full","0","120","5.216365","mg/L","100","mg","2","0"
"10","PK_1cmt_tmdd_full","PK_1cmt_tmdd_full","0","168","5.326192","mg/L","100","mg","2","0"
"10","PK_1cmt_tmdd_full","PK_1cmt_tmdd_full","0","336","8.052611","mg/L","100","mg","2","0"
"10","PK_1cmt_tmdd_full","PK_1cmt_tmdd_full","0","504","6.79452","mg/L","100","mg","2","0"
"10","PK_1cmt_tmdd_full","PK_1cmt_tmdd_full","0","672","7.721718","mg/L","100","mg","2","0"
"10","PK_1cmt_tmdd_full","PK_1cmt_tmdd_full","0","721","7.326225","mg/L","100","mg","2","0"
"1","PK_2cmt_mAb_Davda_2014","PK_2cmt_mAb_Davda_2014","1","0",".","mg/L","700","mg","2","."
"1","PK_2cmt_mAb_Davda_2014","PK_2cmt_mAb_Davda_2014","0","0","0","mg/L","700","mg","2","0"
"1","PK_2cmt_mAb_Davda_2014","PK_2cmt_mAb_Davda_2014","0","4","4.035859","mg/L","700","mg","2","0"
"1","PK_2cmt_mAb_Davda_2014","PK_2cmt_mAb_Davda_2014","0","24","23.615915","mg/L","700","mg","2","0"
"1","PK_2cmt_mAb_Davda_2014","PK_2cmt_mAb_Davda_2014","0","72","57.374025","mg/L","700","mg","2","0"
"1","PK_2cmt_mAb_Davda_2014","PK_2cmt_mAb_Davda_2014","0","168","105.600981","mg/L","700","mg","2","0"
"1","PK_2cmt_mAb_Davda_2014","PK_2cmt_mAb_Davda_2014","0","336","70.931448","mg/L","700","mg","2","0"
"1","PK_2cmt_mAb_Davda_2014","PK_2cmt_mAb_Davda_2014","0","504","63.110926","mg/L","700","mg","2","0"
"1","PK_2cmt_mAb_Davda_2014","PK_2cmt_mAb_Davda_2014","0","672","40.222449","mg/L","700","mg","2","0"
"1","PK_2cmt_mAb_Davda_2014","PK_2cmt_mAb_Davda_2014","0","840","34.938645","mg/L","700","mg","2","0"
"1","PK_2cmt_mAb_Davda_2014","PK_2cmt_mAb_Davda_2014","0","1008","34.071698","mg/L","700","mg","2","0"
"1","PK_2cmt_mAb_Davda_2014","PK_2cmt_mAb_Davda_2014","0","1176","26.737882","mg/L","700","mg","2","0"
"1","PK_2cmt_mAb_Davda_2014","PK_2cmt_mAb_Davda_2014","0","1512","15.460741","mg/L","700","mg","2","0"
"1","PK_2cmt_mAb_Davda_2014","PK_2cmt_mAb_Davda_2014","0","2016","10.515826","mg/L","700","mg","2","0"
"1","PK_2cmt_mAb_Davda_2014","PK_2cmt_mAb_Davda_2014","0","2520","5.331591","mg/L","700","mg","2","0"
"2","PK_2cmt_mAb_Davda_2014","PK_2cmt_mAb_Davda_2014","1","0",".","mg/L","700","mg","2","."
"2","PK_2cmt_mAb_Davda_2014","PK_2cmt_mAb_Davda_2014","0","0","0","mg/L","700","mg","2","0"
"2","PK_2cmt_mAb_Davda_2014","PK_2cmt_mAb_Davda_2014","0","4","12.437484","mg/L","700","mg","2","0"
"2","PK_2cmt_mAb_Davda_2014","PK_2cmt_mAb_Davda_2014","0","24","52.166722","mg/L","700","mg","2","0"
"2","PK_2cmt_mAb_Davda_2014","PK_2cmt_mAb_Davda_2014","0","72","72.908237","mg/L","700","mg","2","0"
"2","PK_2cmt_mAb_Davda_2014","PK_2cmt_mAb_Davda_2014","0","168","60.117079","mg/L","700","mg","2","0"
"2","PK_2cmt_mAb_Davda_2014","PK_2cmt_mAb_Davda_2014","0","336","55.904773","mg/L","700","mg","2","0"
"2","PK_2cmt_mAb_Davda_2014","PK_2cmt_mAb_Davda_2014","0","504","44.681983","mg/L","700","mg","2","0"
"2","PK_2cmt_mAb_Davda_2014","PK_2cmt_mAb_Davda_2014","0","672","30.236716","mg/L","700","mg","2","0"
"2","PK_2cmt_mAb_Davda_2014","PK_2cmt_mAb_Davda_2014","0","840","27.840071","mg/L","700","mg","2","0"
"2","PK_2cmt_mAb_Davda_2014","PK_2cmt_mAb_Davda_2014","0","1008","27.249903","mg/L","700","mg","2","0"
"2","PK_2cmt_mAb_Davda_2014","PK_2cmt_mAb_Davda_2014","0","1176","20.4","mg/L","700","mg","2","0"
"2","PK_2cmt_mAb_Davda_2014","PK_2cmt_mAb_Davda_2014","0","1512","14.499303","mg/L","700","mg","2","0"
"2","PK_2cmt_mAb_Davda_2014","PK_2cmt_mAb_Davda_2014","0","2016","8.94849","mg/L","700","mg","2","0"
"2","PK_2cmt_mAb_Davda_2014","PK_2cmt_mAb_Davda_2014","0","2520","4.022751","mg/L","700","mg","2","0"
"3","PK_2cmt_mAb_Davda_2014","PK_2cmt_mAb_Davda_2014","1","0",".","mg/L","700","mg","2","."
"3","PK_2cmt_mAb_Davda_2014","PK_2cmt_mAb_Davda_2014","0","0","0","mg/L","700","mg","2","0"
"3","PK_2cmt_mAb_Davda_2014","PK_2cmt_mAb_Davda_2014","0","4","4.684763","mg/L","700","mg","2","0"
"3","PK_2cmt_mAb_Davda_2014","PK_2cmt_mAb_Davda_2014","0","24","33.913211","mg/L","700","mg","2","0"
"3","PK_2cmt_mAb_Davda_2014","PK_2cmt_mAb_Davda_2014","0","72","58.65652","mg/L","700","mg","2","0"
"3","PK_2cmt_mAb_Davda_2014","PK_2cmt_mAb_Davda_2014","0","168","59.994048","mg/L","700","mg","2","0"
"3","PK_2cmt_mAb_Davda_2014","PK_2cmt_mAb_Davda_2014","0","336","47.167818","mg/L","700","mg","2","0"
"3","PK_2cmt_mAb_Davda_2014","PK_2cmt_mAb_Davda_2014","0","504","29.886999","mg/L","700","mg","2","0"
"3","PK_2cmt_mAb_Davda_2014","PK_2cmt_mAb_Davda_2014","0","672","26.0828","mg/L","700","mg","2","0"
"3","PK_2cmt_mAb_Davda_2014","PK_2cmt_mAb_Davda_2014","0","840","14.707499","mg/L","700","mg","2","0"
"3","PK_2cmt_mAb_Davda_2014","PK_2cmt_mAb_Davda_2014","0","1008","14.074192","mg/L","700","mg","2","0"
"3","PK_2cmt_mAb_Davda_2014","PK_2cmt_mAb_Davda_2014","0","1176","13.773177","mg/L","700","mg","2","0"
"3","PK_2cmt_mAb_Davda_2014","PK_2cmt_mAb_Davda_2014","0","1512","6.926802","mg/L","700","mg","2","0"
"3","PK_2cmt_mAb_Davda_2014","PK_2cmt_mAb_Davda_2014","0","2016","4.694685","mg/L","700","mg","2","0"
"3","PK_2cmt_mAb_Davda_2014","PK_2cmt_mAb_Davda_2014","0","2520","1.99635","mg/L","700","mg","2","0"
"4","PK_2cmt_mAb_Davda_2014","PK_2cmt_mAb_Davda_2014","1","0",".","mg/L","700","mg","2","."
"4","PK_2cmt_mAb_Davda_2014","PK_2cmt_mAb_Davda_2014","0","0","0","mg/L","700","mg","2","0"
"4","PK_2cmt_mAb_Davda_2014","PK_2cmt_mAb_Davda_2014","0","4","6.182325","mg/L","700","mg","2","0"
"4","PK_2cmt_mAb_Davda_2014","PK_2cmt_mAb_Davda_2014","0","24","21.446404","mg/L","700","mg","2","0"
"4","PK_2cmt_mAb_Davda_2014","PK_2cmt_mAb_Davda_2014","0","72","40.764182","mg/L","700","mg","2","0"
"4","PK_2cmt_mAb_Davda_2014","PK_2cmt_mAb_Davda_2014","0","168","79.28058","mg/L","700","mg","2","0"
"4","PK_2cmt_mAb_Davda_2014","PK_2cmt_mAb_Davda_2014","0","336","77.090557","mg/L","700","mg","2","0"
"4","PK_2cmt_mAb_Davda_2014","PK_2cmt_mAb_Davda_2014","0","504","75.572828","mg/L","700","mg","2","0"
"4","PK_2cmt_mAb_Davda_2014","PK_2cmt_mAb_Davda_2014","0","672","54.00263","mg/L","700","mg","2","0"
"4","PK_2cmt_mAb_Davda_2014","PK_2cmt_mAb_Davda_2014","0","840","53.696882","mg/L","700","mg","2","0"
"4","PK_2cmt_mAb_Davda_2014","PK_2cmt_mAb_Davda_2014","0","1008","40.789842","mg/L","700","mg","2","0"
"4","PK_2cmt_mAb_Davda_2014","PK_2cmt_mAb_Davda_2014","0","1176","34.278803","mg/L","700","mg","2","0"
"4","PK_2cmt_mAb_Davda_2014","PK_2cmt_mAb_Davda_2014","0","1512","22.186282","mg/L","700","mg","2","0"
"4","PK_2cmt_mAb_Davda_2014","PK_2cmt_mAb_Davda_2014","0","2016","13.711919","mg/L","700","mg","2","0"
"4","PK_2cmt_mAb_Davda_2014","PK_2cmt_mAb_Davda_2014","0","2520","7.709919","mg/L","700","mg","2","0"
"5","PK_2cmt_mAb_Davda_2014","PK_2cmt_mAb_Davda_2014","1","0",".","mg/L","700","mg","2","."
"5","PK_2cmt_mAb_Davda_2014","PK_2cmt_mAb_Davda_2014","0","0","0","mg/L","700","mg","2","0"
"5","PK_2cmt_mAb_Davda_2014","PK_2cmt_mAb_Davda_2014","0","4","7.66011","mg/L","700","mg","2","0"
"5","PK_2cmt_mAb_Davda_2014","PK_2cmt_mAb_Davda_2014","0","24","32.385626","mg/L","700","mg","2","0"
"5","PK_2cmt_mAb_Davda_2014","PK_2cmt_mAb_Davda_2014","0","72","67.695502","mg/L","700","mg","2","0"
"5","PK_2cmt_mAb_Davda_2014","PK_2cmt_mAb_Davda_2014","0","168","78.31169","mg/L","700","mg","2","0"
"5","PK_2cmt_mAb_Davda_2014","PK_2cmt_mAb_Davda_2014","0","336","69.553985","mg/L","700","mg","2","0"
"5","PK_2cmt_mAb_Davda_2014","PK_2cmt_mAb_Davda_2014","0","504","52.343175","mg/L","700","mg","2","0"
"5","PK_2cmt_mAb_Davda_2014","PK_2cmt_mAb_Davda_2014","0","672","40.913105","mg/L","700","mg","2","0"
"5","PK_2cmt_mAb_Davda_2014","PK_2cmt_mAb_Davda_2014","0","840","31.457039","mg/L","700","mg","2","0"
"5","PK_2cmt_mAb_Davda_2014","PK_2cmt_mAb_Davda_2014","0","1008","23.167499","mg/L","700","mg","2","0"
"5","PK_2cmt_mAb_Davda_2014","PK_2cmt_mAb_Davda_2014","0","1176","15.520171","mg/L","700","mg","2","0"
"5","PK_2cmt_mAb_Davda_2014","PK_2cmt_mAb_Davda_2014","0","1512","9.67345","mg/L","700","mg","2","0"
"5","PK_2cmt_mAb_Davda_2014","PK_2cmt_mAb_Davda_2014","0","2016","3.124631","mg/L","700","mg","2","0"
"5","PK_2cmt_mAb_Davda_2014","PK_2cmt_mAb_Davda_2014","0","2520","1.225625","mg/L","700","mg","2","0"
"6","PK_2cmt_mAb_Davda_2014","PK_2cmt_mAb_Davda_2014","1","0",".","mg/L","700","mg","2","."
"6","PK_2cmt_mAb_Davda_2014","PK_2cmt_mAb_Davda_2014","0","0","0","mg/L","700","mg","2","0"
"6","PK_2cmt_mAb_Davda_2014","PK_2cmt_mAb_Davda_2014","0","4","4.910174","mg/L","700","mg","2","0"
"6","PK_2cmt_mAb_Davda_2014","PK_2cmt_mAb_Davda_2014","0","24","24.461209","mg/L","700","mg","2","0"
"6","PK_2cmt_mAb_Davda_2014","PK_2cmt_mAb_Davda_2014","0","72","54.28305","mg/L","700","mg","2","0"
"6","PK_2cmt_mAb_Davda_2014","PK_2cmt_mAb_Davda_2014","0","168","76.392225","mg/L","700","mg","2","0"
"6","PK_2cmt_mAb_Davda_2014","PK_2cmt_mAb_Davda_2014","0","336","68.316176","mg/L","700","mg","2","0"
"6","PK_2cmt_mAb_Davda_2014","PK_2cmt_mAb_Davda_2014","0","504","72.257204","mg/L","700","mg","2","0"
"6","PK_2cmt_mAb_Davda_2014","PK_2cmt_mAb_Davda_2014","0","672","82.932978","mg/L","700","mg","2","0"
"6","PK_2cmt_mAb_Davda_2014","PK_2cmt_mAb_Davda_2014","0","840","50.597438","mg/L","700","mg","2","0"
"6","PK_2cmt_mAb_Davda_2014","PK_2cmt_mAb_Davda_2014","0","1008","51.705762","mg/L","700","mg","2","0"
"6","PK_2cmt_mAb_Davda_2014","PK_2cmt_mAb_Davda_2014","0","1176","43.080507","mg/L","700","mg","2","0"
"6","PK_2cmt_mAb_Davda_2014","PK_2cmt_mAb_Davda_2014","0","1512","25.860818","mg/L","700","mg","2","0"
"6","PK_2cmt_mAb_Davda_2014","PK_2cmt_mAb_Davda_2014","0","2016","21.361454","mg/L","700","mg","2","0"
"6","PK_2cmt_mAb_Davda_2014","PK_2cmt_mAb_Davda_2014","0","2520","16.830553","mg/L","700","mg","2","0"
"7","PK_2cmt_mAb_Davda_2014","PK_2cmt_mAb_Davda_2014","1","0",".","mg/L","700","mg","2","."
"7","PK_2cmt_mAb_Davda_2014","PK_2cmt_mAb_Davda_2014","0","0","0","mg/L","700","mg","2","0"
"7","PK_2cmt_mAb_Davda_2014","PK_2cmt_mAb_Davda_2014","0","4","3.212978","mg/L","700","mg","2","0"
"7","PK_2cmt_mAb_Davda_2014","PK_2cmt_mAb_Davda_2014","0","24","16.637187","mg/L","700","mg","2","0"
"7","PK_2cmt_mAb_Davda_2014","PK_2cmt_mAb_Davda_2014","0","72","36.795303","mg/L","700","mg","2","0"
"7","PK_2cmt_mAb_Davda_2014","PK_2cmt_mAb_Davda_2014","0","168","50.800889","mg/L","700","mg","2","0"
"7","PK_2cmt_mAb_Davda_2014","PK_2cmt_mAb_Davda_2014","0","336","64.843316","mg/L","700","mg","2","0"
"7","PK_2cmt_mAb_Davda_2014","PK_2cmt_mAb_Davda_2014","0","504","57.436281","mg/L","700","mg","2","0"
"7","PK_2cmt_mAb_Davda_2014","PK_2cmt_mAb_Davda_2014","0","672","35.59556","mg/L","700","mg","2","0"
"7","PK_2cmt_mAb_Davda_2014","PK_2cmt_mAb_Davda_2014","0","840","36.141499","mg/L","700","mg","2","0"
"7","PK_2cmt_mAb_Davda_2014","PK_2cmt_mAb_Davda_2014","0","1008","37.046643","mg/L","700","mg","2","0"
"7","PK_2cmt_mAb_Davda_2014","PK_2cmt_mAb_Davda_2014","0","1176","22.862897","mg/L","700","mg","2","0"
"7","PK_2cmt_mAb_Davda_2014","PK_2cmt_mAb_Davda_2014","0","1512","17.818989","mg/L","700","mg","2","0"
"7","PK_2cmt_mAb_Davda_2014","PK_2cmt_mAb_Davda_2014","0","2016","11.586236","mg/L","700","mg","2","0"
"7","PK_2cmt_mAb_Davda_2014","PK_2cmt_mAb_Davda_2014","0","2520","6.391841","mg/L","700","mg","2","0"
"8","PK_2cmt_mAb_Davda_2014","PK_2cmt_mAb_Davda_2014","1","0",".","mg/L","700","mg","2","."
"8","PK_2cmt_mAb_Davda_2014","PK_2cmt_mAb_Davda_2014","0","0","0","mg/L","700","mg","2","0"
"8","PK_2cmt_mAb_Davda_2014","PK_2cmt_mAb_Davda_2014","0","4","4.794261","mg/L","700","mg","2","0"
"8","PK_2cmt_mAb_Davda_2014","PK_2cmt_mAb_Davda_2014","0","24","24.871097","mg/L","700","mg","2","0"
"8","PK_2cmt_mAb_Davda_2014","PK_2cmt_mAb_Davda_2014","0","72","60.473796","mg/L","700","mg","2","0"
"8","PK_2cmt_mAb_Davda_2014","PK_2cmt_mAb_Davda_2014","0","168","89.69833","mg/L","700","mg","2","0"
"8","PK_2cmt_mAb_Davda_2014","PK_2cmt_mAb_Davda_2014","0","336","78.624614","mg/L","700","mg","2","0"
"8","PK_2cmt_mAb_Davda_2014","PK_2cmt_mAb_Davda_2014","0","504","56.229431","mg/L","700","mg","2","0"
"8","PK_2cmt_mAb_Davda_2014","PK_2cmt_mAb_Davda_2014","0","672","41.0664","mg/L","700","mg","2","0"
"8","PK_2cmt_mAb_Davda_2014","PK_2cmt_mAb_Davda_2014","0","840","53.630996","mg/L","700","mg","2","0"
"8","PK_2cmt_mAb_Davda_2014","PK_2cmt_mAb_Davda_2014","0","1008","36.941813","mg/L","700","mg","2","0"
"8","PK_2cmt_mAb_Davda_2014","PK_2cmt_mAb_Davda_2014","0","1176","38.713288","mg/L","700","mg","2","0"
"8","PK_2cmt_mAb_Davda_2014","PK_2cmt_mAb_Davda_2014","0","1512","19.036023","mg/L","700","mg","2","0"
"8","PK_2cmt_mAb_Davda_2014","PK_2cmt_mAb_Davda_2014","0","2016","16.242878","mg/L","700","mg","2","0"
"8","PK_2cmt_mAb_Davda_2014","PK_2cmt_mAb_Davda_2014","0","2520","10.521088","mg/L","700","mg","2","0"
"9","PK_2cmt_mAb_Davda_2014","PK_2cmt_mAb_Davda_2014","1","0",".","mg/L","700","mg","2","."
"9","PK_2cmt_mAb_Davda_2014","PK_2cmt_mAb_Davda_2014","0","0","0","mg/L","700","mg","2","0"
"9","PK_2cmt_mAb_Davda_2014","PK_2cmt_mAb_Davda_2014","0","4","14.107375","mg/L","700","mg","2","0"
"9","PK_2cmt_mAb_Davda_2014","PK_2cmt_mAb_Davda_2014","0","24","64.217298","mg/L","700","mg","2","0"
"9","PK_2cmt_mAb_Davda_2014","PK_2cmt_mAb_Davda_2014","0","72","82.823979","mg/L","700","mg","2","0"
"9","PK_2cmt_mAb_Davda_2014","PK_2cmt_mAb_Davda_2014","0","168","86.794086","mg/L","700","mg","2","0"
"9","PK_2cmt_mAb_Davda_2014","PK_2cmt_mAb_Davda_2014","0","336","61.844276","mg/L","700","mg","2","0"
"9","PK_2cmt_mAb_Davda_2014","PK_2cmt_mAb_Davda_2014","0","504","42.519048","mg/L","700","mg","2","0"
"9","PK_2cmt_mAb_Davda_2014","PK_2cmt_mAb_Davda_2014","0","672","43.262704","mg/L","700","mg","2","0"
"9","PK_2cmt_mAb_Davda_2014","PK_2cmt_mAb_Davda_2014","0","840","30.647492","mg/L","700","mg","2","0"
"9","PK_2cmt_mAb_Davda_2014","PK_2cmt_mAb_Davda_2014","0","1008","32.589875","mg/L","700","mg","2","0"
"9","PK_2cmt_mAb_Davda_2014","PK_2cmt_mAb_Davda_2014","0","1176","10.912025","mg/L","700","mg","2","0"
"9","PK_2cmt_mAb_Davda_2014","PK_2cmt_mAb_Davda_2014","0","1512","9.49388","mg/L","700","mg","2","0"
"9","PK_2cmt_mAb_Davda_2014","PK_2cmt_mAb_Davda_2014","0","2016","5.887196","mg/L","700","mg","2","0"
"9","PK_2cmt_mAb_Davda_2014","PK_2cmt_mAb_Davda_2014","0","2520","1.80582","mg/L","700","mg","2","0"
"10","PK_2cmt_mAb_Davda_2014","PK_2cmt_mAb_Davda_2014","1","0",".","mg/L","700","mg","2","."
"10","PK_2cmt_mAb_Davda_2014","PK_2cmt_mAb_Davda_2014","0","0","0","mg/L","700","mg","2","0"
"10","PK_2cmt_mAb_Davda_2014","PK_2cmt_mAb_Davda_2014","0","4","7.5287","mg/L","700","mg","2","0"
"10","PK_2cmt_mAb_Davda_2014","PK_2cmt_mAb_Davda_2014","0","24","35.995942","mg/L","700","mg","2","0"
"10","PK_2cmt_mAb_Davda_2014","PK_2cmt_mAb_Davda_2014","0","72","102.816756","mg/L","700","mg","2","0"
"10","PK_2cmt_mAb_Davda_2014","PK_2cmt_mAb_Davda_2014","0","168","117.618181","mg/L","700","mg","2","0"
"10","PK_2cmt_mAb_Davda_2014","PK_2cmt_mAb_Davda_2014","0","336","90.55667","mg/L","700","mg","2","0"
"10","PK_2cmt_mAb_Davda_2014","PK_2cmt_mAb_Davda_2014","0","504","77.867694","mg/L","700","mg","2","0"
"10","PK_2cmt_mAb_Davda_2014","PK_2cmt_mAb_Davda_2014","0","672","87.666163","mg/L","700","mg","2","0"
"10","PK_2cmt_mAb_Davda_2014","PK_2cmt_mAb_Davda_2014","0","840","47.494278","mg/L","700","mg","2","0"
"10","PK_2cmt_mAb_Davda_2014","PK_2cmt_mAb_Davda_2014","0","1008","48.402453","mg/L","700","mg","2","0"
"10","PK_2cmt_mAb_Davda_2014","PK_2cmt_mAb_Davda_2014","0","1176","40.249929","mg/L","700","mg","2","0"
"10","PK_2cmt_mAb_Davda_2014","PK_2cmt_mAb_Davda_2014","0","1512","23.42755","mg/L","700","mg","2","0"
"10","PK_2cmt_mAb_Davda_2014","PK_2cmt_mAb_Davda_2014","0","2016","7.362351","mg/L","700","mg","2","0"
"10","PK_2cmt_mAb_Davda_2014","PK_2cmt_mAb_Davda_2014","0","2520","5.777767","mg/L","700","mg","2","0"
"1","PK_2cmt_tmdd_qss","PK_2cmt_tmdd_qss","1","0",".","mg/L","100","mg","2","."
"1","PK_2cmt_tmdd_qss","PK_2cmt_tmdd_qss","0","0","0","mg/L","100","mg","2","0"
"1","PK_2cmt_tmdd_qss","PK_2cmt_tmdd_qss","0","4","2.202811","mg/L","100","mg","2","0"
"1","PK_2cmt_tmdd_qss","PK_2cmt_tmdd_qss","0","24","11.945688","mg/L","100","mg","2","0"
"1","PK_2cmt_tmdd_qss","PK_2cmt_tmdd_qss","0","72","17.63497","mg/L","100","mg","2","0"
"1","PK_2cmt_tmdd_qss","PK_2cmt_tmdd_qss","0","168","11.138828","mg/L","100","mg","2","0"
"1","PK_2cmt_tmdd_qss","PK_2cmt_tmdd_qss","0","336","4.916627","mg/L","100","mg","2","0"
"1","PK_2cmt_tmdd_qss","PK_2cmt_tmdd_qss","0","504","5.455111","mg/L","100","mg","2","0"
"1","PK_2cmt_tmdd_qss","PK_2cmt_tmdd_qss","0","672","3.806479","mg/L","100","mg","2","0"
"1","PK_2cmt_tmdd_qss","PK_2cmt_tmdd_qss","0","840","2.179349","mg/L","100","mg","2","0"
"1","PK_2cmt_tmdd_qss","PK_2cmt_tmdd_qss","0","1008","1.346525","mg/L","100","mg","2","0"
"1","PK_2cmt_tmdd_qss","PK_2cmt_tmdd_qss","0","1176","1.556953","mg/L","100","mg","2","0"
"1","PK_2cmt_tmdd_qss","PK_2cmt_tmdd_qss","0","1512","1.205061","mg/L","100","mg","2","0"
"1","PK_2cmt_tmdd_qss","PK_2cmt_tmdd_qss","0","1539","1.016166","mg/L","100","mg","2","0"
"2","PK_2cmt_tmdd_qss","PK_2cmt_tmdd_qss","1","0",".","mg/L","100","mg","2","."
"2","PK_2cmt_tmdd_qss","PK_2cmt_tmdd_qss","0","0","0","mg/L","100","mg","2","0"
"2","PK_2cmt_tmdd_qss","PK_2cmt_tmdd_qss","0","4","0.500565","mg/L","100","mg","2","0"
"2","PK_2cmt_tmdd_qss","PK_2cmt_tmdd_qss","0","24","2.666061","mg/L","100","mg","2","0"
"2","PK_2cmt_tmdd_qss","PK_2cmt_tmdd_qss","0","72","5.454869","mg/L","100","mg","2","0"
"2","PK_2cmt_tmdd_qss","PK_2cmt_tmdd_qss","0","168","7.267697","mg/L","100","mg","2","0"
"2","PK_2cmt_tmdd_qss","PK_2cmt_tmdd_qss","0","336","5.406197","mg/L","100","mg","2","0"
"2","PK_2cmt_tmdd_qss","PK_2cmt_tmdd_qss","0","504","4.417705","mg/L","100","mg","2","0"
"2","PK_2cmt_tmdd_qss","PK_2cmt_tmdd_qss","0","672","4.258128","mg/L","100","mg","2","0"
"2","PK_2cmt_tmdd_qss","PK_2cmt_tmdd_qss","0","840","3.592738","mg/L","100","mg","2","0"
"2","PK_2cmt_tmdd_qss","PK_2cmt_tmdd_qss","0","1008","3.089565","mg/L","100","mg","2","0"
"2","PK_2cmt_tmdd_qss","PK_2cmt_tmdd_qss","0","1176","1.52643","mg/L","100","mg","2","0"
"2","PK_2cmt_tmdd_qss","PK_2cmt_tmdd_qss","0","1512","1.310349","mg/L","100","mg","2","0"
"2","PK_2cmt_tmdd_qss","PK_2cmt_tmdd_qss","0","1539","1.70236","mg/L","100","mg","2","0"
"3","PK_2cmt_tmdd_qss","PK_2cmt_tmdd_qss","1","0",".","mg/L","100","mg","2","."
"3","PK_2cmt_tmdd_qss","PK_2cmt_tmdd_qss","0","0","0","mg/L","100","mg","2","0"
"3","PK_2cmt_tmdd_qss","PK_2cmt_tmdd_qss","0","4","0.478595","mg/L","100","mg","2","0"
"3","PK_2cmt_tmdd_qss","PK_2cmt_tmdd_qss","0","24","2.524803","mg/L","100","mg","2","0"
"3","PK_2cmt_tmdd_qss","PK_2cmt_tmdd_qss","0","72","4.371369","mg/L","100","mg","2","0"
"3","PK_2cmt_tmdd_qss","PK_2cmt_tmdd_qss","0","168","6.026413","mg/L","100","mg","2","0"
"3","PK_2cmt_tmdd_qss","PK_2cmt_tmdd_qss","0","336","8.356469","mg/L","100","mg","2","0"
"3","PK_2cmt_tmdd_qss","PK_2cmt_tmdd_qss","0","504","4.502357","mg/L","100","mg","2","0"
"3","PK_2cmt_tmdd_qss","PK_2cmt_tmdd_qss","0","672","3.090824","mg/L","100","mg","2","0"
"3","PK_2cmt_tmdd_qss","PK_2cmt_tmdd_qss","0","840","3.795512","mg/L","100","mg","2","0"
"3","PK_2cmt_tmdd_qss","PK_2cmt_tmdd_qss","0","1008","3.647185","mg/L","100","mg","2","0"
"3","PK_2cmt_tmdd_qss","PK_2cmt_tmdd_qss","0","1176","2.562299","mg/L","100","mg","2","0"
"3","PK_2cmt_tmdd_qss","PK_2cmt_tmdd_qss","0","1512","1.317412","mg/L","100","mg","2","0"
"3","PK_2cmt_tmdd_qss","PK_2cmt_tmdd_qss","0","1539","1.480566","mg/L","100","mg","2","0"
"4","PK_2cmt_tmdd_qss","PK_2cmt_tmdd_qss","1","0",".","mg/L","100","mg","2","."
"4","PK_2cmt_tmdd_qss","PK_2cmt_tmdd_qss","0","0","0","mg/L","100","mg","2","0"
"4","PK_2cmt_tmdd_qss","PK_2cmt_tmdd_qss","0","4","1.092259","mg/L","100","mg","2","0"
"4","PK_2cmt_tmdd_qss","PK_2cmt_tmdd_qss","0","24","5.14727","mg/L","100","mg","2","0"
"4","PK_2cmt_tmdd_qss","PK_2cmt_tmdd_qss","0","72","7.707682","mg/L","100","mg","2","0"
"4","PK_2cmt_tmdd_qss","PK_2cmt_tmdd_qss","0","168","9.349665","mg/L","100","mg","2","0"
"4","PK_2cmt_tmdd_qss","PK_2cmt_tmdd_qss","0","336","4.69611","mg/L","100","mg","2","0"
"4","PK_2cmt_tmdd_qss","PK_2cmt_tmdd_qss","0","504","4.91595","mg/L","100","mg","2","0"
"4","PK_2cmt_tmdd_qss","PK_2cmt_tmdd_qss","0","672","4.854248","mg/L","100","mg","2","0"
"4","PK_2cmt_tmdd_qss","PK_2cmt_tmdd_qss","0","840","4.021506","mg/L","100","mg","2","0"
"4","PK_2cmt_tmdd_qss","PK_2cmt_tmdd_qss","0","1008","2.596986","mg/L","100","mg","2","0"
"4","PK_2cmt_tmdd_qss","PK_2cmt_tmdd_qss","0","1176","1.885809","mg/L","100","mg","2","0"
"4","PK_2cmt_tmdd_qss","PK_2cmt_tmdd_qss","0","1512","1.289431","mg/L","100","mg","2","0"
"4","PK_2cmt_tmdd_qss","PK_2cmt_tmdd_qss","0","1539","1.631923","mg/L","100","mg","2","0"
"5","PK_2cmt_tmdd_qss","PK_2cmt_tmdd_qss","1","0",".","mg/L","100","mg","2","."
"5","PK_2cmt_tmdd_qss","PK_2cmt_tmdd_qss","0","0","0","mg/L","100","mg","2","0"
"5","PK_2cmt_tmdd_qss","PK_2cmt_tmdd_qss","0","4","0.90847","mg/L","100","mg","2","0"
"5","PK_2cmt_tmdd_qss","PK_2cmt_tmdd_qss","0","24","4.595196","mg/L","100","mg","2","0"
"5","PK_2cmt_tmdd_qss","PK_2cmt_tmdd_qss","0","72","10.171567","mg/L","100","mg","2","0"
"5","PK_2cmt_tmdd_qss","PK_2cmt_tmdd_qss","0","168","12.071257","mg/L","100","mg","2","0"
"5","PK_2cmt_tmdd_qss","PK_2cmt_tmdd_qss","0","336","8.313373","mg/L","100","mg","2","0"
"5","PK_2cmt_tmdd_qss","PK_2cmt_tmdd_qss","0","504","5.003501","mg/L","100","mg","2","0"
"5","PK_2cmt_tmdd_qss","PK_2cmt_tmdd_qss","0","672","4.274382","mg/L","100","mg","2","0"
"5","PK_2cmt_tmdd_qss","PK_2cmt_tmdd_qss","0","840","3.074491","mg/L","100","mg","2","0"
"5","PK_2cmt_tmdd_qss","PK_2cmt_tmdd_qss","0","1008","2.617245","mg/L","100","mg","2","0"
"5","PK_2cmt_tmdd_qss","PK_2cmt_tmdd_qss","0","1176","2.291279","mg/L","100","mg","2","0"
"5","PK_2cmt_tmdd_qss","PK_2cmt_tmdd_qss","0","1512","1.390316","mg/L","100","mg","2","0"
"5","PK_2cmt_tmdd_qss","PK_2cmt_tmdd_qss","0","1539","1.423946","mg/L","100","mg","2","0"
"6","PK_2cmt_tmdd_qss","PK_2cmt_tmdd_qss","1","0",".","mg/L","100","mg","2","."
"6","PK_2cmt_tmdd_qss","PK_2cmt_tmdd_qss","0","0","0","mg/L","100","mg","2","0"
"6","PK_2cmt_tmdd_qss","PK_2cmt_tmdd_qss","0","4","1.521124","mg/L","100","mg","2","0"
"6","PK_2cmt_tmdd_qss","PK_2cmt_tmdd_qss","0","24","8.906068","mg/L","100","mg","2","0"
"6","PK_2cmt_tmdd_qss","PK_2cmt_tmdd_qss","0","72","11.079359","mg/L","100","mg","2","0"
"6","PK_2cmt_tmdd_qss","PK_2cmt_tmdd_qss","0","168","12.773863","mg/L","100","mg","2","0"
"6","PK_2cmt_tmdd_qss","PK_2cmt_tmdd_qss","0","336","6.623979","mg/L","100","mg","2","0"
"6","PK_2cmt_tmdd_qss","PK_2cmt_tmdd_qss","0","504","5.141551","mg/L","100","mg","2","0"
"6","PK_2cmt_tmdd_qss","PK_2cmt_tmdd_qss","0","672","3.551889","mg/L","100","mg","2","0"
"6","PK_2cmt_tmdd_qss","PK_2cmt_tmdd_qss","0","840","2.292953","mg/L","100","mg","2","0"
"6","PK_2cmt_tmdd_qss","PK_2cmt_tmdd_qss","0","1008","3.443941","mg/L","100","mg","2","0"
"6","PK_2cmt_tmdd_qss","PK_2cmt_tmdd_qss","0","1176","3.376901","mg/L","100","mg","2","0"
"6","PK_2cmt_tmdd_qss","PK_2cmt_tmdd_qss","0","1512","1.571428","mg/L","100","mg","2","0"
"6","PK_2cmt_tmdd_qss","PK_2cmt_tmdd_qss","0","1539","1.894337","mg/L","100","mg","2","0"
"7","PK_2cmt_tmdd_qss","PK_2cmt_tmdd_qss","1","0",".","mg/L","100","mg","2","."
"7","PK_2cmt_tmdd_qss","PK_2cmt_tmdd_qss","0","0","0","mg/L","100","mg","2","0"
"7","PK_2cmt_tmdd_qss","PK_2cmt_tmdd_qss","0","4","2.180559","mg/L","100","mg","2","0"
"7","PK_2cmt_tmdd_qss","PK_2cmt_tmdd_qss","0","24","9.834732","mg/L","100","mg","2","0"
"7","PK_2cmt_tmdd_qss","PK_2cmt_tmdd_qss","0","72","10.406628","mg/L","100","mg","2","0"
"7","PK_2cmt_tmdd_qss","PK_2cmt_tmdd_qss","0","168","10.612054","mg/L","100","mg","2","0"
"7","PK_2cmt_tmdd_qss","PK_2cmt_tmdd_qss","0","336","7.253402","mg/L","100","mg","2","0"
"7","PK_2cmt_tmdd_qss","PK_2cmt_tmdd_qss","0","504","4.223646","mg/L","100","mg","2","0"
"7","PK_2cmt_tmdd_qss","PK_2cmt_tmdd_qss","0","672","3.273202","mg/L","100","mg","2","0"
"7","PK_2cmt_tmdd_qss","PK_2cmt_tmdd_qss","0","840","3.087502","mg/L","100","mg","2","0"
"7","PK_2cmt_tmdd_qss","PK_2cmt_tmdd_qss","0","1008","2.59466","mg/L","100","mg","2","0"
"7","PK_2cmt_tmdd_qss","PK_2cmt_tmdd_qss","0","1176","1.649089","mg/L","100","mg","2","0"
"7","PK_2cmt_tmdd_qss","PK_2cmt_tmdd_qss","0","1512","0.957793","mg/L","100","mg","2","0"
"7","PK_2cmt_tmdd_qss","PK_2cmt_tmdd_qss","0","1539","0.886104","mg/L","100","mg","2","0"
"8","PK_2cmt_tmdd_qss","PK_2cmt_tmdd_qss","1","0",".","mg/L","100","mg","2","."
"8","PK_2cmt_tmdd_qss","PK_2cmt_tmdd_qss","0","0","0","mg/L","100","mg","2","0"
"8","PK_2cmt_tmdd_qss","PK_2cmt_tmdd_qss","0","4","0.95965","mg/L","100","mg","2","0"
"8","PK_2cmt_tmdd_qss","PK_2cmt_tmdd_qss","0","24","5.693439","mg/L","100","mg","2","0"
"8","PK_2cmt_tmdd_qss","PK_2cmt_tmdd_qss","0","72","8.65138","mg/L","100","mg","2","0"
"8","PK_2cmt_tmdd_qss","PK_2cmt_tmdd_qss","0","168","9.853463","mg/L","100","mg","2","0"
"8","PK_2cmt_tmdd_qss","PK_2cmt_tmdd_qss","0","336","6.539315","mg/L","100","mg","2","0"
"8","PK_2cmt_tmdd_qss","PK_2cmt_tmdd_qss","0","504","5.466449","mg/L","100","mg","2","0"
"8","PK_2cmt_tmdd_qss","PK_2cmt_tmdd_qss","0","672","2.782268","mg/L","100","mg","2","0"
"8","PK_2cmt_tmdd_qss","PK_2cmt_tmdd_qss","0","840","2.16546","mg/L","100","mg","2","0"
"8","PK_2cmt_tmdd_qss","PK_2cmt_tmdd_qss","0","1008","2.321103","mg/L","100","mg","2","0"
"8","PK_2cmt_tmdd_qss","PK_2cmt_tmdd_qss","0","1176","1.480755","mg/L","100","mg","2","0"
"8","PK_2cmt_tmdd_qss","PK_2cmt_tmdd_qss","0","1512","0.755401","mg/L","100","mg","2","0"
"8","PK_2cmt_tmdd_qss","PK_2cmt_tmdd_qss","0","1539","0.758257","mg/L","100","mg","2","0"
"9","PK_2cmt_tmdd_qss","PK_2cmt_tmdd_qss","1","0",".","mg/L","100","mg","2","."
"9","PK_2cmt_tmdd_qss","PK_2cmt_tmdd_qss","0","0","0","mg/L","100","mg","2","0"
"9","PK_2cmt_tmdd_qss","PK_2cmt_tmdd_qss","0","4","0.458049","mg/L","100","mg","2","0"
"9","PK_2cmt_tmdd_qss","PK_2cmt_tmdd_qss","0","24","2.686697","mg/L","100","mg","2","0"
"9","PK_2cmt_tmdd_qss","PK_2cmt_tmdd_qss","0","72","5.985375","mg/L","100","mg","2","0"
"9","PK_2cmt_tmdd_qss","PK_2cmt_tmdd_qss","0","168","6.701469","mg/L","100","mg","2","0"
"9","PK_2cmt_tmdd_qss","PK_2cmt_tmdd_qss","0","336","10.182856","mg/L","100","mg","2","0"
"9","PK_2cmt_tmdd_qss","PK_2cmt_tmdd_qss","0","504","8.276839","mg/L","100","mg","2","0"
"9","PK_2cmt_tmdd_qss","PK_2cmt_tmdd_qss","0","672","6.306719","mg/L","100","mg","2","0"
"9","PK_2cmt_tmdd_qss","PK_2cmt_tmdd_qss","0","840","6.678987","mg/L","100","mg","2","0"
"9","PK_2cmt_tmdd_qss","PK_2cmt_tmdd_qss","0","1008","4.333645","mg/L","100","mg","2","0"
"9","PK_2cmt_tmdd_qss","PK_2cmt_tmdd_qss","0","1176","6.245356","mg/L","100","mg","2","0"
"9","PK_2cmt_tmdd_qss","PK_2cmt_tmdd_qss","0","1512","5.023259","mg/L","100","mg","2","0"
"9","PK_2cmt_tmdd_qss","PK_2cmt_tmdd_qss","0","1539","3.393296","mg/L","100","mg","2","0"
"10","PK_2cmt_tmdd_qss","PK_2cmt_tmdd_qss","1","0",".","mg/L","100","mg","2","."
"10","PK_2cmt_tmdd_qss","PK_2cmt_tmdd_qss","0","0","0","mg/L","100","mg","2","0"
"10","PK_2cmt_tmdd_qss","PK_2cmt_tmdd_qss","0","4","0.4335","mg/L","100","mg","2","0"
"10","PK_2cmt_tmdd_qss","PK_2cmt_tmdd_qss","0","24","2.09087","mg/L","100","mg","2","0"
"10","PK_2cmt_tmdd_qss","PK_2cmt_tmdd_qss","0","72","5.476069","mg/L","100","mg","2","0"
"10","PK_2cmt_tmdd_qss","PK_2cmt_tmdd_qss","0","168","11.147567","mg/L","100","mg","2","0"
"10","PK_2cmt_tmdd_qss","PK_2cmt_tmdd_qss","0","336","6.503314","mg/L","100","mg","2","0"
"10","PK_2cmt_tmdd_qss","PK_2cmt_tmdd_qss","0","504","6.589578","mg/L","100","mg","2","0"
"10","PK_2cmt_tmdd_qss","PK_2cmt_tmdd_qss","0","672","6.51777","mg/L","100","mg","2","0"
"10","PK_2cmt_tmdd_qss","PK_2cmt_tmdd_qss","0","840","4.434783","mg/L","100","mg","2","0"
"10","PK_2cmt_tmdd_qss","PK_2cmt_tmdd_qss","0","1008","4.882153","mg/L","100","mg","2","0"
"10","PK_2cmt_tmdd_qss","PK_2cmt_tmdd_qss","0","1176","3.855817","mg/L","100","mg","2","0"
"10","PK_2cmt_tmdd_qss","PK_2cmt_tmdd_qss","0","1512","2.729038","mg/L","100","mg","2","0"
"10","PK_2cmt_tmdd_qss","PK_2cmt_tmdd_qss","0","1539","2.859556","mg/L","100","mg","2","0"
"1","Okada_2025_rocatinlimab","rocatinlimab","1","0",".","ug/mL","700","mg","2","."
"1","Okada_2025_rocatinlimab","rocatinlimab","0","0","0","ug/mL","700","mg","2","0"
"1","Okada_2025_rocatinlimab","rocatinlimab","0","1","3.462644","ug/mL","700","mg","2","0"
"1","Okada_2025_rocatinlimab","rocatinlimab","0","2","6.256871","ug/mL","700","mg","2","0"
"1","Okada_2025_rocatinlimab","rocatinlimab","0","4","9.653214","ug/mL","700","mg","2","0"
"1","Okada_2025_rocatinlimab","rocatinlimab","0","8","22.30991","ug/mL","700","mg","2","0"
"1","Okada_2025_rocatinlimab","rocatinlimab","0","24","51.163128","ug/mL","700","mg","2","0"
"1","Okada_2025_rocatinlimab","rocatinlimab","0","48","88.32466","ug/mL","700","mg","2","0"
"1","Okada_2025_rocatinlimab","rocatinlimab","0","72","97.3097","ug/mL","700","mg","2","0"
"1","Okada_2025_rocatinlimab","rocatinlimab","0","96","101.041819","ug/mL","700","mg","2","0"
"1","Okada_2025_rocatinlimab","rocatinlimab","0","120","90.096315","ug/mL","700","mg","2","0"
"1","Okada_2025_rocatinlimab","rocatinlimab","0","168","80.424542","ug/mL","700","mg","2","0"
"1","Okada_2025_rocatinlimab","rocatinlimab","0","336","57.381489","ug/mL","700","mg","2","0"
"1","Okada_2025_rocatinlimab","rocatinlimab","0","393","40.086527","ug/mL","700","mg","2","0"
"2","Okada_2025_rocatinlimab","rocatinlimab","1","0",".","ug/mL","700","mg","2","."
"2","Okada_2025_rocatinlimab","rocatinlimab","0","0","0","ug/mL","700","mg","2","0"
"2","Okada_2025_rocatinlimab","rocatinlimab","0","1","2.719683","ug/mL","700","mg","2","0"
"2","Okada_2025_rocatinlimab","rocatinlimab","0","2","5.224906","ug/mL","700","mg","2","0"
"2","Okada_2025_rocatinlimab","rocatinlimab","0","4","10.282217","ug/mL","700","mg","2","0"
"2","Okada_2025_rocatinlimab","rocatinlimab","0","8","21.071025","ug/mL","700","mg","2","0"
"2","Okada_2025_rocatinlimab","rocatinlimab","0","24","52.61402","ug/mL","700","mg","2","0"
"2","Okada_2025_rocatinlimab","rocatinlimab","0","48","72.229947","ug/mL","700","mg","2","0"
"2","Okada_2025_rocatinlimab","rocatinlimab","0","72","75.274271","ug/mL","700","mg","2","0"
"2","Okada_2025_rocatinlimab","rocatinlimab","0","96","59.072592","ug/mL","700","mg","2","0"
"2","Okada_2025_rocatinlimab","rocatinlimab","0","120","75.18723","ug/mL","700","mg","2","0"
"2","Okada_2025_rocatinlimab","rocatinlimab","0","168","71.014512","ug/mL","700","mg","2","0"
"2","Okada_2025_rocatinlimab","rocatinlimab","0","336","40.711733","ug/mL","700","mg","2","0"
"2","Okada_2025_rocatinlimab","rocatinlimab","0","393","43.572996","ug/mL","700","mg","2","0"
"3","Okada_2025_rocatinlimab","rocatinlimab","1","0",".","ug/mL","700","mg","2","."
"3","Okada_2025_rocatinlimab","rocatinlimab","0","0","0","ug/mL","700","mg","2","0"
"3","Okada_2025_rocatinlimab","rocatinlimab","0","1","4.323507","ug/mL","700","mg","2","0"
"3","Okada_2025_rocatinlimab","rocatinlimab","0","2","9.057724","ug/mL","700","mg","2","0"
"3","Okada_2025_rocatinlimab","rocatinlimab","0","4","15.02535","ug/mL","700","mg","2","0"
"3","Okada_2025_rocatinlimab","rocatinlimab","0","8","32.176655","ug/mL","700","mg","2","0"
"3","Okada_2025_rocatinlimab","rocatinlimab","0","24","52.640524","ug/mL","700","mg","2","0"
"3","Okada_2025_rocatinlimab","rocatinlimab","0","48","111.311349","ug/mL","700","mg","2","0"
"3","Okada_2025_rocatinlimab","rocatinlimab","0","72","122.335252","ug/mL","700","mg","2","0"
"3","Okada_2025_rocatinlimab","rocatinlimab","0","96","78.261226","ug/mL","700","mg","2","0"
"3","Okada_2025_rocatinlimab","rocatinlimab","0","120","69.140021","ug/mL","700","mg","2","0"
"3","Okada_2025_rocatinlimab","rocatinlimab","0","168","62.188577","ug/mL","700","mg","2","0"
"3","Okada_2025_rocatinlimab","rocatinlimab","0","336","61.512879","ug/mL","700","mg","2","0"
"3","Okada_2025_rocatinlimab","rocatinlimab","0","393","69.857674","ug/mL","700","mg","2","0"
"4","Okada_2025_rocatinlimab","rocatinlimab","1","0",".","ug/mL","700","mg","2","."
"4","Okada_2025_rocatinlimab","rocatinlimab","0","0","0","ug/mL","700","mg","2","0"
"4","Okada_2025_rocatinlimab","rocatinlimab","0","1","0.877648","ug/mL","700","mg","2","0"
"4","Okada_2025_rocatinlimab","rocatinlimab","0","2","2.446612","ug/mL","700","mg","2","0"
"4","Okada_2025_rocatinlimab","rocatinlimab","0","4","5.054248","ug/mL","700","mg","2","0"
"4","Okada_2025_rocatinlimab","rocatinlimab","0","8","8.697972","ug/mL","700","mg","2","0"
"4","Okada_2025_rocatinlimab","rocatinlimab","0","24","25.511731","ug/mL","700","mg","2","0"
"4","Okada_2025_rocatinlimab","rocatinlimab","0","48","32.642344","ug/mL","700","mg","2","0"
"4","Okada_2025_rocatinlimab","rocatinlimab","0","72","36.038778","ug/mL","700","mg","2","0"
"4","Okada_2025_rocatinlimab","rocatinlimab","0","96","35.51437","ug/mL","700","mg","2","0"
"4","Okada_2025_rocatinlimab","rocatinlimab","0","120","49.455672","ug/mL","700","mg","2","0"
"4","Okada_2025_rocatinlimab","rocatinlimab","0","168","62.420231","ug/mL","700","mg","2","0"
"4","Okada_2025_rocatinlimab","rocatinlimab","0","336","48.121582","ug/mL","700","mg","2","0"
"4","Okada_2025_rocatinlimab","rocatinlimab","0","393","37.507105","ug/mL","700","mg","2","0"
"5","Okada_2025_rocatinlimab","rocatinlimab","1","0",".","ug/mL","700","mg","2","."
"5","Okada_2025_rocatinlimab","rocatinlimab","0","0","0","ug/mL","700","mg","2","0"
"5","Okada_2025_rocatinlimab","rocatinlimab","0","1","0.960837","ug/mL","700","mg","2","0"
"5","Okada_2025_rocatinlimab","rocatinlimab","0","2","1.878391","ug/mL","700","mg","2","0"
"5","Okada_2025_rocatinlimab","rocatinlimab","0","4","3.027981","ug/mL","700","mg","2","0"
"5","Okada_2025_rocatinlimab","rocatinlimab","0","8","6.718669","ug/mL","700","mg","2","0"
"5","Okada_2025_rocatinlimab","rocatinlimab","0","24","17.507498","ug/mL","700","mg","2","0"
"5","Okada_2025_rocatinlimab","rocatinlimab","0","48","30.909882","ug/mL","700","mg","2","0"
"5","Okada_2025_rocatinlimab","rocatinlimab","0","72","31.061959","ug/mL","700","mg","2","0"
"5","Okada_2025_rocatinlimab","rocatinlimab","0","96","44.315192","ug/mL","700","mg","2","0"
"5","Okada_2025_rocatinlimab","rocatinlimab","0","120","31.134005","ug/mL","700","mg","2","0"
"5","Okada_2025_rocatinlimab","rocatinlimab","0","168","57.439851","ug/mL","700","mg","2","0"
"5","Okada_2025_rocatinlimab","rocatinlimab","0","336","48.373517","ug/mL","700","mg","2","0"
"5","Okada_2025_rocatinlimab","rocatinlimab","0","393","39.764594","ug/mL","700","mg","2","0"
"6","Okada_2025_rocatinlimab","rocatinlimab","1","0",".","ug/mL","700","mg","2","."
"6","Okada_2025_rocatinlimab","rocatinlimab","0","0","0","ug/mL","700","mg","2","0"
"6","Okada_2025_rocatinlimab","rocatinlimab","0","1","1.84864","ug/mL","700","mg","2","0"
"6","Okada_2025_rocatinlimab","rocatinlimab","0","2","4.202927","ug/mL","700","mg","2","0"
"6","Okada_2025_rocatinlimab","rocatinlimab","0","4","7.884425","ug/mL","700","mg","2","0"
"6","Okada_2025_rocatinlimab","rocatinlimab","0","8","16.901243","ug/mL","700","mg","2","0"
"6","Okada_2025_rocatinlimab","rocatinlimab","0","24","44.408197","ug/mL","700","mg","2","0"
"6","Okada_2025_rocatinlimab","rocatinlimab","0","48","65.818769","ug/mL","700","mg","2","0"
"6","Okada_2025_rocatinlimab","rocatinlimab","0","72","66.422621","ug/mL","700","mg","2","0"
"6","Okada_2025_rocatinlimab","rocatinlimab","0","96","104.740048","ug/mL","700","mg","2","0"
"6","Okada_2025_rocatinlimab","rocatinlimab","0","120","88.365509","ug/mL","700","mg","2","0"
"6","Okada_2025_rocatinlimab","rocatinlimab","0","168","79.555486","ug/mL","700","mg","2","0"
"6","Okada_2025_rocatinlimab","rocatinlimab","0","336","64.47057","ug/mL","700","mg","2","0"
"6","Okada_2025_rocatinlimab","rocatinlimab","0","393","64.695982","ug/mL","700","mg","2","0"
"7","Okada_2025_rocatinlimab","rocatinlimab","1","0",".","ug/mL","700","mg","2","."
"7","Okada_2025_rocatinlimab","rocatinlimab","0","0","0","ug/mL","700","mg","2","0"
"7","Okada_2025_rocatinlimab","rocatinlimab","0","1","2.844183","ug/mL","700","mg","2","0"
"7","Okada_2025_rocatinlimab","rocatinlimab","0","2","6.57202","ug/mL","700","mg","2","0"
"7","Okada_2025_rocatinlimab","rocatinlimab","0","4","16.437","ug/mL","700","mg","2","0"
"7","Okada_2025_rocatinlimab","rocatinlimab","0","8","31.542387","ug/mL","700","mg","2","0"
"7","Okada_2025_rocatinlimab","rocatinlimab","0","24","45.934276","ug/mL","700","mg","2","0"
"7","Okada_2025_rocatinlimab","rocatinlimab","0","48","83.234469","ug/mL","700","mg","2","0"
"7","Okada_2025_rocatinlimab","rocatinlimab","0","72","107.993127","ug/mL","700","mg","2","0"
"7","Okada_2025_rocatinlimab","rocatinlimab","0","96","86.473189","ug/mL","700","mg","2","0"
"7","Okada_2025_rocatinlimab","rocatinlimab","0","120","52.207553","ug/mL","700","mg","2","0"
"7","Okada_2025_rocatinlimab","rocatinlimab","0","168","68.308114","ug/mL","700","mg","2","0"
"7","Okada_2025_rocatinlimab","rocatinlimab","0","336","39.815116","ug/mL","700","mg","2","0"
"7","Okada_2025_rocatinlimab","rocatinlimab","0","393","48.855605","ug/mL","700","mg","2","0"
"8","Okada_2025_rocatinlimab","rocatinlimab","1","0",".","ug/mL","700","mg","2","."
"8","Okada_2025_rocatinlimab","rocatinlimab","0","0","0","ug/mL","700","mg","2","0"
"8","Okada_2025_rocatinlimab","rocatinlimab","0","1","2.430096","ug/mL","700","mg","2","0"
"8","Okada_2025_rocatinlimab","rocatinlimab","0","2","3.58706","ug/mL","700","mg","2","0"
"8","Okada_2025_rocatinlimab","rocatinlimab","0","4","8.949097","ug/mL","700","mg","2","0"
"8","Okada_2025_rocatinlimab","rocatinlimab","0","8","18.262951","ug/mL","700","mg","2","0"
"8","Okada_2025_rocatinlimab","rocatinlimab","0","24","31.412877","ug/mL","700","mg","2","0"
"8","Okada_2025_rocatinlimab","rocatinlimab","0","48","54.979128","ug/mL","700","mg","2","0"
"8","Okada_2025_rocatinlimab","rocatinlimab","0","72","84.553716","ug/mL","700","mg","2","0"
"8","Okada_2025_rocatinlimab","rocatinlimab","0","96","81.50692","ug/mL","700","mg","2","0"
"8","Okada_2025_rocatinlimab","rocatinlimab","0","120","110.282118","ug/mL","700","mg","2","0"
"8","Okada_2025_rocatinlimab","rocatinlimab","0","168","111.585666","ug/mL","700","mg","2","0"
"8","Okada_2025_rocatinlimab","rocatinlimab","0","336","71.634804","ug/mL","700","mg","2","0"
"8","Okada_2025_rocatinlimab","rocatinlimab","0","393","60.897109","ug/mL","700","mg","2","0"
"9","Okada_2025_rocatinlimab","rocatinlimab","1","0",".","ug/mL","700","mg","2","."
"9","Okada_2025_rocatinlimab","rocatinlimab","0","0","0","ug/mL","700","mg","2","0"
"9","Okada_2025_rocatinlimab","rocatinlimab","0","1","1.628668","ug/mL","700","mg","2","0"
"9","Okada_2025_rocatinlimab","rocatinlimab","0","2","3.865138","ug/mL","700","mg","2","0"
"9","Okada_2025_rocatinlimab","rocatinlimab","0","4","7.831084","ug/mL","700","mg","2","0"
"9","Okada_2025_rocatinlimab","rocatinlimab","0","8","10.608761","ug/mL","700","mg","2","0"
"9","Okada_2025_rocatinlimab","rocatinlimab","0","24","39.483057","ug/mL","700","mg","2","0"
"9","Okada_2025_rocatinlimab","rocatinlimab","0","48","41.295936","ug/mL","700","mg","2","0"
"9","Okada_2025_rocatinlimab","rocatinlimab","0","72","53.361941","ug/mL","700","mg","2","0"
"9","Okada_2025_rocatinlimab","rocatinlimab","0","96","58.470584","ug/mL","700","mg","2","0"
"9","Okada_2025_rocatinlimab","rocatinlimab","0","120","50.017324","ug/mL","700","mg","2","0"
"9","Okada_2025_rocatinlimab","rocatinlimab","0","168","66.491985","ug/mL","700","mg","2","0"
"9","Okada_2025_rocatinlimab","rocatinlimab","0","336","45.005925","ug/mL","700","mg","2","0"
"9","Okada_2025_rocatinlimab","rocatinlimab","0","393","46.681339","ug/mL","700","mg","2","0"
"10","Okada_2025_rocatinlimab","rocatinlimab","1","0",".","ug/mL","700","mg","2","."
"10","Okada_2025_rocatinlimab","rocatinlimab","0","0","0","ug/mL","700","mg","2","0"
"10","Okada_2025_rocatinlimab","rocatinlimab","0","1","3.430034","ug/mL","700","mg","2","0"
"10","Okada_2025_rocatinlimab","rocatinlimab","0","2","8.302041","ug/mL","700","mg","2","0"
"10","Okada_2025_rocatinlimab","rocatinlimab","0","4","14.675819","ug/mL","700","mg","2","0"
"10","Okada_2025_rocatinlimab","rocatinlimab","0","8","24.795403","ug/mL","700","mg","2","0"
"10","Okada_2025_rocatinlimab","rocatinlimab","0","24","65.168102","ug/mL","700","mg","2","0"
"10","Okada_2025_rocatinlimab","rocatinlimab","0","48","88.957227","ug/mL","700","mg","2","0"
"10","Okada_2025_rocatinlimab","rocatinlimab","0","72","99.3694","ug/mL","700","mg","2","0"
"10","Okada_2025_rocatinlimab","rocatinlimab","0","96","97.002799","ug/mL","700","mg","2","0"
"10","Okada_2025_rocatinlimab","rocatinlimab","0","120","85.596474","ug/mL","700","mg","2","0"
"10","Okada_2025_rocatinlimab","rocatinlimab","0","168","87.481312","ug/mL","700","mg","2","0"
"10","Okada_2025_rocatinlimab","rocatinlimab","0","336","57.439391","ug/mL","700","mg","2","0"
"10","Okada_2025_rocatinlimab","rocatinlimab","0","393","43.596456","ug/mL","700","mg","2","0"
"1","Hennig_2013_tobra","tobra","1","0",".","mg/L","100","mg","1","."
"1","Hennig_2013_tobra","tobra","0","0","5.967055","mg/L","100","mg","1","0"
"1","Hennig_2013_tobra","tobra","0","0.25","5.256585","mg/L","100","mg","1","0"
"1","Hennig_2013_tobra","tobra","0","0.5","4.559816","mg/L","100","mg","1","0"
"1","Hennig_2013_tobra","tobra","0","1","7.178","mg/L","100","mg","1","0"
"1","Hennig_2013_tobra","tobra","0","2","4.554496","mg/L","100","mg","1","0"
"1","Hennig_2013_tobra","tobra","0","4","2.33446","mg/L","100","mg","1","0"
"1","Hennig_2013_tobra","tobra","0","6","1.43057","mg/L","100","mg","1","0"
"1","Hennig_2013_tobra","tobra","0","8","0.70703","mg/L","100","mg","1","0"
"1","Hennig_2013_tobra","tobra","0","12","0.38827","mg/L","100","mg","1","0"
"1","Hennig_2013_tobra","tobra","0","24","0.054972","mg/L","100","mg","1","0"
"1","Hennig_2013_tobra","tobra","0","31","0.053006","mg/L","100","mg","1","0"
"2","Hennig_2013_tobra","tobra","1","0",".","mg/L","100","mg","1","."
"2","Hennig_2013_tobra","tobra","0","0","4.930867","mg/L","100","mg","1","0"
"2","Hennig_2013_tobra","tobra","0","0.25","5.867024","mg/L","100","mg","1","0"
"2","Hennig_2013_tobra","tobra","0","0.5","5.183524","mg/L","100","mg","1","0"
"2","Hennig_2013_tobra","tobra","0","1","4.518136","mg/L","100","mg","1","0"
"2","Hennig_2013_tobra","tobra","0","2","0.984548","mg/L","100","mg","1","0"
"2","Hennig_2013_tobra","tobra","0","4","2.417217","mg/L","100","mg","1","0"
"2","Hennig_2013_tobra","tobra","0","6","1.013774","mg/L","100","mg","1","0"
"2","Hennig_2013_tobra","tobra","0","8","0.441428","mg/L","100","mg","1","0"
"2","Hennig_2013_tobra","tobra","0","12","0.308423","mg/L","100","mg","1","0"
"2","Hennig_2013_tobra","tobra","0","24","0.029636","mg/L","100","mg","1","0"
"2","Hennig_2013_tobra","tobra","0","31","0.008088","mg/L","100","mg","1","0"
"3","Hennig_2013_tobra","tobra","1","0",".","mg/L","100","mg","1","."
"3","Hennig_2013_tobra","tobra","0","0","3.921537","mg/L","100","mg","1","0"
"3","Hennig_2013_tobra","tobra","0","0.25","2.104755","mg/L","100","mg","1","0"
"3","Hennig_2013_tobra","tobra","0","0.5","5.067033","mg/L","100","mg","1","0"
"3","Hennig_2013_tobra","tobra","0","1","2.630978","mg/L","100","mg","1","0"
"3","Hennig_2013_tobra","tobra","0","2","2.710494","mg/L","100","mg","1","0"
"3","Hennig_2013_tobra","tobra","0","4","1.38127","mg/L","100","mg","1","0"
"3","Hennig_2013_tobra","tobra","0","6","1.290218","mg/L","100","mg","1","0"
"3","Hennig_2013_tobra","tobra","0","8","0.485933","mg/L","100","mg","1","0"
"3","Hennig_2013_tobra","tobra","0","12","0.468189","mg/L","100","mg","1","0"
"3","Hennig_2013_tobra","tobra","0","24","0.068766","mg/L","100","mg","1","0"
"3","Hennig_2013_tobra","tobra","0","31","0.017253","mg/L","100","mg","1","0"
"4","Hennig_2013_tobra","tobra","1","0",".","mg/L","100","mg","1","."
"4","Hennig_2013_tobra","tobra","0","0","8.398752","mg/L","100","mg","1","0"
"4","Hennig_2013_tobra","tobra","0","0.25","4.820102","mg/L","100","mg","1","0"
"4","Hennig_2013_tobra","tobra","0","0.5","3.693449","mg/L","100","mg","1","0"
"4","Hennig_2013_tobra","tobra","0","1","4.713909","mg/L","100","mg","1","0"
"4","Hennig_2013_tobra","tobra","0","2","4.152494","mg/L","100","mg","1","0"
"4","Hennig_2013_tobra","tobra","0","4","1.519595","mg/L","100","mg","1","0"
"4","Hennig_2013_tobra","tobra","0","6","1.613713","mg/L","100","mg","1","0"
"4","Hennig_2013_tobra","tobra","0","8","0.869542","mg/L","100","mg","1","0"
"4","Hennig_2013_tobra","tobra","0","12","0.316214","mg/L","100","mg","1","0"
"4","Hennig_2013_tobra","tobra","0","24","0.08154","mg/L","100","mg","1","0"
"4","Hennig_2013_tobra","tobra","0","31","0.030986","mg/L","100","mg","1","0"
"5","Hennig_2013_tobra","tobra","1","0",".","mg/L","100","mg","1","."
"5","Hennig_2013_tobra","tobra","0","0","4.133925","mg/L","100","mg","1","0"
"5","Hennig_2013_tobra","tobra","0","0.25","5.137279","mg/L","100","mg","1","0"
"5","Hennig_2013_tobra","tobra","0","0.5","3.128486","mg/L","100","mg","1","0"
"5","Hennig_2013_tobra","tobra","0","1","2.824085","mg/L","100","mg","1","0"
"5","Hennig_2013_tobra","tobra","0","2","2.613801","mg/L","100","mg","1","0"
"5","Hennig_2013_tobra","tobra","0","4","1.305728","mg/L","100","mg","1","0"
"5","Hennig_2013_tobra","tobra","0","6","0.719562","mg/L","100","mg","1","0"
"5","Hennig_2013_tobra","tobra","0","8","0.363839","mg/L","100","mg","1","0"
"5","Hennig_2013_tobra","tobra","0","12","0.153315","mg/L","100","mg","1","0"
"5","Hennig_2013_tobra","tobra","0","24","0.035632","mg/L","100","mg","1","0"
"5","Hennig_2013_tobra","tobra","0","31","0.024646","mg/L","100","mg","1","0"
"6","Hennig_2013_tobra","tobra","1","0",".","mg/L","100","mg","1","."
"6","Hennig_2013_tobra","tobra","0","0","3.585978","mg/L","100","mg","1","0"
"6","Hennig_2013_tobra","tobra","0","0.25","3.721734","mg/L","100","mg","1","0"
"6","Hennig_2013_tobra","tobra","0","0.5","4.426776","mg/L","100","mg","1","0"
"6","Hennig_2013_tobra","tobra","0","1","3.426343","mg/L","100","mg","1","0"
"6","Hennig_2013_tobra","tobra","0","2","1.921243","mg/L","100","mg","1","0"
"6","Hennig_2013_tobra","tobra","0","4","1.13945","mg/L","100","mg","1","0"
"6","Hennig_2013_tobra","tobra","0","6","0.870932","mg/L","100","mg","1","0"
"6","Hennig_2013_tobra","tobra","0","8","0.572172","mg/L","100","mg","1","0"
"6","Hennig_2013_tobra","tobra","0","12","0.303052","mg/L","100","mg","1","0"
"6","Hennig_2013_tobra","tobra","0","24","0.079021","mg/L","100","mg","1","0"
"6","Hennig_2013_tobra","tobra","0","31","0.032106","mg/L","100","mg","1","0"
"7","Hennig_2013_tobra","tobra","1","0",".","mg/L","100","mg","1","."
"7","Hennig_2013_tobra","tobra","0","0","6.297941","mg/L","100","mg","1","0"
"7","Hennig_2013_tobra","tobra","0","0.25","5.303579","mg/L","100","mg","1","0"
"7","Hennig_2013_tobra","tobra","0","0.5","4.983956","mg/L","100","mg","1","0"
"7","Hennig_2013_tobra","tobra","0","1","3.068584","mg/L","100","mg","1","0"
"7","Hennig_2013_tobra","tobra","0","2","2.981282","mg/L","100","mg","1","0"
"7","Hennig_2013_tobra","tobra","0","4","1.387795","mg/L","100","mg","1","0"
"7","Hennig_2013_tobra","tobra","0","6","0.777728","mg/L","100","mg","1","0"
"7","Hennig_2013_tobra","tobra","0","8","0.323735","mg/L","100","mg","1","0"
"7","Hennig_2013_tobra","tobra","0","12","0.159574","mg/L","100","mg","1","0"
"7","Hennig_2013_tobra","tobra","0","24","0.035357","mg/L","100","mg","1","0"
"7","Hennig_2013_tobra","tobra","0","31","0.01454","mg/L","100","mg","1","0"
"8","Hennig_2013_tobra","tobra","1","0",".","mg/L","100","mg","1","."
"8","Hennig_2013_tobra","tobra","0","0","5.970423","mg/L","100","mg","1","0"
"8","Hennig_2013_tobra","tobra","0","0.25","4.718193","mg/L","100","mg","1","0"
"8","Hennig_2013_tobra","tobra","0","0.5","4.453857","mg/L","100","mg","1","0"
"8","Hennig_2013_tobra","tobra","0","1","4.295594","mg/L","100","mg","1","0"
"8","Hennig_2013_tobra","tobra","0","2","2.676739","mg/L","100","mg","1","0"
"8","Hennig_2013_tobra","tobra","0","4","1.766823","mg/L","100","mg","1","0"
"8","Hennig_2013_tobra","tobra","0","6","1.079965","mg/L","100","mg","1","0"
"8","Hennig_2013_tobra","tobra","0","8","0.589649","mg/L","100","mg","1","0"
"8","Hennig_2013_tobra","tobra","0","12","0.231174","mg/L","100","mg","1","0"
"8","Hennig_2013_tobra","tobra","0","24","0.031519","mg/L","100","mg","1","0"
"8","Hennig_2013_tobra","tobra","0","31","0.019951","mg/L","100","mg","1","0"
"9","Hennig_2013_tobra","tobra","1","0",".","mg/L","100","mg","1","."
"9","Hennig_2013_tobra","tobra","0","0","3.675113","mg/L","100","mg","1","0"
"9","Hennig_2013_tobra","tobra","0","0.25","5.333889","mg/L","100","mg","1","0"
"9","Hennig_2013_tobra","tobra","0","0.5","4.125099","mg/L","100","mg","1","0"
"9","Hennig_2013_tobra","tobra","0","1","4.068279","mg/L","100","mg","1","0"
"9","Hennig_2013_tobra","tobra","0","2","2.533874","mg/L","100","mg","1","0"
"9","Hennig_2013_tobra","tobra","0","4","0.756007","mg/L","100","mg","1","0"
"9","Hennig_2013_tobra","tobra","0","6","0.43759","mg/L","100","mg","1","0"
"9","Hennig_2013_tobra","tobra","0","8","0.187454","mg/L","100","mg","1","0"
"9","Hennig_2013_tobra","tobra","0","12","0.142124","mg/L","100","mg","1","0"
"9","Hennig_2013_tobra","tobra","0","24","0.022365","mg/L","100","mg","1","0"
"9","Hennig_2013_tobra","tobra","0","31","0.010296","mg/L","100","mg","1","0"
"10","Hennig_2013_tobra","tobra","1","0",".","mg/L","100","mg","1","."
"10","Hennig_2013_tobra","tobra","0","0","6.226829","mg/L","100","mg","1","0"
"10","Hennig_2013_tobra","tobra","0","0.25","3.832403","mg/L","100","mg","1","0"
"10","Hennig_2013_tobra","tobra","0","0.5","5.267173","mg/L","100","mg","1","0"
"10","Hennig_2013_tobra","tobra","0","1","5.372359","mg/L","100","mg","1","0"
"10","Hennig_2013_tobra","tobra","0","2","2.913227","mg/L","100","mg","1","0"
"10","Hennig_2013_tobra","tobra","0","4","1.518384","mg/L","100","mg","1","0"
"10","Hennig_2013_tobra","tobra","0","6","1.009515","mg/L","100","mg","1","0"
"10","Hennig_2013_tobra","tobra","0","8","0.682017","mg/L","100","mg","1","0"
"10","Hennig_2013_tobra","tobra","0","12","0.243516","mg/L","100","mg","1","0"
"10","Hennig_2013_tobra","tobra","0","24","0.034143","mg/L","100","mg","1","0"
"10","Hennig_2013_tobra","tobra","0","31","0.009854","mg/L","100","mg","1","0"
"1","Huynh_2026_VRC07523LS","VRC07523LS","1","0",".","ug/mL","2800","mg","2","."
"1","Huynh_2026_VRC07523LS","VRC07523LS","0","0","0","ug/mL","2800","mg","2","0"
"1","Huynh_2026_VRC07523LS","VRC07523LS","0","4","18.084024","ug/mL","2800","mg","2","0"
"1","Huynh_2026_VRC07523LS","VRC07523LS","0","24","106.194874","ug/mL","2800","mg","2","0"
"1","Huynh_2026_VRC07523LS","VRC07523LS","0","72","206.073661","ug/mL","2800","mg","2","0"
"1","Huynh_2026_VRC07523LS","VRC07523LS","0","168","208.46112","ug/mL","2800","mg","2","0"
"1","Huynh_2026_VRC07523LS","VRC07523LS","0","336","177.823947","ug/mL","2800","mg","2","0"
"1","Huynh_2026_VRC07523LS","VRC07523LS","0","504","204.62683","ug/mL","2800","mg","2","0"
"1","Huynh_2026_VRC07523LS","VRC07523LS","0","672","88.912592","ug/mL","2800","mg","2","0"
"1","Huynh_2026_VRC07523LS","VRC07523LS","0","840","52.177614","ug/mL","2800","mg","2","0"
"1","Huynh_2026_VRC07523LS","VRC07523LS","0","1008","69.873486","ug/mL","2800","mg","2","0"
"1","Huynh_2026_VRC07523LS","VRC07523LS","0","1176","68.821912","ug/mL","2800","mg","2","0"
"1","Huynh_2026_VRC07523LS","VRC07523LS","0","1512","30.648596","ug/mL","2800","mg","2","0"
"1","Huynh_2026_VRC07523LS","VRC07523LS","0","2016","24.400565","ug/mL","2800","mg","2","0"
"1","Huynh_2026_VRC07523LS","VRC07523LS","0","2520","21.263087","ug/mL","2800","mg","2","0"
"2","Huynh_2026_VRC07523LS","VRC07523LS","1","0",".","ug/mL","2800","mg","2","."
"2","Huynh_2026_VRC07523LS","VRC07523LS","0","0","0","ug/mL","2800","mg","2","0"
"2","Huynh_2026_VRC07523LS","VRC07523LS","0","4","23.635451","ug/mL","2800","mg","2","0"
"2","Huynh_2026_VRC07523LS","VRC07523LS","0","24","151.799592","ug/mL","2800","mg","2","0"
"2","Huynh_2026_VRC07523LS","VRC07523LS","0","72","241.926164","ug/mL","2800","mg","2","0"
"2","Huynh_2026_VRC07523LS","VRC07523LS","0","168","165.856953","ug/mL","2800","mg","2","0"
"2","Huynh_2026_VRC07523LS","VRC07523LS","0","336","185.082179","ug/mL","2800","mg","2","0"
"2","Huynh_2026_VRC07523LS","VRC07523LS","0","504","147.140744","ug/mL","2800","mg","2","0"
"2","Huynh_2026_VRC07523LS","VRC07523LS","0","672","105.610861","ug/mL","2800","mg","2","0"
"2","Huynh_2026_VRC07523LS","VRC07523LS","0","840","100.345106","ug/mL","2800","mg","2","0"
"2","Huynh_2026_VRC07523LS","VRC07523LS","0","1008","101.511921","ug/mL","2800","mg","2","0"
"2","Huynh_2026_VRC07523LS","VRC07523LS","0","1176","87.693951","ug/mL","2800","mg","2","0"
"2","Huynh_2026_VRC07523LS","VRC07523LS","0","1512","76.269465","ug/mL","2800","mg","2","0"
"2","Huynh_2026_VRC07523LS","VRC07523LS","0","2016","92.195383","ug/mL","2800","mg","2","0"
"2","Huynh_2026_VRC07523LS","VRC07523LS","0","2520","24.49549","ug/mL","2800","mg","2","0"
"3","Huynh_2026_VRC07523LS","VRC07523LS","1","0",".","ug/mL","2800","mg","2","."
"3","Huynh_2026_VRC07523LS","VRC07523LS","0","0","0","ug/mL","2800","mg","2","0"
"3","Huynh_2026_VRC07523LS","VRC07523LS","0","4","15.024952","ug/mL","2800","mg","2","0"
"3","Huynh_2026_VRC07523LS","VRC07523LS","0","24","109.14928","ug/mL","2800","mg","2","0"
"3","Huynh_2026_VRC07523LS","VRC07523LS","0","72","243.695143","ug/mL","2800","mg","2","0"
"3","Huynh_2026_VRC07523LS","VRC07523LS","0","168","213.471981","ug/mL","2800","mg","2","0"
"3","Huynh_2026_VRC07523LS","VRC07523LS","0","336","130.335879","ug/mL","2800","mg","2","0"
"3","Huynh_2026_VRC07523LS","VRC07523LS","0","504","76.289009","ug/mL","2800","mg","2","0"
"3","Huynh_2026_VRC07523LS","VRC07523LS","0","672","88.646343","ug/mL","2800","mg","2","0"
"3","Huynh_2026_VRC07523LS","VRC07523LS","0","840","78.32374","ug/mL","2800","mg","2","0"
"3","Huynh_2026_VRC07523LS","VRC07523LS","0","1008","87.906985","ug/mL","2800","mg","2","0"
"3","Huynh_2026_VRC07523LS","VRC07523LS","0","1176","103.388399","ug/mL","2800","mg","2","0"
"3","Huynh_2026_VRC07523LS","VRC07523LS","0","1512","60.713718","ug/mL","2800","mg","2","0"
"3","Huynh_2026_VRC07523LS","VRC07523LS","0","2016","41.801302","ug/mL","2800","mg","2","0"
"3","Huynh_2026_VRC07523LS","VRC07523LS","0","2520","45.259013","ug/mL","2800","mg","2","0"
"4","Huynh_2026_VRC07523LS","VRC07523LS","1","0",".","ug/mL","2800","mg","2","."
"4","Huynh_2026_VRC07523LS","VRC07523LS","0","0","0","ug/mL","2800","mg","2","0"
"4","Huynh_2026_VRC07523LS","VRC07523LS","0","4","33.592306","ug/mL","2800","mg","2","0"
"4","Huynh_2026_VRC07523LS","VRC07523LS","0","24","106.616471","ug/mL","2800","mg","2","0"
"4","Huynh_2026_VRC07523LS","VRC07523LS","0","72","182.136636","ug/mL","2800","mg","2","0"
"4","Huynh_2026_VRC07523LS","VRC07523LS","0","168","262.7965","ug/mL","2800","mg","2","0"
"4","Huynh_2026_VRC07523LS","VRC07523LS","0","336","159.75853","ug/mL","2800","mg","2","0"
"4","Huynh_2026_VRC07523LS","VRC07523LS","0","504","177.614449","ug/mL","2800","mg","2","0"
"4","Huynh_2026_VRC07523LS","VRC07523LS","0","672","162.479738","ug/mL","2800","mg","2","0"
"4","Huynh_2026_VRC07523LS","VRC07523LS","0","840","126.990039","ug/mL","2800","mg","2","0"
"4","Huynh_2026_VRC07523LS","VRC07523LS","0","1008","137.853947","ug/mL","2800","mg","2","0"
"4","Huynh_2026_VRC07523LS","VRC07523LS","0","1176","77.844314","ug/mL","2800","mg","2","0"
"4","Huynh_2026_VRC07523LS","VRC07523LS","0","1512","79.879632","ug/mL","2800","mg","2","0"
"4","Huynh_2026_VRC07523LS","VRC07523LS","0","2016","44.580468","ug/mL","2800","mg","2","0"
"4","Huynh_2026_VRC07523LS","VRC07523LS","0","2520","34.353701","ug/mL","2800","mg","2","0"
"5","Huynh_2026_VRC07523LS","VRC07523LS","1","0",".","ug/mL","2800","mg","2","."
"5","Huynh_2026_VRC07523LS","VRC07523LS","0","0","0","ug/mL","2800","mg","2","0"
"5","Huynh_2026_VRC07523LS","VRC07523LS","0","4","12.00672","ug/mL","2800","mg","2","0"
"5","Huynh_2026_VRC07523LS","VRC07523LS","0","24","87.525095","ug/mL","2800","mg","2","0"
"5","Huynh_2026_VRC07523LS","VRC07523LS","0","72","228.678275","ug/mL","2800","mg","2","0"
"5","Huynh_2026_VRC07523LS","VRC07523LS","0","168","132.651254","ug/mL","2800","mg","2","0"
"5","Huynh_2026_VRC07523LS","VRC07523LS","0","336","126.995579","ug/mL","2800","mg","2","0"
"5","Huynh_2026_VRC07523LS","VRC07523LS","0","504","94.599929","ug/mL","2800","mg","2","0"
"5","Huynh_2026_VRC07523LS","VRC07523LS","0","672","113.518494","ug/mL","2800","mg","2","0"
"5","Huynh_2026_VRC07523LS","VRC07523LS","0","840","65.98782","ug/mL","2800","mg","2","0"
"5","Huynh_2026_VRC07523LS","VRC07523LS","0","1008","62.700358","ug/mL","2800","mg","2","0"
"5","Huynh_2026_VRC07523LS","VRC07523LS","0","1176","56.226695","ug/mL","2800","mg","2","0"
"5","Huynh_2026_VRC07523LS","VRC07523LS","0","1512","53.445729","ug/mL","2800","mg","2","0"
"5","Huynh_2026_VRC07523LS","VRC07523LS","0","2016","58.279129","ug/mL","2800","mg","2","0"
"5","Huynh_2026_VRC07523LS","VRC07523LS","0","2520","41.635539","ug/mL","2800","mg","2","0"
"6","Huynh_2026_VRC07523LS","VRC07523LS","1","0",".","ug/mL","2800","mg","2","."
"6","Huynh_2026_VRC07523LS","VRC07523LS","0","0","0","ug/mL","2800","mg","2","0"
"6","Huynh_2026_VRC07523LS","VRC07523LS","0","4","28.612208","ug/mL","2800","mg","2","0"
"6","Huynh_2026_VRC07523LS","VRC07523LS","0","24","115.567423","ug/mL","2800","mg","2","0"
"6","Huynh_2026_VRC07523LS","VRC07523LS","0","72","245.013443","ug/mL","2800","mg","2","0"
"6","Huynh_2026_VRC07523LS","VRC07523LS","0","168","269.394268","ug/mL","2800","mg","2","0"
"6","Huynh_2026_VRC07523LS","VRC07523LS","0","336","140.387976","ug/mL","2800","mg","2","0"
"6","Huynh_2026_VRC07523LS","VRC07523LS","0","504","174.79695","ug/mL","2800","mg","2","0"
"6","Huynh_2026_VRC07523LS","VRC07523LS","0","672","97.023087","ug/mL","2800","mg","2","0"
"6","Huynh_2026_VRC07523LS","VRC07523LS","0","840","106.700357","ug/mL","2800","mg","2","0"
"6","Huynh_2026_VRC07523LS","VRC07523LS","0","1008","95.689607","ug/mL","2800","mg","2","0"
"6","Huynh_2026_VRC07523LS","VRC07523LS","0","1176","55.800906","ug/mL","2800","mg","2","0"
"6","Huynh_2026_VRC07523LS","VRC07523LS","0","1512","27.094196","ug/mL","2800","mg","2","0"
"6","Huynh_2026_VRC07523LS","VRC07523LS","0","2016","29.050134","ug/mL","2800","mg","2","0"
"6","Huynh_2026_VRC07523LS","VRC07523LS","0","2520","17.220377","ug/mL","2800","mg","2","0"
"7","Huynh_2026_VRC07523LS","VRC07523LS","1","0",".","ug/mL","2800","mg","2","."
"7","Huynh_2026_VRC07523LS","VRC07523LS","0","0","0","ug/mL","2800","mg","2","0"
"7","Huynh_2026_VRC07523LS","VRC07523LS","0","4","16.893383","ug/mL","2800","mg","2","0"
"7","Huynh_2026_VRC07523LS","VRC07523LS","0","24","131.747943","ug/mL","2800","mg","2","0"
"7","Huynh_2026_VRC07523LS","VRC07523LS","0","72","267.109164","ug/mL","2800","mg","2","0"
"7","Huynh_2026_VRC07523LS","VRC07523LS","0","168","135.211143","ug/mL","2800","mg","2","0"
"7","Huynh_2026_VRC07523LS","VRC07523LS","0","336","114.701309","ug/mL","2800","mg","2","0"
"7","Huynh_2026_VRC07523LS","VRC07523LS","0","504","117.914711","ug/mL","2800","mg","2","0"
"7","Huynh_2026_VRC07523LS","VRC07523LS","0","672","116.001363","ug/mL","2800","mg","2","0"
"7","Huynh_2026_VRC07523LS","VRC07523LS","0","840","70.576644","ug/mL","2800","mg","2","0"
"7","Huynh_2026_VRC07523LS","VRC07523LS","0","1008","68.387717","ug/mL","2800","mg","2","0"
"7","Huynh_2026_VRC07523LS","VRC07523LS","0","1176","46.731022","ug/mL","2800","mg","2","0"
"7","Huynh_2026_VRC07523LS","VRC07523LS","0","1512","31.792185","ug/mL","2800","mg","2","0"
"7","Huynh_2026_VRC07523LS","VRC07523LS","0","2016","23.938178","ug/mL","2800","mg","2","0"
"7","Huynh_2026_VRC07523LS","VRC07523LS","0","2520","11.150756","ug/mL","2800","mg","2","0"
"8","Huynh_2026_VRC07523LS","VRC07523LS","1","0",".","ug/mL","2800","mg","2","."
"8","Huynh_2026_VRC07523LS","VRC07523LS","0","0","0","ug/mL","2800","mg","2","0"
"8","Huynh_2026_VRC07523LS","VRC07523LS","0","4","29.703799","ug/mL","2800","mg","2","0"
"8","Huynh_2026_VRC07523LS","VRC07523LS","0","24","133.750464","ug/mL","2800","mg","2","0"
"8","Huynh_2026_VRC07523LS","VRC07523LS","0","72","320.780919","ug/mL","2800","mg","2","0"
"8","Huynh_2026_VRC07523LS","VRC07523LS","0","168","185.91314","ug/mL","2800","mg","2","0"
"8","Huynh_2026_VRC07523LS","VRC07523LS","0","336","200.932301","ug/mL","2800","mg","2","0"
"8","Huynh_2026_VRC07523LS","VRC07523LS","0","504","174.727532","ug/mL","2800","mg","2","0"
"8","Huynh_2026_VRC07523LS","VRC07523LS","0","672","103.082064","ug/mL","2800","mg","2","0"
"8","Huynh_2026_VRC07523LS","VRC07523LS","0","840","100.618159","ug/mL","2800","mg","2","0"
"8","Huynh_2026_VRC07523LS","VRC07523LS","0","1008","53.600597","ug/mL","2800","mg","2","0"
"8","Huynh_2026_VRC07523LS","VRC07523LS","0","1176","74.333416","ug/mL","2800","mg","2","0"
"8","Huynh_2026_VRC07523LS","VRC07523LS","0","1512","34.798503","ug/mL","2800","mg","2","0"
"8","Huynh_2026_VRC07523LS","VRC07523LS","0","2016","30.126344","ug/mL","2800","mg","2","0"
"8","Huynh_2026_VRC07523LS","VRC07523LS","0","2520","21.684608","ug/mL","2800","mg","2","0"
"9","Huynh_2026_VRC07523LS","VRC07523LS","1","0",".","ug/mL","2800","mg","2","."
"9","Huynh_2026_VRC07523LS","VRC07523LS","0","0","0","ug/mL","2800","mg","2","0"
"9","Huynh_2026_VRC07523LS","VRC07523LS","0","4","21.653279","ug/mL","2800","mg","2","0"
"9","Huynh_2026_VRC07523LS","VRC07523LS","0","24","88.512776","ug/mL","2800","mg","2","0"
"9","Huynh_2026_VRC07523LS","VRC07523LS","0","72","314.956635","ug/mL","2800","mg","2","0"
"9","Huynh_2026_VRC07523LS","VRC07523LS","0","168","203.186493","ug/mL","2800","mg","2","0"
"9","Huynh_2026_VRC07523LS","VRC07523LS","0","336","214.780165","ug/mL","2800","mg","2","0"
"9","Huynh_2026_VRC07523LS","VRC07523LS","0","504","179.646712","ug/mL","2800","mg","2","0"
"9","Huynh_2026_VRC07523LS","VRC07523LS","0","672","122.318881","ug/mL","2800","mg","2","0"
"9","Huynh_2026_VRC07523LS","VRC07523LS","0","840","102.968566","ug/mL","2800","mg","2","0"
"9","Huynh_2026_VRC07523LS","VRC07523LS","0","1008","102.188635","ug/mL","2800","mg","2","0"
"9","Huynh_2026_VRC07523LS","VRC07523LS","0","1176","52.922361","ug/mL","2800","mg","2","0"
"9","Huynh_2026_VRC07523LS","VRC07523LS","0","1512","70.874532","ug/mL","2800","mg","2","0"
"9","Huynh_2026_VRC07523LS","VRC07523LS","0","2016","29.396892","ug/mL","2800","mg","2","0"
"9","Huynh_2026_VRC07523LS","VRC07523LS","0","2520","36.580391","ug/mL","2800","mg","2","0"
"10","Huynh_2026_VRC07523LS","VRC07523LS","1","0",".","ug/mL","2800","mg","2","."
"10","Huynh_2026_VRC07523LS","VRC07523LS","0","0","0","ug/mL","2800","mg","2","0"
"10","Huynh_2026_VRC07523LS","VRC07523LS","0","4","15.374731","ug/mL","2800","mg","2","0"
"10","Huynh_2026_VRC07523LS","VRC07523LS","0","24","98.94981","ug/mL","2800","mg","2","0"
"10","Huynh_2026_VRC07523LS","VRC07523LS","0","72","189.00096","ug/mL","2800","mg","2","0"
"10","Huynh_2026_VRC07523LS","VRC07523LS","0","168","139.203579","ug/mL","2800","mg","2","0"
"10","Huynh_2026_VRC07523LS","VRC07523LS","0","336","127.954498","ug/mL","2800","mg","2","0"
"10","Huynh_2026_VRC07523LS","VRC07523LS","0","504","136.425824","ug/mL","2800","mg","2","0"
"10","Huynh_2026_VRC07523LS","VRC07523LS","0","672","126.019003","ug/mL","2800","mg","2","0"
"10","Huynh_2026_VRC07523LS","VRC07523LS","0","840","91.215658","ug/mL","2800","mg","2","0"
"10","Huynh_2026_VRC07523LS","VRC07523LS","0","1008","103.57005","ug/mL","2800","mg","2","0"
"10","Huynh_2026_VRC07523LS","VRC07523LS","0","1176","89.526089","ug/mL","2800","mg","2","0"
"10","Huynh_2026_VRC07523LS","VRC07523LS","0","1512","83.35848","ug/mL","2800","mg","2","0"
"10","Huynh_2026_VRC07523LS","VRC07523LS","0","2016","32.223481","ug/mL","2800","mg","2","0"
"10","Huynh_2026_VRC07523LS","VRC07523LS","0","2520","44.384298","ug/mL","2800","mg","2","0"
"1","Yamada_2025_zolbetuximab","zolbetuximab","1","0",".","ug/mL","1000","mg","1","."
"1","Yamada_2025_zolbetuximab","zolbetuximab","0","0","129.945479","ug/mL","1000","mg","1","0"
"1","Yamada_2025_zolbetuximab","zolbetuximab","0","4","30.069319","ug/mL","1000","mg","1","0"
"1","Yamada_2025_zolbetuximab","zolbetuximab","0","24","120.769244","ug/mL","1000","mg","1","0"
"1","Yamada_2025_zolbetuximab","zolbetuximab","0","72","70.924975","ug/mL","1000","mg","1","0"
"1","Yamada_2025_zolbetuximab","zolbetuximab","0","168","33.526104","ug/mL","1000","mg","1","0"
"1","Yamada_2025_zolbetuximab","zolbetuximab","0","336","31.926296","ug/mL","1000","mg","1","0"
"1","Yamada_2025_zolbetuximab","zolbetuximab","0","504","10.82823","ug/mL","1000","mg","1","0"
"1","Yamada_2025_zolbetuximab","zolbetuximab","0","672","10.813632","ug/mL","1000","mg","1","0"
"1","Yamada_2025_zolbetuximab","zolbetuximab","0","840","5.814771","ug/mL","1000","mg","1","0"
"1","Yamada_2025_zolbetuximab","zolbetuximab","0","1008","6.639953","ug/mL","1000","mg","1","0"
"1","Yamada_2025_zolbetuximab","zolbetuximab","0","1176","2.873755","ug/mL","1000","mg","1","0"
"1","Yamada_2025_zolbetuximab","zolbetuximab","0","1512","0.415289","ug/mL","1000","mg","1","0"
"1","Yamada_2025_zolbetuximab","zolbetuximab","0","2016","0","ug/mL","1000","mg","1","1"
"1","Yamada_2025_zolbetuximab","zolbetuximab","0","2520","0","ug/mL","1000","mg","1","1"
"2","Yamada_2025_zolbetuximab","zolbetuximab","1","0",".","ug/mL","1000","mg","1","."
"2","Yamada_2025_zolbetuximab","zolbetuximab","0","0","100.533451","ug/mL","1000","mg","1","0"
"2","Yamada_2025_zolbetuximab","zolbetuximab","0","4","145.412528","ug/mL","1000","mg","1","0"
"2","Yamada_2025_zolbetuximab","zolbetuximab","0","24","106.24105","ug/mL","1000","mg","1","0"
"2","Yamada_2025_zolbetuximab","zolbetuximab","0","72","141.571808","ug/mL","1000","mg","1","0"
"2","Yamada_2025_zolbetuximab","zolbetuximab","0","168","101.97019","ug/mL","1000","mg","1","0"
"2","Yamada_2025_zolbetuximab","zolbetuximab","0","336","61.89862","ug/mL","1000","mg","1","0"
"2","Yamada_2025_zolbetuximab","zolbetuximab","0","504","27.236284","ug/mL","1000","mg","1","0"
"2","Yamada_2025_zolbetuximab","zolbetuximab","0","672","44.02098","ug/mL","1000","mg","1","0"
"2","Yamada_2025_zolbetuximab","zolbetuximab","0","840","34.314667","ug/mL","1000","mg","1","0"
"2","Yamada_2025_zolbetuximab","zolbetuximab","0","1008","29.541347","ug/mL","1000","mg","1","0"
"2","Yamada_2025_zolbetuximab","zolbetuximab","0","1176","8.423109","ug/mL","1000","mg","1","0"
"2","Yamada_2025_zolbetuximab","zolbetuximab","0","1512","21.936997","ug/mL","1000","mg","1","0"
"2","Yamada_2025_zolbetuximab","zolbetuximab","0","2016","8.759465","ug/mL","1000","mg","1","0"
"2","Yamada_2025_zolbetuximab","zolbetuximab","0","2520","0","ug/mL","1000","mg","1","1"
"3","Yamada_2025_zolbetuximab","zolbetuximab","1","0",".","ug/mL","1000","mg","1","."
"3","Yamada_2025_zolbetuximab","zolbetuximab","0","0","198.26047","ug/mL","1000","mg","1","0"
"3","Yamada_2025_zolbetuximab","zolbetuximab","0","4","72.82309","ug/mL","1000","mg","1","0"
"3","Yamada_2025_zolbetuximab","zolbetuximab","0","24","117.530161","ug/mL","1000","mg","1","0"
"3","Yamada_2025_zolbetuximab","zolbetuximab","0","72","128.693907","ug/mL","1000","mg","1","0"
"3","Yamada_2025_zolbetuximab","zolbetuximab","0","168","63.65682","ug/mL","1000","mg","1","0"
"3","Yamada_2025_zolbetuximab","zolbetuximab","0","336","17.457353","ug/mL","1000","mg","1","0"
"3","Yamada_2025_zolbetuximab","zolbetuximab","0","504","13.006213","ug/mL","1000","mg","1","0"
"3","Yamada_2025_zolbetuximab","zolbetuximab","0","672","9.713036","ug/mL","1000","mg","1","0"
"3","Yamada_2025_zolbetuximab","zolbetuximab","0","840","0","ug/mL","1000","mg","1","1"
"3","Yamada_2025_zolbetuximab","zolbetuximab","0","1008","2.863139","ug/mL","1000","mg","1","0"
"3","Yamada_2025_zolbetuximab","zolbetuximab","0","1176","0","ug/mL","1000","mg","1","1"
"3","Yamada_2025_zolbetuximab","zolbetuximab","0","1512","0","ug/mL","1000","mg","1","1"
"3","Yamada_2025_zolbetuximab","zolbetuximab","0","2016","6.25279","ug/mL","1000","mg","1","0"
"3","Yamada_2025_zolbetuximab","zolbetuximab","0","2520","0","ug/mL","1000","mg","1","1"
"4","Yamada_2025_zolbetuximab","zolbetuximab","1","0",".","ug/mL","1000","mg","1","."
"4","Yamada_2025_zolbetuximab","zolbetuximab","0","0","118.256762","ug/mL","1000","mg","1","0"
"4","Yamada_2025_zolbetuximab","zolbetuximab","0","4","177.094072","ug/mL","1000","mg","1","0"
"4","Yamada_2025_zolbetuximab","zolbetuximab","0","24","161.023923","ug/mL","1000","mg","1","0"
"4","Yamada_2025_zolbetuximab","zolbetuximab","0","72","65.465385","ug/mL","1000","mg","1","0"
"4","Yamada_2025_zolbetuximab","zolbetuximab","0","168","89.147518","ug/mL","1000","mg","1","0"
"4","Yamada_2025_zolbetuximab","zolbetuximab","0","336","75.454829","ug/mL","1000","mg","1","0"
"4","Yamada_2025_zolbetuximab","zolbetuximab","0","504","33.984947","ug/mL","1000","mg","1","0"
"4","Yamada_2025_zolbetuximab","zolbetuximab","0","672","10.205501","ug/mL","1000","mg","1","0"
"4","Yamada_2025_zolbetuximab","zolbetuximab","0","840","24.820779","ug/mL","1000","mg","1","0"
"4","Yamada_2025_zolbetuximab","zolbetuximab","0","1008","21.893137","ug/mL","1000","mg","1","0"
"4","Yamada_2025_zolbetuximab","zolbetuximab","0","1176","14.866942","ug/mL","1000","mg","1","0"
"4","Yamada_2025_zolbetuximab","zolbetuximab","0","1512","4.899533","ug/mL","1000","mg","1","0"
"4","Yamada_2025_zolbetuximab","zolbetuximab","0","2016","0","ug/mL","1000","mg","1","1"
"4","Yamada_2025_zolbetuximab","zolbetuximab","0","2520","10.578789","ug/mL","1000","mg","1","0"
"5","Yamada_2025_zolbetuximab","zolbetuximab","1","0",".","ug/mL","1000","mg","1","."
"5","Yamada_2025_zolbetuximab","zolbetuximab","0","0","114.38101","ug/mL","1000","mg","1","0"
"5","Yamada_2025_zolbetuximab","zolbetuximab","0","4","182.557898","ug/mL","1000","mg","1","0"
"5","Yamada_2025_zolbetuximab","zolbetuximab","0","24","121.087002","ug/mL","1000","mg","1","0"
"5","Yamada_2025_zolbetuximab","zolbetuximab","0","72","93.114582","ug/mL","1000","mg","1","0"
"5","Yamada_2025_zolbetuximab","zolbetuximab","0","168","89.106962","ug/mL","1000","mg","1","0"
"5","Yamada_2025_zolbetuximab","zolbetuximab","0","336","58.359366","ug/mL","1000","mg","1","0"
"5","Yamada_2025_zolbetuximab","zolbetuximab","0","504","18.089021","ug/mL","1000","mg","1","0"
"5","Yamada_2025_zolbetuximab","zolbetuximab","0","672","38.243773","ug/mL","1000","mg","1","0"
"5","Yamada_2025_zolbetuximab","zolbetuximab","0","840","37.045844","ug/mL","1000","mg","1","0"
"5","Yamada_2025_zolbetuximab","zolbetuximab","0","1008","9.076733","ug/mL","1000","mg","1","0"
"5","Yamada_2025_zolbetuximab","zolbetuximab","0","1176","26.894462","ug/mL","1000","mg","1","0"
"5","Yamada_2025_zolbetuximab","zolbetuximab","0","1512","17.341274","ug/mL","1000","mg","1","0"
"5","Yamada_2025_zolbetuximab","zolbetuximab","0","2016","5.990176","ug/mL","1000","mg","1","0"
"5","Yamada_2025_zolbetuximab","zolbetuximab","0","2520","12.61008","ug/mL","1000","mg","1","0"
"6","Yamada_2025_zolbetuximab","zolbetuximab","1","0",".","ug/mL","1000","mg","1","."
"6","Yamada_2025_zolbetuximab","zolbetuximab","0","0","96.657229","ug/mL","1000","mg","1","0"
"6","Yamada_2025_zolbetuximab","zolbetuximab","0","4","173.649276","ug/mL","1000","mg","1","0"
"6","Yamada_2025_zolbetuximab","zolbetuximab","0","24","112.126952","ug/mL","1000","mg","1","0"
"6","Yamada_2025_zolbetuximab","zolbetuximab","0","72","78.062591","ug/mL","1000","mg","1","0"
"6","Yamada_2025_zolbetuximab","zolbetuximab","0","168","62.570434","ug/mL","1000","mg","1","0"
"6","Yamada_2025_zolbetuximab","zolbetuximab","0","336","14.39585","ug/mL","1000","mg","1","0"
"6","Yamada_2025_zolbetuximab","zolbetuximab","0","504","20.090609","ug/mL","1000","mg","1","0"
"6","Yamada_2025_zolbetuximab","zolbetuximab","0","672","4.219648","ug/mL","1000","mg","1","0"
"6","Yamada_2025_zolbetuximab","zolbetuximab","0","840","11.591694","ug/mL","1000","mg","1","0"
"6","Yamada_2025_zolbetuximab","zolbetuximab","0","1008","1.927376","ug/mL","1000","mg","1","0"
"6","Yamada_2025_zolbetuximab","zolbetuximab","0","1176","10.033305","ug/mL","1000","mg","1","0"
"6","Yamada_2025_zolbetuximab","zolbetuximab","0","1512","10.387071","ug/mL","1000","mg","1","0"
"6","Yamada_2025_zolbetuximab","zolbetuximab","0","2016","0.020793","ug/mL","1000","mg","1","0"
"6","Yamada_2025_zolbetuximab","zolbetuximab","0","2520","0","ug/mL","1000","mg","1","1"
"7","Yamada_2025_zolbetuximab","zolbetuximab","1","0",".","ug/mL","1000","mg","1","."
"7","Yamada_2025_zolbetuximab","zolbetuximab","0","0","161.709908","ug/mL","1000","mg","1","0"
"7","Yamada_2025_zolbetuximab","zolbetuximab","0","4","115.562417","ug/mL","1000","mg","1","0"
"7","Yamada_2025_zolbetuximab","zolbetuximab","0","24","133.892728","ug/mL","1000","mg","1","0"
"7","Yamada_2025_zolbetuximab","zolbetuximab","0","72","94.636692","ug/mL","1000","mg","1","0"
"7","Yamada_2025_zolbetuximab","zolbetuximab","0","168","30.442611","ug/mL","1000","mg","1","0"
"7","Yamada_2025_zolbetuximab","zolbetuximab","0","336","44.841162","ug/mL","1000","mg","1","0"
"7","Yamada_2025_zolbetuximab","zolbetuximab","0","504","30.901654","ug/mL","1000","mg","1","0"
"7","Yamada_2025_zolbetuximab","zolbetuximab","0","672","14.28236","ug/mL","1000","mg","1","0"
"7","Yamada_2025_zolbetuximab","zolbetuximab","0","840","11.719421","ug/mL","1000","mg","1","0"
"7","Yamada_2025_zolbetuximab","zolbetuximab","0","1008","7.719783","ug/mL","1000","mg","1","0"
"7","Yamada_2025_zolbetuximab","zolbetuximab","0","1176","0.125934","ug/mL","1000","mg","1","0"
"7","Yamada_2025_zolbetuximab","zolbetuximab","0","1512","5.98531","ug/mL","1000","mg","1","0"
"7","Yamada_2025_zolbetuximab","zolbetuximab","0","2016","0","ug/mL","1000","mg","1","1"
"7","Yamada_2025_zolbetuximab","zolbetuximab","0","2520","3.374956","ug/mL","1000","mg","1","0"
"8","Yamada_2025_zolbetuximab","zolbetuximab","1","0",".","ug/mL","1000","mg","1","."
"8","Yamada_2025_zolbetuximab","zolbetuximab","0","0","138.42458","ug/mL","1000","mg","1","0"
"8","Yamada_2025_zolbetuximab","zolbetuximab","0","4","77.678572","ug/mL","1000","mg","1","0"
"8","Yamada_2025_zolbetuximab","zolbetuximab","0","24","114.766885","ug/mL","1000","mg","1","0"
"8","Yamada_2025_zolbetuximab","zolbetuximab","0","72","52.720013","ug/mL","1000","mg","1","0"
"8","Yamada_2025_zolbetuximab","zolbetuximab","0","168","22.765994","ug/mL","1000","mg","1","0"
"8","Yamada_2025_zolbetuximab","zolbetuximab","0","336","18.66821","ug/mL","1000","mg","1","0"
"8","Yamada_2025_zolbetuximab","zolbetuximab","0","504","6.980593","ug/mL","1000","mg","1","0"
"8","Yamada_2025_zolbetuximab","zolbetuximab","0","672","3.907842","ug/mL","1000","mg","1","0"
"8","Yamada_2025_zolbetuximab","zolbetuximab","0","840","5.602775","ug/mL","1000","mg","1","0"
"8","Yamada_2025_zolbetuximab","zolbetuximab","0","1008","1.54924","ug/mL","1000","mg","1","0"
"8","Yamada_2025_zolbetuximab","zolbetuximab","0","1176","0","ug/mL","1000","mg","1","1"
"8","Yamada_2025_zolbetuximab","zolbetuximab","0","1512","0","ug/mL","1000","mg","1","1"
"8","Yamada_2025_zolbetuximab","zolbetuximab","0","2016","4.95025","ug/mL","1000","mg","1","0"
"8","Yamada_2025_zolbetuximab","zolbetuximab","0","2520","4.902067","ug/mL","1000","mg","1","0"
"9","Yamada_2025_zolbetuximab","zolbetuximab","1","0",".","ug/mL","1000","mg","1","."
"9","Yamada_2025_zolbetuximab","zolbetuximab","0","0","116.193335","ug/mL","1000","mg","1","0"
"9","Yamada_2025_zolbetuximab","zolbetuximab","0","4","105.422331","ug/mL","1000","mg","1","0"
"9","Yamada_2025_zolbetuximab","zolbetuximab","0","24","136.019215","ug/mL","1000","mg","1","0"
"9","Yamada_2025_zolbetuximab","zolbetuximab","0","72","97.430937","ug/mL","1000","mg","1","0"
"9","Yamada_2025_zolbetuximab","zolbetuximab","0","168","117.444646","ug/mL","1000","mg","1","0"
"9","Yamada_2025_zolbetuximab","zolbetuximab","0","336","65.455547","ug/mL","1000","mg","1","0"
"9","Yamada_2025_zolbetuximab","zolbetuximab","0","504","46.840929","ug/mL","1000","mg","1","0"
"9","Yamada_2025_zolbetuximab","zolbetuximab","0","672","22.264908","ug/mL","1000","mg","1","0"
"9","Yamada_2025_zolbetuximab","zolbetuximab","0","840","33.65539","ug/mL","1000","mg","1","0"
"9","Yamada_2025_zolbetuximab","zolbetuximab","0","1008","42.885575","ug/mL","1000","mg","1","0"
"9","Yamada_2025_zolbetuximab","zolbetuximab","0","1176","23.949964","ug/mL","1000","mg","1","0"
"9","Yamada_2025_zolbetuximab","zolbetuximab","0","1512","15.189304","ug/mL","1000","mg","1","0"
"9","Yamada_2025_zolbetuximab","zolbetuximab","0","2016","7.700865","ug/mL","1000","mg","1","0"
"9","Yamada_2025_zolbetuximab","zolbetuximab","0","2520","0","ug/mL","1000","mg","1","1"
"10","Yamada_2025_zolbetuximab","zolbetuximab","1","0",".","ug/mL","1000","mg","1","."
"10","Yamada_2025_zolbetuximab","zolbetuximab","0","0","111.709424","ug/mL","1000","mg","1","0"
"10","Yamada_2025_zolbetuximab","zolbetuximab","0","4","115.641334","ug/mL","1000","mg","1","0"
"10","Yamada_2025_zolbetuximab","zolbetuximab","0","24","0","ug/mL","1000","mg","1","1"
"10","Yamada_2025_zolbetuximab","zolbetuximab","0","72","67.912797","ug/mL","1000","mg","1","0"
"10","Yamada_2025_zolbetuximab","zolbetuximab","0","168","39.600543","ug/mL","1000","mg","1","0"
"10","Yamada_2025_zolbetuximab","zolbetuximab","0","336","58.233436","ug/mL","1000","mg","1","0"
"10","Yamada_2025_zolbetuximab","zolbetuximab","0","504","14.429277","ug/mL","1000","mg","1","0"
"10","Yamada_2025_zolbetuximab","zolbetuximab","0","672","13.388261","ug/mL","1000","mg","1","0"
"10","Yamada_2025_zolbetuximab","zolbetuximab","0","840","15.887693","ug/mL","1000","mg","1","0"
"10","Yamada_2025_zolbetuximab","zolbetuximab","0","1008","11.86233","ug/mL","1000","mg","1","0"
"10","Yamada_2025_zolbetuximab","zolbetuximab","0","1176","12.787995","ug/mL","1000","mg","1","0"
"10","Yamada_2025_zolbetuximab","zolbetuximab","0","1512","5.427853","ug/mL","1000","mg","1","0"
"10","Yamada_2025_zolbetuximab","zolbetuximab","0","2016","1.232124","ug/mL","1000","mg","1","0"
"10","Yamada_2025_zolbetuximab","zolbetuximab","0","2520","2.74383","ug/mL","1000","mg","1","0"
